Worker 0/2: 25/25 models pending
Loading L_n eval set (500 train samples, seed=99)...
Loading OOD probe set (200 samples)...
Loading full train set for SGLD gradient steps...
SGLD: eps=3e-06, gamma=5000.0, nbeta=100.0, steps=1000, burn_in=200, sgld_bs=256

[1/25] model 1028e632
  layer=0 head=0
      draw 100/800  L_train=0.000000 (w*=0.000000)  phi_std=0.000000
      draw 200/800  L_train=0.000000 (w*=0.000000)  phi_std=0.000000
      draw 300/800  L_train=0.000000 (w*=0.000000)  phi_std=0.000000
      draw 400/800  L_train=0.000000 (w*=0.000000)  phi_std=0.000000
      draw 500/800  L_train=0.000000 (w*=0.000000)  phi_std=0.000000
      draw 600/800  L_train=0.000000 (w*=0.000000)  phi_std=0.000000
      draw 700/800  L_train=0.000000 (w*=0.000000)  phi_std=0.000000
      draw 800/800  L_train=0.000000 (w*=0.000000)  phi_std=0.000000
    chi[0,0]: mean=0.00e+00  std=0.00e+00  L_train mean=0.000000  L_train std=0.000000  L_train(w*)=0.000000
  layer=0 head=1
      draw 100/800  L_train=0.000000 (w*=0.000000)  phi_std=0.000000
      draw 200/800  L_train=0.000000 (w*=0.000000)  phi_std=0.000000
      draw 300/800  L_train=0.000000 (w*=0.000000)  phi_std=0.000000
      draw 400/800  L_train=0.000000 (w*=0.000000)  phi_std=0.000000
      draw 500/800  L_train=0.000000 (w*=0.000000)  phi_std=0.000000
      draw 600/800  L_train=0.000000 (w*=0.000000)  phi_std=0.000000
      draw 700/800  L_train=0.000000 (w*=0.000000)  phi_std=0.000000
      draw 800/800  L_train=0.000000 (w*=0.000000)  phi_std=0.000000
    chi[0,1]: mean=0.00e+00  std=0.00e+00  L_train mean=0.000000  L_train std=0.000000  L_train(w*)=0.000000
  layer=0 head=2
      draw 100/800  L_train=0.000000 (w*=0.000000)  phi_std=0.000000
      draw 200/800  L_train=0.000000 (w*=0.000000)  phi_std=0.000000
      draw 300/800  L_train=0.000000 (w*=0.000000)  phi_std=0.000000
      draw 400/800  L_train=0.000000 (w*=0.000000)  phi_std=0.000000
      draw 500/800  L_train=0.000000 (w*=0.000000)  phi_std=0.000000
      draw 600/800  L_train=0.000000 (w*=0.000000)  phi_std=0.000000
      draw 700/800  L_train=0.000000 (w*=0.000000)  phi_std=0.000000
      draw 800/800  L_train=0.000000 (w*=0.000000)  phi_std=0.000000
    chi[0,2]: mean=0.00e+00  std=0.00e+00  L_train mean=0.000000  L_train std=0.000000  L_train(w*)=0.000000
  layer=0 head=3
      draw 100/800  L_train=0.000000 (w*=0.000000)  phi_std=0.000000
      draw 200/800  L_train=0.000000 (w*=0.000000)  phi_std=0.000000
      draw 300/800  L_train=0.000000 (w*=0.000000)  phi_std=0.000000
      draw 400/800  L_train=0.000000 (w*=0.000000)  phi_std=0.000000
      draw 500/800  L_train=0.000000 (w*=0.000000)  phi_std=0.000000
      draw 600/800  L_train=0.000000 (w*=0.000000)  phi_std=0.000000
      draw 700/800  L_train=0.000000 (w*=0.000000)  phi_std=0.000000
      draw 800/800  L_train=0.000000 (w*=0.000000)  phi_std=0.000000
    chi[0,3]: mean=0.00e+00  std=0.00e+00  L_train mean=0.000000  L_train std=0.000000  L_train(w*)=0.000000
  layer=1 head=0
      draw 100/800  L_train=0.000000 (w*=0.000000)  phi_std=0.000000
      draw 200/800  L_train=0.000000 (w*=0.000000)  phi_std=0.000000
      draw 300/800  L_train=0.000000 (w*=0.000000)  phi_std=0.000000
      draw 400/800  L_train=0.000000 (w*=0.000000)  phi_std=0.000197
      draw 500/800  L_train=0.000000 (w*=0.000000)  phi_std=0.000176
      draw 600/800  L_train=0.000000 (w*=0.000000)  phi_std=0.000161
      draw 700/800  L_train=0.000000 (w*=0.000000)  phi_std=0.000149
      draw 800/800  L_train=0.000000 (w*=0.000000)  phi_std=0.000140
    chi[1,0]: mean=1.51e-05  std=5.08e-05  L_train mean=0.000008  L_train std=0.000140  L_train(w*)=0.000000
  layer=1 head=1
      draw 100/800  L_train=0.000000 (w*=0.000000)  phi_std=0.000000
      draw 200/800  L_train=0.000000 (w*=0.000000)  phi_std=0.000000
      draw 300/800  L_train=0.000000 (w*=0.000000)  phi_std=0.000000
      draw 400/800  L_train=0.000000 (w*=0.000000)  phi_std=0.000000
      draw 500/800  L_train=0.000000 (w*=0.000000)  phi_std=0.000000
      draw 600/800  L_train=0.000000 (w*=0.000000)  phi_std=0.000000
      draw 700/800  L_train=0.000000 (w*=0.000000)  phi_std=0.000000
      draw 800/800  L_train=0.000000 (w*=0.000000)  phi_std=0.000000
    chi[1,1]: mean=4.32e-09  std=1.71e-08  L_train mean=0.000000  L_train std=0.000000  L_train(w*)=0.000000
  layer=1 head=2
      draw 100/800  L_train=0.000000 (w*=0.000000)  phi_std=0.000000
      draw 200/800  L_train=0.000000 (w*=0.000000)  phi_std=0.000000
      draw 300/800  L_train=0.000000 (w*=0.000000)  phi_std=0.000000
      draw 400/800  L_train=0.000000 (w*=0.000000)  phi_std=0.000000
      draw 500/800  L_train=0.000000 (w*=0.000000)  phi_std=0.000000
      draw 600/800  L_train=0.000000 (w*=0.000000)  phi_std=0.000000
      draw 700/800  L_train=0.000000 (w*=0.000000)  phi_std=0.000000
      draw 800/800  L_train=0.000000 (w*=0.000000)  phi_std=0.000000
    chi[1,2]: mean=3.75e-11  std=3.47e-10  L_train mean=0.000000  L_train std=0.000000  L_train(w*)=0.000000
  layer=1 head=3
      draw 100/800  L_train=0.000000 (w*=0.000000)  phi_std=0.000000
      draw 200/800  L_train=0.000000 (w*=0.000000)  phi_std=0.000000
      draw 300/800  L_train=0.000000 (w*=0.000000)  phi_std=0.000000
      draw 400/800  L_train=0.000000 (w*=0.000000)  phi_std=0.000000
      draw 500/800  L_train=0.000000 (w*=0.000000)  phi_std=0.000000
      draw 600/800  L_train=0.000000 (w*=0.000000)  phi_std=0.000001
      draw 700/800  L_train=0.000000 (w*=0.000000)  phi_std=0.000001
      draw 800/800  L_train=0.000000 (w*=0.000000)  phi_std=0.000001
    chi[1,3]: mean=4.03e-08  std=2.28e-07  L_train mean=0.000000  L_train std=0.000001  L_train(w*)=0.000000
  layer=2 head=0
      draw 100/800  L_train=0.000000 (w*=0.000000)  phi_std=0.000000
      draw 200/800  L_train=0.000000 (w*=0.000000)  phi_std=0.000000
      draw 300/800  L_train=0.000000 (w*=0.000000)  phi_std=0.000000
      draw 400/800  L_train=0.000000 (w*=0.000000)  phi_std=0.000000
      draw 500/800  L_train=0.000000 (w*=0.000000)  phi_std=0.000000
      draw 600/800  L_train=0.000000 (w*=0.000000)  phi_std=0.000000
      draw 700/800  L_train=0.000000 (w*=0.000000)  phi_std=0.000000
      draw 800/800  L_train=0.000000 (w*=0.000000)  phi_std=0.000000
    chi[2,0]: mean=0.00e+00  std=0.00e+00  L_train mean=0.000000  L_train std=0.000000  L_train(w*)=0.000000
  layer=2 head=1
      draw 100/800  L_train=0.000000 (w*=0.000000)  phi_std=0.000000
      draw 200/800  L_train=0.000000 (w*=0.000000)  phi_std=0.000000
      draw 300/800  L_train=0.000000 (w*=0.000000)  phi_std=0.000000
      draw 400/800  L_train=0.000000 (w*=0.000000)  phi_std=0.000000
      draw 500/800  L_train=0.000000 (w*=0.000000)  phi_std=0.000000
      draw 600/800  L_train=0.000000 (w*=0.000000)  phi_std=0.000000
      draw 700/800  L_train=0.000000 (w*=0.000000)  phi_std=0.000000
      draw 800/800  L_train=0.000000 (w*=0.000000)  phi_std=0.000000
    chi[2,1]: mean=0.00e+00  std=0.00e+00  L_train mean=0.000000  L_train std=0.000000  L_train(w*)=0.000000
  layer=2 head=2
      draw 100/800  L_train=0.000000 (w*=0.000000)  phi_std=0.000000
      draw 200/800  L_train=0.000000 (w*=0.000000)  phi_std=0.000000
      draw 300/800  L_train=0.000000 (w*=0.000000)  phi_std=0.000000
      draw 400/800  L_train=0.000000 (w*=0.000000)  phi_std=0.000000
      draw 500/800  L_train=0.000000 (w*=0.000000)  phi_std=0.000000
      draw 600/800  L_train=0.000000 (w*=0.000000)  phi_std=0.000000
      draw 700/800  L_train=0.000000 (w*=0.000000)  phi_std=0.000000
      draw 800/800  L_train=0.000000 (w*=0.000000)  phi_std=0.000000
    chi[2,2]: mean=0.00e+00  std=0.00e+00  L_train mean=0.000000  L_train std=0.000000  L_train(w*)=0.000000
  layer=2 head=3
      draw 100/800  L_train=0.000000 (w*=0.000000)  phi_std=0.000000
      draw 200/800  L_train=0.000000 (w*=0.000000)  phi_std=0.000000
      draw 300/800  L_train=0.000000 (w*=0.000000)  phi_std=0.000000
      draw 400/800  L_train=0.000000 (w*=0.000000)  phi_std=0.000000
      draw 500/800  L_train=0.000000 (w*=0.000000)  phi_std=0.000000
      draw 600/800  L_train=0.000000 (w*=0.000000)  phi_std=0.000000
      draw 700/800  L_train=0.000000 (w*=0.000000)  phi_std=0.000000
      draw 800/800  L_train=0.000000 (w*=0.000000)  phi_std=0.000000
    chi[2,3]: mean=0.00e+00  std=0.00e+00  L_train mean=0.000000  L_train std=0.000000  L_train(w*)=0.000000
  Saved /root/id-predict-ood/cptsusceptibility/results/1028e632_cpt.npy  shape=(3, 4, 200)

[2/25] model 1d0c7819
  layer=0 head=0
      draw 100/800  L_train=0.000027 (w*=0.000023)  phi_std=0.000002
      draw 200/800  L_train=0.000023 (w*=0.000023)  phi_std=0.000002
      draw 300/800  L_train=0.000020 (w*=0.000023)  phi_std=0.000003
      draw 400/800  L_train=0.000023 (w*=0.000023)  phi_std=0.000003
      draw 500/800  L_train=0.000022 (w*=0.000023)  phi_std=0.000003
      draw 600/800  L_train=0.000021 (w*=0.000023)  phi_std=0.000003
      draw 700/800  L_train=0.000021 (w*=0.000023)  phi_std=0.000003
      draw 800/800  L_train=0.000021 (w*=0.000023)  phi_std=0.000003
    chi[0,0]: mean=3.67e-08  std=2.88e-07  L_train mean=0.000024  L_train std=0.000003  L_train(w*)=0.000023
  layer=0 head=1
      draw 100/800  L_train=0.000023 (w*=0.000023)  phi_std=0.000001
      draw 200/800  L_train=0.000023 (w*=0.000023)  phi_std=0.000001
      draw 300/800  L_train=0.000023 (w*=0.000023)  phi_std=0.000001
      draw 400/800  L_train=0.000021 (w*=0.000023)  phi_std=0.000001
      draw 500/800  L_train=0.000023 (w*=0.000023)  phi_std=0.000002
      draw 600/800  L_train=0.000024 (w*=0.000023)  phi_std=0.000001
      draw 700/800  L_train=0.000023 (w*=0.000023)  phi_std=0.000001
      draw 800/800  L_train=0.000024 (w*=0.000023)  phi_std=0.000001
    chi[0,1]: mean=1.37e-08  std=8.05e-08  L_train mean=0.000022  L_train std=0.000001  L_train(w*)=0.000023
  layer=0 head=2
      draw 100/800  L_train=0.000022 (w*=0.000023)  phi_std=0.000001
      draw 200/800  L_train=0.000021 (w*=0.000023)  phi_std=0.000001
      draw 300/800  L_train=0.000021 (w*=0.000023)  phi_std=0.000001
      draw 400/800  L_train=0.000021 (w*=0.000023)  phi_std=0.000001
      draw 500/800  L_train=0.000023 (w*=0.000023)  phi_std=0.000001
      draw 600/800  L_train=0.000022 (w*=0.000023)  phi_std=0.000001
      draw 700/800  L_train=0.000022 (w*=0.000023)  phi_std=0.000001
      draw 800/800  L_train=0.000020 (w*=0.000023)  phi_std=0.000001
    chi[0,2]: mean=6.17e-09  std=5.86e-08  L_train mean=0.000021  L_train std=0.000001  L_train(w*)=0.000023
  layer=0 head=3
      draw 100/800  L_train=0.000020 (w*=0.000023)  phi_std=0.000001
      draw 200/800  L_train=0.000022 (w*=0.000023)  phi_std=0.000002
      draw 300/800  L_train=0.000018 (w*=0.000023)  phi_std=0.000002
      draw 400/800  L_train=0.000021 (w*=0.000023)  phi_std=0.000002
      draw 500/800  L_train=0.000023 (w*=0.000023)  phi_std=0.000002
      draw 600/800  L_train=0.000022 (w*=0.000023)  phi_std=0.000002
      draw 700/800  L_train=0.000021 (w*=0.000023)  phi_std=0.000002
      draw 800/800  L_train=0.000024 (w*=0.000023)  phi_std=0.000002
    chi[0,3]: mean=2.16e-08  std=1.41e-07  L_train mean=0.000022  L_train std=0.000002  L_train(w*)=0.000023
  layer=1 head=0
      draw 100/800  L_train=0.000104 (w*=0.000023)  phi_std=0.000039
      draw 200/800  L_train=0.000033 (w*=0.000023)  phi_std=0.000208
      draw 300/800  L_train=0.000021 (w*=0.000023)  phi_std=0.000184
      draw 400/800  L_train=0.000036 (w*=0.000023)  phi_std=0.000165
      draw 500/800  L_train=0.000054 (w*=0.000023)  phi_std=0.000150
      draw 600/800  L_train=0.000028 (w*=0.000023)  phi_std=0.000139
      draw 700/800  L_train=0.000057 (w*=0.000023)  phi_std=0.000130
      draw 800/800  L_train=0.000031 (w*=0.000023)  phi_std=0.000122
    chi[1,0]: mean=1.18e-05  std=3.38e-05  L_train mean=0.000076  L_train std=0.000122  L_train(w*)=0.000023
  layer=1 head=1
      draw 100/800  L_train=0.000052 (w*=0.000023)  phi_std=0.000064
      draw 200/800  L_train=0.000022 (w*=0.000023)  phi_std=0.000052
      draw 300/800  L_train=0.000025 (w*=0.000023)  phi_std=0.000045
      draw 400/800  L_train=0.000029 (w*=0.000023)  phi_std=0.000039
      draw 500/800  L_train=0.000025 (w*=0.000023)  phi_std=0.000046
      draw 600/800  L_train=0.000019 (w*=0.000023)  phi_std=0.000043
      draw 700/800  L_train=0.000020 (w*=0.000023)  phi_std=0.000040
      draw 800/800  L_train=0.000051 (w*=0.000023)  phi_std=0.000038
    chi[1,1]: mean=5.52e-06  std=1.60e-05  L_train mean=0.000041  L_train std=0.000038  L_train(w*)=0.000023
  layer=1 head=2
      draw 100/800  L_train=0.000025 (w*=0.000023)  phi_std=0.000003
      draw 200/800  L_train=0.000023 (w*=0.000023)  phi_std=0.000006
      draw 300/800  L_train=0.000017 (w*=0.000023)  phi_std=0.000008
      draw 400/800  L_train=0.000020 (w*=0.000023)  phi_std=0.000007
      draw 500/800  L_train=0.000020 (w*=0.000023)  phi_std=0.000056
      draw 600/800  L_train=0.000021 (w*=0.000023)  phi_std=0.000052
      draw 700/800  L_train=0.000020 (w*=0.000023)  phi_std=0.000048
      draw 800/800  L_train=0.000041 (w*=0.000023)  phi_std=0.000045
    chi[1,2]: mean=4.13e-06  std=1.18e-05  L_train mean=0.000036  L_train std=0.000045  L_train(w*)=0.000023
  layer=1 head=3
      draw 100/800  L_train=0.000035 (w*=0.000023)  phi_std=0.000089
      draw 200/800  L_train=0.000021 (w*=0.000023)  phi_std=0.000080
      draw 300/800  L_train=0.000097 (w*=0.000023)  phi_std=0.000070
      draw 400/800  L_train=0.000022 (w*=0.000023)  phi_std=0.000062
      draw 500/800  L_train=0.000022 (w*=0.000023)  phi_std=0.000057
      draw 600/800  L_train=0.000020 (w*=0.000023)  phi_std=0.000053
      draw 700/800  L_train=0.000021 (w*=0.000023)  phi_std=0.000061
      draw 800/800  L_train=0.000057 (w*=0.000023)  phi_std=0.000058
    chi[1,3]: mean=6.77e-06  std=1.91e-05  L_train mean=0.000050  L_train std=0.000058  L_train(w*)=0.000023
  layer=2 head=0
      draw 100/800  L_train=0.000021 (w*=0.000023)  phi_std=0.000001
      draw 200/800  L_train=0.000030 (w*=0.000023)  phi_std=0.000002
      draw 300/800  L_train=0.000023 (w*=0.000023)  phi_std=0.000002
      draw 400/800  L_train=0.000026 (w*=0.000023)  phi_std=0.000002
      draw 500/800  L_train=0.000021 (w*=0.000023)  phi_std=0.000002
      draw 600/800  L_train=0.000023 (w*=0.000023)  phi_std=0.000002
      draw 700/800  L_train=0.000029 (w*=0.000023)  phi_std=0.000002
      draw 800/800  L_train=0.000024 (w*=0.000023)  phi_std=0.000002
    chi[2,0]: mean=5.22e-08  std=1.36e-07  L_train mean=0.000025  L_train std=0.000002  L_train(w*)=0.000023
  layer=2 head=1
      draw 100/800  L_train=0.000023 (w*=0.000023)  phi_std=0.000001
      draw 200/800  L_train=0.000024 (w*=0.000023)  phi_std=0.000001
      draw 300/800  L_train=0.000023 (w*=0.000023)  phi_std=0.000001
      draw 400/800  L_train=0.000024 (w*=0.000023)  phi_std=0.000001
      draw 500/800  L_train=0.000024 (w*=0.000023)  phi_std=0.000001
      draw 600/800  L_train=0.000024 (w*=0.000023)  phi_std=0.000001
      draw 700/800  L_train=0.000024 (w*=0.000023)  phi_std=0.000001
      draw 800/800  L_train=0.000024 (w*=0.000023)  phi_std=0.000001
    chi[2,1]: mean=4.62e-09  std=1.59e-08  L_train mean=0.000024  L_train std=0.000001  L_train(w*)=0.000023
  layer=2 head=2
      draw 100/800  L_train=0.000022 (w*=0.000023)  phi_std=0.000001
      draw 200/800  L_train=0.000021 (w*=0.000023)  phi_std=0.000001
      draw 300/800  L_train=0.000024 (w*=0.000023)  phi_std=0.000001
      draw 400/800  L_train=0.000023 (w*=0.000023)  phi_std=0.000001
      draw 500/800  L_train=0.000023 (w*=0.000023)  phi_std=0.000001
      draw 600/800  L_train=0.000022 (w*=0.000023)  phi_std=0.000001
      draw 700/800  L_train=0.000023 (w*=0.000023)  phi_std=0.000001
      draw 800/800  L_train=0.000020 (w*=0.000023)  phi_std=0.000001
    chi[2,2]: mean=1.01e-08  std=4.66e-08  L_train mean=0.000022  L_train std=0.000001  L_train(w*)=0.000023
  layer=2 head=3
      draw 100/800  L_train=0.000023 (w*=0.000023)  phi_std=0.000001
      draw 200/800  L_train=0.000025 (w*=0.000023)  phi_std=0.000001
      draw 300/800  L_train=0.000022 (w*=0.000023)  phi_std=0.000001
      draw 400/800  L_train=0.000023 (w*=0.000023)  phi_std=0.000001
      draw 500/800  L_train=0.000026 (w*=0.000023)  phi_std=0.000001
      draw 600/800  L_train=0.000023 (w*=0.000023)  phi_std=0.000001
      draw 700/800  L_train=0.000020 (w*=0.000023)  phi_std=0.000002
      draw 800/800  L_train=0.000022 (w*=0.000023)  phi_std=0.000002
    chi[2,3]: mean=2.58e-08  std=6.61e-08  L_train mean=0.000023  L_train std=0.000002  L_train(w*)=0.000023
  Saved /root/id-predict-ood/cptsusceptibility/results/1d0c7819_cpt.npy  shape=(3, 4, 200)

[3/25] model 261890a4
  layer=0 head=0
      draw 100/800  L_train=0.000000 (w*=0.000000)  phi_std=0.000000
      draw 200/800  L_train=0.000000 (w*=0.000000)  phi_std=0.000000
      draw 300/800  L_train=0.000000 (w*=0.000000)  phi_std=0.000000
      draw 400/800  L_train=0.000000 (w*=0.000000)  phi_std=0.000000
      draw 500/800  L_train=0.000000 (w*=0.000000)  phi_std=0.000000
      draw 600/800  L_train=0.000000 (w*=0.000000)  phi_std=0.000000
      draw 700/800  L_train=0.000000 (w*=0.000000)  phi_std=0.000000
      draw 800/800  L_train=0.000000 (w*=0.000000)  phi_std=0.000000
    chi[0,0]: mean=0.00e+00  std=0.00e+00  L_train mean=0.000000  L_train std=0.000000  L_train(w*)=0.000000
  layer=0 head=1
      draw 100/800  L_train=0.000000 (w*=0.000000)  phi_std=0.000000
      draw 200/800  L_train=0.000000 (w*=0.000000)  phi_std=0.000000
      draw 300/800  L_train=0.000000 (w*=0.000000)  phi_std=0.000000
      draw 400/800  L_train=0.000000 (w*=0.000000)  phi_std=0.000000
      draw 500/800  L_train=0.000000 (w*=0.000000)  phi_std=0.000000
      draw 600/800  L_train=0.000000 (w*=0.000000)  phi_std=0.000000
      draw 700/800  L_train=0.000000 (w*=0.000000)  phi_std=0.000000
      draw 800/800  L_train=0.000000 (w*=0.000000)  phi_std=0.000000
    chi[0,1]: mean=3.05e-12  std=4.37e-12  L_train mean=0.000000  L_train std=0.000000  L_train(w*)=0.000000
  layer=0 head=2
      draw 100/800  L_train=0.000000 (w*=0.000000)  phi_std=0.000000
      draw 200/800  L_train=0.000000 (w*=0.000000)  phi_std=0.000000
      draw 300/800  L_train=0.000000 (w*=0.000000)  phi_std=0.000016
      draw 400/800  L_train=0.000000 (w*=0.000000)  phi_std=0.000015
      draw 500/800  L_train=0.000000 (w*=0.000000)  phi_std=0.000013
      draw 600/800  L_train=0.000000 (w*=0.000000)  phi_std=0.000012
      draw 700/800  L_train=0.000000 (w*=0.000000)  phi_std=0.000011
      draw 800/800  L_train=0.000000 (w*=0.000000)  phi_std=0.000010
    chi[0,2]: mean=2.61e-06  std=3.23e-06  L_train mean=0.000001  L_train std=0.000010  L_train(w*)=0.000000
  layer=0 head=3
      draw 100/800  L_train=0.000000 (w*=0.000000)  phi_std=0.000000
      draw 200/800  L_train=0.000000 (w*=0.000000)  phi_std=0.000000
      draw 300/800  L_train=0.000000 (w*=0.000000)  phi_std=0.000000
      draw 400/800  L_train=0.000000 (w*=0.000000)  phi_std=0.000000
      draw 500/800  L_train=0.000000 (w*=0.000000)  phi_std=0.000000
      draw 600/800  L_train=0.000000 (w*=0.000000)  phi_std=0.000000
      draw 700/800  L_train=0.000000 (w*=0.000000)  phi_std=0.000000
      draw 800/800  L_train=0.000000 (w*=0.000000)  phi_std=0.000000
    chi[0,3]: mean=1.98e-11  std=2.61e-11  L_train mean=0.000000  L_train std=0.000000  L_train(w*)=0.000000
  layer=1 head=0
      draw 100/800  L_train=0.000000 (w*=0.000000)  phi_std=0.000000
      draw 200/800  L_train=0.000000 (w*=0.000000)  phi_std=0.000000
      draw 300/800  L_train=0.000000 (w*=0.000000)  phi_std=0.000000
      draw 400/800  L_train=0.000000 (w*=0.000000)  phi_std=0.000000
      draw 500/800  L_train=0.000000 (w*=0.000000)  phi_std=0.000000
      draw 600/800  L_train=0.000000 (w*=0.000000)  phi_std=0.000000
      draw 700/800  L_train=0.000000 (w*=0.000000)  phi_std=0.000000
      draw 800/800  L_train=0.000000 (w*=0.000000)  phi_std=0.000000
    chi[1,0]: mean=0.00e+00  std=0.00e+00  L_train mean=0.000000  L_train std=0.000000  L_train(w*)=0.000000
  layer=1 head=1
      draw 100/800  L_train=0.000000 (w*=0.000000)  phi_std=0.000000
      draw 200/800  L_train=0.000000 (w*=0.000000)  phi_std=0.000000
      draw 300/800  L_train=0.000000 (w*=0.000000)  phi_std=0.000000
      draw 400/800  L_train=0.000000 (w*=0.000000)  phi_std=0.000000
      draw 500/800  L_train=0.000000 (w*=0.000000)  phi_std=0.000000
      draw 600/800  L_train=0.000000 (w*=0.000000)  phi_std=0.000000
      draw 700/800  L_train=0.000000 (w*=0.000000)  phi_std=0.000000
      draw 800/800  L_train=0.000000 (w*=0.000000)  phi_std=0.000000
    chi[1,1]: mean=0.00e+00  std=0.00e+00  L_train mean=0.000000  L_train std=0.000000  L_train(w*)=0.000000
  layer=1 head=2
      draw 100/800  L_train=0.000000 (w*=0.000000)  phi_std=0.000000
      draw 200/800  L_train=0.000000 (w*=0.000000)  phi_std=0.000000
      draw 300/800  L_train=0.000000 (w*=0.000000)  phi_std=0.000000
      draw 400/800  L_train=0.000000 (w*=0.000000)  phi_std=0.000000
      draw 500/800  L_train=0.000000 (w*=0.000000)  phi_std=0.000000
      draw 600/800  L_train=0.000000 (w*=0.000000)  phi_std=0.000000
      draw 700/800  L_train=0.000000 (w*=0.000000)  phi_std=0.000000
      draw 800/800  L_train=0.000000 (w*=0.000000)  phi_std=0.000000
    chi[1,2]: mean=0.00e+00  std=0.00e+00  L_train mean=0.000000  L_train std=0.000000  L_train(w*)=0.000000
  layer=1 head=3
      draw 100/800  L_train=0.000000 (w*=0.000000)  phi_std=0.000000
      draw 200/800  L_train=0.000000 (w*=0.000000)  phi_std=0.000000
      draw 300/800  L_train=0.000000 (w*=0.000000)  phi_std=0.000000
      draw 400/800  L_train=0.000000 (w*=0.000000)  phi_std=0.000000
      draw 500/800  L_train=0.000000 (w*=0.000000)  phi_std=0.000000
      draw 600/800  L_train=0.000000 (w*=0.000000)  phi_std=0.000000
      draw 700/800  L_train=0.000000 (w*=0.000000)  phi_std=0.000000
      draw 800/800  L_train=0.000000 (w*=0.000000)  phi_std=0.000000
    chi[1,3]: mean=0.00e+00  std=0.00e+00  L_train mean=0.000000  L_train std=0.000000  L_train(w*)=0.000000
  layer=2 head=0
      draw 100/800  L_train=0.000000 (w*=0.000000)  phi_std=0.000000
      draw 200/800  L_train=0.000000 (w*=0.000000)  phi_std=0.000000
      draw 300/800  L_train=0.000000 (w*=0.000000)  phi_std=0.000000
      draw 400/800  L_train=0.000000 (w*=0.000000)  phi_std=0.000000
      draw 500/800  L_train=0.000000 (w*=0.000000)  phi_std=0.000000
      draw 600/800  L_train=0.000000 (w*=0.000000)  phi_std=0.000000
      draw 700/800  L_train=0.000000 (w*=0.000000)  phi_std=0.000000
      draw 800/800  L_train=0.000000 (w*=0.000000)  phi_std=0.000000
    chi[2,0]: mean=0.00e+00  std=0.00e+00  L_train mean=0.000000  L_train std=0.000000  L_train(w*)=0.000000
  layer=2 head=1
      draw 100/800  L_train=0.000000 (w*=0.000000)  phi_std=0.000000
      draw 200/800  L_train=0.000000 (w*=0.000000)  phi_std=0.000000
      draw 300/800  L_train=0.000000 (w*=0.000000)  phi_std=0.000000
      draw 400/800  L_train=0.000000 (w*=0.000000)  phi_std=0.000000
      draw 500/800  L_train=0.000000 (w*=0.000000)  phi_std=0.000000
      draw 600/800  L_train=0.000000 (w*=0.000000)  phi_std=0.000000
      draw 700/800  L_train=0.000000 (w*=0.000000)  phi_std=0.000000
      draw 800/800  L_train=0.000000 (w*=0.000000)  phi_std=0.000000
    chi[2,1]: mean=0.00e+00  std=0.00e+00  L_train mean=0.000000  L_train std=0.000000  L_train(w*)=0.000000
  layer=2 head=2
      draw 100/800  L_train=0.000000 (w*=0.000000)  phi_std=0.000000
      draw 200/800  L_train=0.000000 (w*=0.000000)  phi_std=0.000000
      draw 300/800  L_train=0.000000 (w*=0.000000)  phi_std=0.000000
      draw 400/800  L_train=0.000000 (w*=0.000000)  phi_std=0.000000
      draw 500/800  L_train=0.000000 (w*=0.000000)  phi_std=0.000000
      draw 600/800  L_train=0.000000 (w*=0.000000)  phi_std=0.000000
      draw 700/800  L_train=0.000000 (w*=0.000000)  phi_std=0.000000
      draw 800/800  L_train=0.000000 (w*=0.000000)  phi_std=0.000000
    chi[2,2]: mean=0.00e+00  std=0.00e+00  L_train mean=0.000000  L_train std=0.000000  L_train(w*)=0.000000
  layer=2 head=3
      draw 100/800  L_train=0.000000 (w*=0.000000)  phi_std=0.000000
      draw 200/800  L_train=0.000000 (w*=0.000000)  phi_std=0.000000
      draw 300/800  L_train=0.000000 (w*=0.000000)  phi_std=0.000000
      draw 400/800  L_train=0.000000 (w*=0.000000)  phi_std=0.000000
      draw 500/800  L_train=0.000000 (w*=0.000000)  phi_std=0.000000
      draw 600/800  L_train=0.000000 (w*=0.000000)  phi_std=0.000000
      draw 700/800  L_train=0.000000 (w*=0.000000)  phi_std=0.000000
      draw 800/800  L_train=0.000000 (w*=0.000000)  phi_std=0.000000
    chi[2,3]: mean=0.00e+00  std=0.00e+00  L_train mean=0.000000  L_train std=0.000000  L_train(w*)=0.000000
  Saved /root/id-predict-ood/cptsusceptibility/results/261890a4_cpt.npy  shape=(3, 4, 200)

[4/25] model 295125a5
  layer=0 head=0
      draw 100/800  L_train=0.000002 (w*=0.000003)  phi_std=0.000169
      draw 200/800  L_train=0.000010 (w*=0.000003)  phi_std=0.000122
      draw 300/800  L_train=0.000003 (w*=0.000003)  phi_std=0.000101
      draw 400/800  L_train=0.000002 (w*=0.000003)  phi_std=0.000088
      draw 500/800  L_train=0.000006 (w*=0.000003)  phi_std=0.000079
      draw 600/800  L_train=0.000001 (w*=0.000003)  phi_std=0.000072
      draw 700/800  L_train=0.000010 (w*=0.000003)  phi_std=0.000067
      draw 800/800  L_train=0.000003 (w*=0.000003)  phi_std=0.000063
    chi[0,0]: mean=4.11e-06  std=8.83e-06  L_train mean=0.000013  L_train std=0.000063  L_train(w*)=0.000003
  layer=0 head=1
      draw 100/800  L_train=0.000002 (w*=0.000003)  phi_std=0.000000
      draw 200/800  L_train=0.000013 (w*=0.000003)  phi_std=0.000002
      draw 300/800  L_train=0.000004 (w*=0.000003)  phi_std=0.000004
      draw 400/800  L_train=0.000005 (w*=0.000003)  phi_std=0.000003
      draw 500/800  L_train=0.000002 (w*=0.000003)  phi_std=0.000003
      draw 600/800  L_train=0.000004 (w*=0.000003)  phi_std=0.000003
      draw 700/800  L_train=0.000003 (w*=0.000003)  phi_std=0.000003
      draw 800/800  L_train=0.000002 (w*=0.000003)  phi_std=0.000003
    chi[0,1]: mean=2.87e-07  std=6.25e-07  L_train mean=0.000005  L_train std=0.000003  L_train(w*)=0.000003
  layer=0 head=2
      draw 100/800  L_train=0.000002 (w*=0.000003)  phi_std=0.000003
      draw 200/800  L_train=0.000005 (w*=0.000003)  phi_std=0.000003
      draw 300/800  L_train=0.000004 (w*=0.000003)  phi_std=0.000003
      draw 400/800  L_train=0.000010 (w*=0.000003)  phi_std=0.000005
      draw 500/800  L_train=0.000064 (w*=0.000003)  phi_std=0.000012
      draw 600/800  L_train=0.000005 (w*=0.000003)  phi_std=0.000016
      draw 700/800  L_train=0.000004 (w*=0.000003)  phi_std=0.000015
      draw 800/800  L_train=0.000023 (w*=0.000003)  phi_std=0.000023
    chi[0,2]: mean=2.39e-06  std=5.15e-06  L_train mean=0.000014  L_train std=0.000023  L_train(w*)=0.000003
  layer=0 head=3
      draw 100/800  L_train=0.000011 (w*=0.000003)  phi_std=0.000002
      draw 200/800  L_train=0.000002 (w*=0.000003)  phi_std=0.000003
      draw 300/800  L_train=0.000003 (w*=0.000003)  phi_std=0.000003
      draw 400/800  L_train=0.000043 (w*=0.000003)  phi_std=0.000004
      draw 500/800  L_train=0.000003 (w*=0.000003)  phi_std=0.000005
      draw 600/800  L_train=0.000005 (w*=0.000003)  phi_std=0.000004
      draw 700/800  L_train=0.000004 (w*=0.000003)  phi_std=0.000004
      draw 800/800  L_train=0.000010 (w*=0.000003)  phi_std=0.000004
    chi[0,3]: mean=4.77e-07  std=9.16e-07  L_train mean=0.000005  L_train std=0.000004  L_train(w*)=0.000003
  layer=1 head=0
      draw 100/800  L_train=0.000003 (w*=0.000003)  phi_std=0.000000
      draw 200/800  L_train=0.000003 (w*=0.000003)  phi_std=0.000000
      draw 300/800  L_train=0.000003 (w*=0.000003)  phi_std=0.000000
      draw 400/800  L_train=0.000003 (w*=0.000003)  phi_std=0.000000
      draw 500/800  L_train=0.000003 (w*=0.000003)  phi_std=0.000000
      draw 600/800  L_train=0.000003 (w*=0.000003)  phi_std=0.000000
      draw 700/800  L_train=0.000003 (w*=0.000003)  phi_std=0.000000
      draw 800/800  L_train=0.000003 (w*=0.000003)  phi_std=0.000000
    chi[1,0]: mean=2.68e-09  std=4.54e-09  L_train mean=0.000003  L_train std=0.000000  L_train(w*)=0.000003
  layer=1 head=1
      draw 100/800  L_train=0.000003 (w*=0.000003)  phi_std=0.000000
      draw 200/800  L_train=0.000003 (w*=0.000003)  phi_std=0.000000
      draw 300/800  L_train=0.000003 (w*=0.000003)  phi_std=0.000000
      draw 400/800  L_train=0.000003 (w*=0.000003)  phi_std=0.000000
      draw 500/800  L_train=0.000003 (w*=0.000003)  phi_std=0.000000
      draw 600/800  L_train=0.000003 (w*=0.000003)  phi_std=0.000000
      draw 700/800  L_train=0.000003 (w*=0.000003)  phi_std=0.000000
      draw 800/800  L_train=0.000003 (w*=0.000003)  phi_std=0.000000
    chi[1,1]: mean=1.20e-09  std=2.14e-09  L_train mean=0.000003  L_train std=0.000000  L_train(w*)=0.000003
  layer=1 head=2
      draw 100/800  L_train=0.000003 (w*=0.000003)  phi_std=0.000000
      draw 200/800  L_train=0.000003 (w*=0.000003)  phi_std=0.000000
      draw 300/800  L_train=0.000003 (w*=0.000003)  phi_std=0.000000
      draw 400/800  L_train=0.000003 (w*=0.000003)  phi_std=0.000000
      draw 500/800  L_train=0.000003 (w*=0.000003)  phi_std=0.000000
      draw 600/800  L_train=0.000003 (w*=0.000003)  phi_std=0.000000
      draw 700/800  L_train=0.000003 (w*=0.000003)  phi_std=0.000000
      draw 800/800  L_train=0.000003 (w*=0.000003)  phi_std=0.000000
    chi[1,2]: mean=1.03e-08  std=1.66e-08  L_train mean=0.000003  L_train std=0.000000  L_train(w*)=0.000003
  layer=1 head=3
      draw 100/800  L_train=0.000003 (w*=0.000003)  phi_std=0.000000
      draw 200/800  L_train=0.000003 (w*=0.000003)  phi_std=0.000000
      draw 300/800  L_train=0.000003 (w*=0.000003)  phi_std=0.000000
      draw 400/800  L_train=0.000003 (w*=0.000003)  phi_std=0.000000
      draw 500/800  L_train=0.000003 (w*=0.000003)  phi_std=0.000000
      draw 600/800  L_train=0.000003 (w*=0.000003)  phi_std=0.000000
      draw 700/800  L_train=0.000003 (w*=0.000003)  phi_std=0.000000
      draw 800/800  L_train=0.000002 (w*=0.000003)  phi_std=0.000000
    chi[1,3]: mean=2.93e-09  std=5.12e-09  L_train mean=0.000003  L_train std=0.000000  L_train(w*)=0.000003
  layer=2 head=0
      draw 100/800  L_train=0.000003 (w*=0.000003)  phi_std=0.000000
      draw 200/800  L_train=0.000003 (w*=0.000003)  phi_std=0.000000
      draw 300/800  L_train=0.000002 (w*=0.000003)  phi_std=0.000000
      draw 400/800  L_train=0.000003 (w*=0.000003)  phi_std=0.000000
      draw 500/800  L_train=0.000003 (w*=0.000003)  phi_std=0.000000
      draw 600/800  L_train=0.000003 (w*=0.000003)  phi_std=0.000000
      draw 700/800  L_train=0.000003 (w*=0.000003)  phi_std=0.000000
      draw 800/800  L_train=0.000003 (w*=0.000003)  phi_std=0.000000
    chi[2,0]: mean=2.59e-09  std=5.50e-09  L_train mean=0.000003  L_train std=0.000000  L_train(w*)=0.000003
  layer=2 head=1
      draw 100/800  L_train=0.000003 (w*=0.000003)  phi_std=0.000000
      draw 200/800  L_train=0.000003 (w*=0.000003)  phi_std=0.000000
      draw 300/800  L_train=0.000003 (w*=0.000003)  phi_std=0.000000
      draw 400/800  L_train=0.000002 (w*=0.000003)  phi_std=0.000000
      draw 500/800  L_train=0.000003 (w*=0.000003)  phi_std=0.000000
      draw 600/800  L_train=0.000003 (w*=0.000003)  phi_std=0.000000
      draw 700/800  L_train=0.000003 (w*=0.000003)  phi_std=0.000000
      draw 800/800  L_train=0.000003 (w*=0.000003)  phi_std=0.000000
    chi[2,1]: mean=1.61e-09  std=3.66e-09  L_train mean=0.000003  L_train std=0.000000  L_train(w*)=0.000003
  layer=2 head=2
      draw 100/800  L_train=0.000003 (w*=0.000003)  phi_std=0.000000
      draw 200/800  L_train=0.000002 (w*=0.000003)  phi_std=0.000000
      draw 300/800  L_train=0.000003 (w*=0.000003)  phi_std=0.000000
      draw 400/800  L_train=0.000003 (w*=0.000003)  phi_std=0.000000
      draw 500/800  L_train=0.000003 (w*=0.000003)  phi_std=0.000000
      draw 600/800  L_train=0.000003 (w*=0.000003)  phi_std=0.000000
      draw 700/800  L_train=0.000002 (w*=0.000003)  phi_std=0.000000
      draw 800/800  L_train=0.000003 (w*=0.000003)  phi_std=0.000000
    chi[2,2]: mean=1.34e-09  std=4.84e-09  L_train mean=0.000003  L_train std=0.000000  L_train(w*)=0.000003
  layer=2 head=3
      draw 100/800  L_train=0.000003 (w*=0.000003)  phi_std=0.000000
      draw 200/800  L_train=0.000003 (w*=0.000003)  phi_std=0.000000
      draw 300/800  L_train=0.000003 (w*=0.000003)  phi_std=0.000000
      draw 400/800  L_train=0.000003 (w*=0.000003)  phi_std=0.000000
      draw 500/800  L_train=0.000003 (w*=0.000003)  phi_std=0.000000
      draw 600/800  L_train=0.000003 (w*=0.000003)  phi_std=0.000000
      draw 700/800  L_train=0.000003 (w*=0.000003)  phi_std=0.000000
      draw 800/800  L_train=0.000003 (w*=0.000003)  phi_std=0.000000
    chi[2,3]: mean=1.33e-10  std=1.39e-09  L_train mean=0.000003  L_train std=0.000000  L_train(w*)=0.000003
  Saved /root/id-predict-ood/cptsusceptibility/results/295125a5_cpt.npy  shape=(3, 4, 200)

[5/25] model 30552878
  layer=0 head=0
      draw 100/800  L_train=0.000000 (w*=0.000000)  phi_std=0.000000
      draw 200/800  L_train=0.000000 (w*=0.000000)  phi_std=0.000000
      draw 300/800  L_train=0.000000 (w*=0.000000)  phi_std=0.000000
      draw 400/800  L_train=0.000000 (w*=0.000000)  phi_std=0.000000
      draw 500/800  L_train=0.000000 (w*=0.000000)  phi_std=0.000000
      draw 600/800  L_train=0.000000 (w*=0.000000)  phi_std=0.000000
      draw 700/800  L_train=0.000000 (w*=0.000000)  phi_std=0.000000
      draw 800/800  L_train=0.000000 (w*=0.000000)  phi_std=0.000000
    chi[0,0]: mean=0.00e+00  std=0.00e+00  L_train mean=0.000000  L_train std=0.000000  L_train(w*)=0.000000
  layer=0 head=1
      draw 100/800  L_train=0.000000 (w*=0.000000)  phi_std=0.000000
      draw 200/800  L_train=0.000000 (w*=0.000000)  phi_std=0.000000
      draw 300/800  L_train=0.000000 (w*=0.000000)  phi_std=0.000000
      draw 400/800  L_train=0.000000 (w*=0.000000)  phi_std=0.000000
      draw 500/800  L_train=0.000000 (w*=0.000000)  phi_std=0.000000
      draw 600/800  L_train=0.000000 (w*=0.000000)  phi_std=0.000000
      draw 700/800  L_train=0.000000 (w*=0.000000)  phi_std=0.000000
      draw 800/800  L_train=0.000000 (w*=0.000000)  phi_std=0.000000
    chi[0,1]: mean=0.00e+00  std=0.00e+00  L_train mean=0.000000  L_train std=0.000000  L_train(w*)=0.000000
  layer=0 head=2
      draw 100/800  L_train=0.000000 (w*=0.000000)  phi_std=0.000000
      draw 200/800  L_train=0.000000 (w*=0.000000)  phi_std=0.000000
      draw 300/800  L_train=0.000000 (w*=0.000000)  phi_std=0.000000
      draw 400/800  L_train=0.000000 (w*=0.000000)  phi_std=0.000000
      draw 500/800  L_train=0.000000 (w*=0.000000)  phi_std=0.000000
      draw 600/800  L_train=0.000000 (w*=0.000000)  phi_std=0.000000
      draw 700/800  L_train=0.000000 (w*=0.000000)  phi_std=0.000000
      draw 800/800  L_train=0.000000 (w*=0.000000)  phi_std=0.000000
    chi[0,2]: mean=3.80e-09  std=2.22e-08  L_train mean=0.000000  L_train std=0.000000  L_train(w*)=0.000000
  layer=0 head=3
      draw 100/800  L_train=0.000000 (w*=0.000000)  phi_std=0.000000
      draw 200/800  L_train=0.000000 (w*=0.000000)  phi_std=0.000000
      draw 300/800  L_train=0.000000 (w*=0.000000)  phi_std=0.000000
      draw 400/800  L_train=0.000000 (w*=0.000000)  phi_std=0.000000
      draw 500/800  L_train=0.000000 (w*=0.000000)  phi_std=0.000000
      draw 600/800  L_train=0.000000 (w*=0.000000)  phi_std=0.000000
      draw 700/800  L_train=0.000000 (w*=0.000000)  phi_std=0.000000
      draw 800/800  L_train=0.000000 (w*=0.000000)  phi_std=0.000000
    chi[0,3]: mean=0.00e+00  std=0.00e+00  L_train mean=0.000000  L_train std=0.000000  L_train(w*)=0.000000
  layer=1 head=0
      draw 100/800  L_train=0.000000 (w*=0.000000)  phi_std=0.000000
      draw 200/800  L_train=0.000000 (w*=0.000000)  phi_std=0.000000
      draw 300/800  L_train=0.000000 (w*=0.000000)  phi_std=0.000000
      draw 400/800  L_train=0.000000 (w*=0.000000)  phi_std=0.000000
      draw 500/800  L_train=0.000000 (w*=0.000000)  phi_std=0.000000
      draw 600/800  L_train=0.000000 (w*=0.000000)  phi_std=0.000000
      draw 700/800  L_train=0.000000 (w*=0.000000)  phi_std=0.000000
      draw 800/800  L_train=0.000000 (w*=0.000000)  phi_std=0.000000
    chi[1,0]: mean=0.00e+00  std=0.00e+00  L_train mean=0.000000  L_train std=0.000000  L_train(w*)=0.000000
  layer=1 head=1
      draw 100/800  L_train=0.000000 (w*=0.000000)  phi_std=0.000000
      draw 200/800  L_train=0.000000 (w*=0.000000)  phi_std=0.000000
      draw 300/800  L_train=0.000000 (w*=0.000000)  phi_std=0.000000
      draw 400/800  L_train=0.000000 (w*=0.000000)  phi_std=0.000000
      draw 500/800  L_train=0.000000 (w*=0.000000)  phi_std=0.000000
      draw 600/800  L_train=0.000000 (w*=0.000000)  phi_std=0.000000
      draw 700/800  L_train=0.000000 (w*=0.000000)  phi_std=0.000000
      draw 800/800  L_train=0.000000 (w*=0.000000)  phi_std=0.000000
    chi[1,1]: mean=0.00e+00  std=0.00e+00  L_train mean=0.000000  L_train std=0.000000  L_train(w*)=0.000000
  layer=1 head=2
      draw 100/800  L_train=0.000000 (w*=0.000000)  phi_std=0.000000
      draw 200/800  L_train=0.000000 (w*=0.000000)  phi_std=0.000000
      draw 300/800  L_train=0.000000 (w*=0.000000)  phi_std=0.000000
      draw 400/800  L_train=0.000000 (w*=0.000000)  phi_std=0.000000
      draw 500/800  L_train=0.000000 (w*=0.000000)  phi_std=0.000000
      draw 600/800  L_train=0.000000 (w*=0.000000)  phi_std=0.000000
      draw 700/800  L_train=0.000000 (w*=0.000000)  phi_std=0.000000
      draw 800/800  L_train=0.000000 (w*=0.000000)  phi_std=0.000000
    chi[1,2]: mean=0.00e+00  std=0.00e+00  L_train mean=0.000000  L_train std=0.000000  L_train(w*)=0.000000
  layer=1 head=3
      draw 100/800  L_train=0.000000 (w*=0.000000)  phi_std=0.000000
      draw 200/800  L_train=0.000000 (w*=0.000000)  phi_std=0.000000
      draw 300/800  L_train=0.000000 (w*=0.000000)  phi_std=0.000000
      draw 400/800  L_train=0.000000 (w*=0.000000)  phi_std=0.000000
      draw 500/800  L_train=0.000000 (w*=0.000000)  phi_std=0.000000
      draw 600/800  L_train=0.000000 (w*=0.000000)  phi_std=0.000000
      draw 700/800  L_train=0.000000 (w*=0.000000)  phi_std=0.000000
      draw 800/800  L_train=0.000000 (w*=0.000000)  phi_std=0.000000
    chi[1,3]: mean=0.00e+00  std=0.00e+00  L_train mean=0.000000  L_train std=0.000000  L_train(w*)=0.000000
  layer=2 head=0
      draw 100/800  L_train=0.000000 (w*=0.000000)  phi_std=0.000000
      draw 200/800  L_train=0.000000 (w*=0.000000)  phi_std=0.000000
      draw 300/800  L_train=0.000000 (w*=0.000000)  phi_std=0.000000
      draw 400/800  L_train=0.000000 (w*=0.000000)  phi_std=0.000000
      draw 500/800  L_train=0.000000 (w*=0.000000)  phi_std=0.000000
      draw 600/800  L_train=0.000000 (w*=0.000000)  phi_std=0.000000
      draw 700/800  L_train=0.000000 (w*=0.000000)  phi_std=0.000000
      draw 800/800  L_train=0.000000 (w*=0.000000)  phi_std=0.000000
    chi[2,0]: mean=0.00e+00  std=0.00e+00  L_train mean=0.000000  L_train std=0.000000  L_train(w*)=0.000000
  layer=2 head=1
      draw 100/800  L_train=0.000000 (w*=0.000000)  phi_std=0.000000
      draw 200/800  L_train=0.000000 (w*=0.000000)  phi_std=0.000000
      draw 300/800  L_train=0.000000 (w*=0.000000)  phi_std=0.000000
      draw 400/800  L_train=0.000000 (w*=0.000000)  phi_std=0.000000
      draw 500/800  L_train=0.000000 (w*=0.000000)  phi_std=0.000000
      draw 600/800  L_train=0.000000 (w*=0.000000)  phi_std=0.000000
      draw 700/800  L_train=0.000000 (w*=0.000000)  phi_std=0.000000
      draw 800/800  L_train=0.000000 (w*=0.000000)  phi_std=0.000000
    chi[2,1]: mean=0.00e+00  std=0.00e+00  L_train mean=0.000000  L_train std=0.000000  L_train(w*)=0.000000
  layer=2 head=2
      draw 100/800  L_train=0.000000 (w*=0.000000)  phi_std=0.000000
      draw 200/800  L_train=0.000000 (w*=0.000000)  phi_std=0.000000
      draw 300/800  L_train=0.000000 (w*=0.000000)  phi_std=0.000000
      draw 400/800  L_train=0.000000 (w*=0.000000)  phi_std=0.000000
      draw 500/800  L_train=0.000000 (w*=0.000000)  phi_std=0.000000
      draw 600/800  L_train=0.000000 (w*=0.000000)  phi_std=0.000000
      draw 700/800  L_train=0.000000 (w*=0.000000)  phi_std=0.000000
      draw 800/800  L_train=0.000000 (w*=0.000000)  phi_std=0.000000
    chi[2,2]: mean=0.00e+00  std=0.00e+00  L_train mean=0.000000  L_train std=0.000000  L_train(w*)=0.000000
  layer=2 head=3
      draw 100/800  L_train=0.000000 (w*=0.000000)  phi_std=0.000000
      draw 200/800  L_train=0.000000 (w*=0.000000)  phi_std=0.000000
      draw 300/800  L_train=0.000000 (w*=0.000000)  phi_std=0.000000
      draw 400/800  L_train=0.000000 (w*=0.000000)  phi_std=0.000000
      draw 500/800  L_train=0.000000 (w*=0.000000)  phi_std=0.000000
      draw 600/800  L_train=0.000000 (w*=0.000000)  phi_std=0.000000
      draw 700/800  L_train=0.000000 (w*=0.000000)  phi_std=0.000000
      draw 800/800  L_train=0.000000 (w*=0.000000)  phi_std=0.000000
    chi[2,3]: mean=0.00e+00  std=0.00e+00  L_train mean=0.000000  L_train std=0.000000  L_train(w*)=0.000000
  Saved /root/id-predict-ood/cptsusceptibility/results/30552878_cpt.npy  shape=(3, 4, 200)

[6/25] model 41272f97
  layer=0 head=0
      draw 100/800  L_train=0.000015 (w*=0.000000)  phi_std=0.000192
      draw 200/800  L_train=0.000000 (w*=0.000000)  phi_std=0.000138
      draw 300/800  L_train=0.000010 (w*=0.000000)  phi_std=0.000114
      draw 400/800  L_train=0.000000 (w*=0.000000)  phi_std=0.000099
      draw 500/800  L_train=0.000000 (w*=0.000000)  phi_std=0.000089
      draw 600/800  L_train=0.000000 (w*=0.000000)  phi_std=0.000081
      draw 700/800  L_train=0.000001 (w*=0.000000)  phi_std=0.000075
      draw 800/800  L_train=0.000000 (w*=0.000000)  phi_std=0.000070
    chi[0,0]: mean=3.10e-06  std=7.35e-06  L_train mean=0.000008  L_train std=0.000070  L_train(w*)=0.000000
  layer=0 head=1
      draw 100/800  L_train=0.000000 (w*=0.000000)  phi_std=0.000000
      draw 200/800  L_train=0.000001 (w*=0.000000)  phi_std=0.000000
      draw 300/800  L_train=0.000000 (w*=0.000000)  phi_std=0.000001
      draw 400/800  L_train=0.000001 (w*=0.000000)  phi_std=0.000001
      draw 500/800  L_train=0.000000 (w*=0.000000)  phi_std=0.000001
      draw 600/800  L_train=0.000000 (w*=0.000000)  phi_std=0.000001
      draw 700/800  L_train=0.000000 (w*=0.000000)  phi_std=0.000001
      draw 800/800  L_train=0.000000 (w*=0.000000)  phi_std=0.000001
    chi[0,1]: mean=8.43e-08  std=1.59e-07  L_train mean=0.000001  L_train std=0.000001  L_train(w*)=0.000000
  layer=0 head=2
      draw 100/800  L_train=0.000000 (w*=0.000000)  phi_std=0.000034
      draw 200/800  L_train=0.000005 (w*=0.000000)  phi_std=0.000025
      draw 300/800  L_train=0.000000 (w*=0.000000)  phi_std=0.000020
      draw 400/800  L_train=0.000000 (w*=0.000000)  phi_std=0.000018
      draw 500/800  L_train=0.000000 (w*=0.000000)  phi_std=0.000016
      draw 600/800  L_train=0.000000 (w*=0.000000)  phi_std=0.000015
      draw 700/800  L_train=0.000000 (w*=0.000000)  phi_std=0.000013
      draw 800/800  L_train=0.000001 (w*=0.000000)  phi_std=0.000013
    chi[0,2]: mean=4.88e-07  std=1.33e-06  L_train mean=0.000002  L_train std=0.000013  L_train(w*)=0.000000
  layer=0 head=3
      draw 100/800  L_train=0.000001 (w*=0.000000)  phi_std=0.000001
      draw 200/800  L_train=0.000000 (w*=0.000000)  phi_std=0.000006
      draw 300/800  L_train=0.000000 (w*=0.000000)  phi_std=0.000009
      draw 400/800  L_train=0.000000 (w*=0.000000)  phi_std=0.000008
      draw 500/800  L_train=0.000001 (w*=0.000000)  phi_std=0.000007
      draw 600/800  L_train=0.000000 (w*=0.000000)  phi_std=0.000006
      draw 700/800  L_train=0.000000 (w*=0.000000)  phi_std=0.000006
      draw 800/800  L_train=0.000000 (w*=0.000000)  phi_std=0.000006
    chi[0,3]: mean=4.30e-07  std=1.02e-06  L_train mean=0.000002  L_train std=0.000006  L_train(w*)=0.000000
  layer=1 head=0
      draw 100/800  L_train=0.000000 (w*=0.000000)  phi_std=0.000000
      draw 200/800  L_train=0.000000 (w*=0.000000)  phi_std=0.000000
      draw 300/800  L_train=0.000000 (w*=0.000000)  phi_std=0.000000
      draw 400/800  L_train=0.000000 (w*=0.000000)  phi_std=0.000000
      draw 500/800  L_train=0.000000 (w*=0.000000)  phi_std=0.000000
      draw 600/800  L_train=0.000000 (w*=0.000000)  phi_std=0.000000
      draw 700/800  L_train=0.000000 (w*=0.000000)  phi_std=0.000000
      draw 800/800  L_train=0.000000 (w*=0.000000)  phi_std=0.000000
    chi[1,0]: mean=4.36e-10  std=6.52e-10  L_train mean=0.000000  L_train std=0.000000  L_train(w*)=0.000000
  layer=1 head=1
      draw 100/800  L_train=0.000000 (w*=0.000000)  phi_std=0.000000
      draw 200/800  L_train=0.000001 (w*=0.000000)  phi_std=0.000000
      draw 300/800  L_train=0.000000 (w*=0.000000)  phi_std=0.000000
      draw 400/800  L_train=0.000000 (w*=0.000000)  phi_std=0.000000
      draw 500/800  L_train=0.000000 (w*=0.000000)  phi_std=0.000000
      draw 600/800  L_train=0.000000 (w*=0.000000)  phi_std=0.000000
      draw 700/800  L_train=0.000000 (w*=0.000000)  phi_std=0.000000
      draw 800/800  L_train=0.000000 (w*=0.000000)  phi_std=0.000000
    chi[1,1]: mean=6.09e-10  std=7.70e-10  L_train mean=0.000000  L_train std=0.000000  L_train(w*)=0.000000
  layer=1 head=2
      draw 100/800  L_train=0.000000 (w*=0.000000)  phi_std=0.000000
      draw 200/800  L_train=0.000001 (w*=0.000000)  phi_std=0.000000
      draw 300/800  L_train=0.000001 (w*=0.000000)  phi_std=0.000000
      draw 400/800  L_train=0.000000 (w*=0.000000)  phi_std=0.000000
      draw 500/800  L_train=0.000000 (w*=0.000000)  phi_std=0.000000
      draw 600/800  L_train=0.000000 (w*=0.000000)  phi_std=0.000000
      draw 700/800  L_train=0.000000 (w*=0.000000)  phi_std=0.000000
      draw 800/800  L_train=0.000000 (w*=0.000000)  phi_std=0.000000
    chi[1,2]: mean=5.05e-10  std=9.61e-10  L_train mean=0.000000  L_train std=0.000000  L_train(w*)=0.000000
  layer=1 head=3
      draw 100/800  L_train=0.000000 (w*=0.000000)  phi_std=0.000000
      draw 200/800  L_train=0.000000 (w*=0.000000)  phi_std=0.000000
      draw 300/800  L_train=0.000000 (w*=0.000000)  phi_std=0.000000
      draw 400/800  L_train=0.000000 (w*=0.000000)  phi_std=0.000000
      draw 500/800  L_train=0.000000 (w*=0.000000)  phi_std=0.000000
      draw 600/800  L_train=0.000000 (w*=0.000000)  phi_std=0.000000
      draw 700/800  L_train=0.000000 (w*=0.000000)  phi_std=0.000000
      draw 800/800  L_train=0.000001 (w*=0.000000)  phi_std=0.000000
    chi[1,3]: mean=-2.91e-10  std=1.33e-09  L_train mean=0.000000  L_train std=0.000000  L_train(w*)=0.000000
  layer=2 head=0
      draw 100/800  L_train=0.000000 (w*=0.000000)  phi_std=0.000000
      draw 200/800  L_train=0.000000 (w*=0.000000)  phi_std=0.000000
      draw 300/800  L_train=0.000000 (w*=0.000000)  phi_std=0.000000
      draw 400/800  L_train=0.000000 (w*=0.000000)  phi_std=0.000000
      draw 500/800  L_train=0.000000 (w*=0.000000)  phi_std=0.000000
      draw 600/800  L_train=0.000000 (w*=0.000000)  phi_std=0.000000
      draw 700/800  L_train=0.000000 (w*=0.000000)  phi_std=0.000000
      draw 800/800  L_train=0.000000 (w*=0.000000)  phi_std=0.000000
    chi[2,0]: mean=2.58e-10  std=3.82e-10  L_train mean=0.000000  L_train std=0.000000  L_train(w*)=0.000000
  layer=2 head=1
      draw 100/800  L_train=0.000000 (w*=0.000000)  phi_std=0.000000
      draw 200/800  L_train=0.000000 (w*=0.000000)  phi_std=0.000000
      draw 300/800  L_train=0.000000 (w*=0.000000)  phi_std=0.000000
      draw 400/800  L_train=0.000000 (w*=0.000000)  phi_std=0.000000
      draw 500/800  L_train=0.000000 (w*=0.000000)  phi_std=0.000000
      draw 600/800  L_train=0.000001 (w*=0.000000)  phi_std=0.000000
      draw 700/800  L_train=0.000000 (w*=0.000000)  phi_std=0.000000
      draw 800/800  L_train=0.000000 (w*=0.000000)  phi_std=0.000000
    chi[2,1]: mean=1.74e-10  std=2.95e-10  L_train mean=0.000000  L_train std=0.000000  L_train(w*)=0.000000
  layer=2 head=2
      draw 100/800  L_train=0.000000 (w*=0.000000)  phi_std=0.000000
      draw 200/800  L_train=0.000000 (w*=0.000000)  phi_std=0.000000
      draw 300/800  L_train=0.000000 (w*=0.000000)  phi_std=0.000000
      draw 400/800  L_train=0.000000 (w*=0.000000)  phi_std=0.000000
      draw 500/800  L_train=0.000000 (w*=0.000000)  phi_std=0.000000
      draw 600/800  L_train=0.000000 (w*=0.000000)  phi_std=0.000000
      draw 700/800  L_train=0.000000 (w*=0.000000)  phi_std=0.000000
      draw 800/800  L_train=0.000000 (w*=0.000000)  phi_std=0.000000
    chi[2,2]: mean=2.04e-10  std=5.33e-10  L_train mean=0.000000  L_train std=0.000000  L_train(w*)=0.000000
  layer=2 head=3
      draw 100/800  L_train=0.000000 (w*=0.000000)  phi_std=0.000000
      draw 200/800  L_train=0.000000 (w*=0.000000)  phi_std=0.000000
      draw 300/800  L_train=0.000000 (w*=0.000000)  phi_std=0.000000
      draw 400/800  L_train=0.000000 (w*=0.000000)  phi_std=0.000000
      draw 500/800  L_train=0.000000 (w*=0.000000)  phi_std=0.000000
      draw 600/800  L_train=0.000000 (w*=0.000000)  phi_std=0.000000
      draw 700/800  L_train=0.000000 (w*=0.000000)  phi_std=0.000000
      draw 800/800  L_train=0.000000 (w*=0.000000)  phi_std=0.000000
    chi[2,3]: mean=3.67e-10  std=5.38e-10  L_train mean=0.000000  L_train std=0.000000  L_train(w*)=0.000000
  Saved /root/id-predict-ood/cptsusceptibility/results/41272f97_cpt.npy  shape=(3, 4, 200)

[7/25] model 4b1821a6
  layer=0 head=0
      draw 100/800  L_train=0.000000 (w*=0.000000)  phi_std=0.000000
      draw 200/800  L_train=0.000000 (w*=0.000000)  phi_std=0.000000
      draw 300/800  L_train=0.000000 (w*=0.000000)  phi_std=0.000000
      draw 400/800  L_train=0.000000 (w*=0.000000)  phi_std=0.000000
      draw 500/800  L_train=0.000000 (w*=0.000000)  phi_std=0.000000
      draw 600/800  L_train=0.000000 (w*=0.000000)  phi_std=0.000000
      draw 700/800  L_train=0.000000 (w*=0.000000)  phi_std=0.000000
      draw 800/800  L_train=0.000000 (w*=0.000000)  phi_std=0.000000
    chi[0,0]: mean=2.18e-10  std=1.19e-09  L_train mean=0.000000  L_train std=0.000000  L_train(w*)=0.000000
  layer=0 head=1
      draw 100/800  L_train=0.000000 (w*=0.000000)  phi_std=0.000000
      draw 200/800  L_train=0.000000 (w*=0.000000)  phi_std=0.000000
      draw 300/800  L_train=0.000000 (w*=0.000000)  phi_std=0.000000
      draw 400/800  L_train=0.000000 (w*=0.000000)  phi_std=0.000000
      draw 500/800  L_train=0.000000 (w*=0.000000)  phi_std=0.000000
      draw 600/800  L_train=0.000000 (w*=0.000000)  phi_std=0.000000
      draw 700/800  L_train=0.000000 (w*=0.000000)  phi_std=0.000000
      draw 800/800  L_train=0.000000 (w*=0.000000)  phi_std=0.000000
    chi[0,1]: mean=4.02e-10  std=1.96e-09  L_train mean=0.000000  L_train std=0.000000  L_train(w*)=0.000000
  layer=0 head=2
      draw 100/800  L_train=0.000000 (w*=0.000000)  phi_std=0.000000
      draw 200/800  L_train=0.000000 (w*=0.000000)  phi_std=0.000000
      draw 300/800  L_train=0.000000 (w*=0.000000)  phi_std=0.000000
      draw 400/800  L_train=0.000000 (w*=0.000000)  phi_std=0.000000
      draw 500/800  L_train=0.000000 (w*=0.000000)  phi_std=0.000000
      draw 600/800  L_train=0.000000 (w*=0.000000)  phi_std=0.000000
      draw 700/800  L_train=0.000000 (w*=0.000000)  phi_std=0.000000
      draw 800/800  L_train=0.000000 (w*=0.000000)  phi_std=0.000000
    chi[0,2]: mean=-3.45e-11  std=2.60e-09  L_train mean=0.000000  L_train std=0.000000  L_train(w*)=0.000000
  layer=0 head=3
      draw 100/800  L_train=0.000000 (w*=0.000000)  phi_std=0.000000
      draw 200/800  L_train=0.000001 (w*=0.000000)  phi_std=0.000000
      draw 300/800  L_train=0.000000 (w*=0.000000)  phi_std=0.000000
      draw 400/800  L_train=0.000000 (w*=0.000000)  phi_std=0.000000
      draw 500/800  L_train=0.000000 (w*=0.000000)  phi_std=0.000000
      draw 600/800  L_train=0.000000 (w*=0.000000)  phi_std=0.000000
      draw 700/800  L_train=0.000000 (w*=0.000000)  phi_std=0.000000
      draw 800/800  L_train=0.000000 (w*=0.000000)  phi_std=0.000000
    chi[0,3]: mean=5.58e-10  std=1.94e-09  L_train mean=0.000000  L_train std=0.000000  L_train(w*)=0.000000
  layer=1 head=0
      draw 100/800  L_train=0.000000 (w*=0.000000)  phi_std=0.000000
      draw 200/800  L_train=0.000000 (w*=0.000000)  phi_std=0.000000
      draw 300/800  L_train=0.000000 (w*=0.000000)  phi_std=0.000000
      draw 400/800  L_train=0.000001 (w*=0.000000)  phi_std=0.000000
      draw 500/800  L_train=0.000001 (w*=0.000000)  phi_std=0.000000
      draw 600/800  L_train=0.000001 (w*=0.000000)  phi_std=0.000001
      draw 700/800  L_train=0.000000 (w*=0.000000)  phi_std=0.000001
      draw 800/800  L_train=0.000001 (w*=0.000000)  phi_std=0.000001
    chi[1,0]: mean=9.03e-09  std=7.03e-08  L_train mean=0.000001  L_train std=0.000001  L_train(w*)=0.000000
  layer=1 head=1
      draw 100/800  L_train=0.000000 (w*=0.000000)  phi_std=0.000001
      draw 200/800  L_train=0.000000 (w*=0.000000)  phi_std=0.000000
      draw 300/800  L_train=0.000000 (w*=0.000000)  phi_std=0.000000
      draw 400/800  L_train=0.000001 (w*=0.000000)  phi_std=0.000000
      draw 500/800  L_train=0.000001 (w*=0.000000)  phi_std=0.000001
      draw 600/800  L_train=0.000000 (w*=0.000000)  phi_std=0.000001
      draw 700/800  L_train=0.000000 (w*=0.000000)  phi_std=0.000000
      draw 800/800  L_train=0.000001 (w*=0.000000)  phi_std=0.000000
    chi[1,1]: mean=2.84e-08  std=9.64e-08  L_train mean=0.000001  L_train std=0.000000  L_train(w*)=0.000000
  layer=1 head=2
      draw 100/800  L_train=0.000000 (w*=0.000000)  phi_std=0.000000
      draw 200/800  L_train=0.000000 (w*=0.000000)  phi_std=0.000000
      draw 300/800  L_train=0.000000 (w*=0.000000)  phi_std=0.000000
      draw 400/800  L_train=0.000001 (w*=0.000000)  phi_std=0.000000
      draw 500/800  L_train=0.000001 (w*=0.000000)  phi_std=0.000000
      draw 600/800  L_train=0.000000 (w*=0.000000)  phi_std=0.000000
      draw 700/800  L_train=0.000001 (w*=0.000000)  phi_std=0.000000
      draw 800/800  L_train=0.000000 (w*=0.000000)  phi_std=0.000000
    chi[1,2]: mean=5.71e-09  std=2.18e-08  L_train mean=0.000001  L_train std=0.000000  L_train(w*)=0.000000
  layer=1 head=3
      draw 100/800  L_train=0.000000 (w*=0.000000)  phi_std=0.000000
      draw 200/800  L_train=0.000000 (w*=0.000000)  phi_std=0.000000
      draw 300/800  L_train=0.000001 (w*=0.000000)  phi_std=0.000000
      draw 400/800  L_train=0.000000 (w*=0.000000)  phi_std=0.000000
      draw 500/800  L_train=0.000001 (w*=0.000000)  phi_std=0.000000
      draw 600/800  L_train=0.000001 (w*=0.000000)  phi_std=0.000000
      draw 700/800  L_train=0.000000 (w*=0.000000)  phi_std=0.000000
      draw 800/800  L_train=0.000003 (w*=0.000000)  phi_std=0.000000
    chi[1,3]: mean=3.55e-09  std=1.41e-08  L_train mean=0.000001  L_train std=0.000000  L_train(w*)=0.000000
  layer=2 head=0
      draw 100/800  L_train=0.000000 (w*=0.000000)  phi_std=0.000000
      draw 200/800  L_train=0.000000 (w*=0.000000)  phi_std=0.000000
      draw 300/800  L_train=0.000001 (w*=0.000000)  phi_std=0.000000
      draw 400/800  L_train=0.000000 (w*=0.000000)  phi_std=0.000000
      draw 500/800  L_train=0.000000 (w*=0.000000)  phi_std=0.000000
      draw 600/800  L_train=0.000000 (w*=0.000000)  phi_std=0.000000
      draw 700/800  L_train=0.000000 (w*=0.000000)  phi_std=0.000000
      draw 800/800  L_train=0.000000 (w*=0.000000)  phi_std=0.000000
    chi[2,0]: mean=3.59e-09  std=1.05e-08  L_train mean=0.000000  L_train std=0.000000  L_train(w*)=0.000000
  layer=2 head=1
      draw 100/800  L_train=0.000000 (w*=0.000000)  phi_std=0.000000
      draw 200/800  L_train=0.000000 (w*=0.000000)  phi_std=0.000000
      draw 300/800  L_train=0.000000 (w*=0.000000)  phi_std=0.000000
      draw 400/800  L_train=0.000001 (w*=0.000000)  phi_std=0.000000
      draw 500/800  L_train=0.000001 (w*=0.000000)  phi_std=0.000000
      draw 600/800  L_train=0.000000 (w*=0.000000)  phi_std=0.000000
      draw 700/800  L_train=0.000001 (w*=0.000000)  phi_std=0.000000
      draw 800/800  L_train=0.000001 (w*=0.000000)  phi_std=0.000000
    chi[2,1]: mean=1.26e-09  std=3.91e-09  L_train mean=0.000000  L_train std=0.000000  L_train(w*)=0.000000
  layer=2 head=2
      draw 100/800  L_train=0.000000 (w*=0.000000)  phi_std=0.000000
      draw 200/800  L_train=0.000001 (w*=0.000000)  phi_std=0.000000
      draw 300/800  L_train=0.000001 (w*=0.000000)  phi_std=0.000000
      draw 400/800  L_train=0.000001 (w*=0.000000)  phi_std=0.000000
      draw 500/800  L_train=0.000001 (w*=0.000000)  phi_std=0.000000
      draw 600/800  L_train=0.000000 (w*=0.000000)  phi_std=0.000000
      draw 700/800  L_train=0.000000 (w*=0.000000)  phi_std=0.000000
      draw 800/800  L_train=0.000000 (w*=0.000000)  phi_std=0.000000
    chi[2,2]: mean=4.47e-09  std=1.37e-08  L_train mean=0.000001  L_train std=0.000000  L_train(w*)=0.000000
  layer=2 head=3
      draw 100/800  L_train=0.000000 (w*=0.000000)  phi_std=0.000000
      draw 200/800  L_train=0.000001 (w*=0.000000)  phi_std=0.000000
      draw 300/800  L_train=0.000001 (w*=0.000000)  phi_std=0.000000
      draw 400/800  L_train=0.000000 (w*=0.000000)  phi_std=0.000000
      draw 500/800  L_train=0.000000 (w*=0.000000)  phi_std=0.000000
      draw 600/800  L_train=0.000000 (w*=0.000000)  phi_std=0.000000
      draw 700/800  L_train=0.000001 (w*=0.000000)  phi_std=0.000000
      draw 800/800  L_train=0.000000 (w*=0.000000)  phi_std=0.000000
    chi[2,3]: mean=4.13e-11  std=1.14e-09  L_train mean=0.000000  L_train std=0.000000  L_train(w*)=0.000000
  Saved /root/id-predict-ood/cptsusceptibility/results/4b1821a6_cpt.npy  shape=(3, 4, 200)

[8/25] model 4b814970
  layer=0 head=0
      draw 100/800  L_train=0.000000 (w*=0.000000)  phi_std=0.000000
      draw 200/800  L_train=0.000000 (w*=0.000000)  phi_std=0.000000
      draw 300/800  L_train=0.000000 (w*=0.000000)  phi_std=0.000000
      draw 400/800  L_train=0.000000 (w*=0.000000)  phi_std=0.000000
      draw 500/800  L_train=0.000000 (w*=0.000000)  phi_std=0.000000
      draw 600/800  L_train=0.000000 (w*=0.000000)  phi_std=0.000000
      draw 700/800  L_train=0.000000 (w*=0.000000)  phi_std=0.000000
      draw 800/800  L_train=0.000000 (w*=0.000000)  phi_std=0.000000
    chi[0,0]: mean=0.00e+00  std=0.00e+00  L_train mean=0.000000  L_train std=0.000000  L_train(w*)=0.000000
  layer=0 head=1
      draw 100/800  L_train=0.000000 (w*=0.000000)  phi_std=0.000000
      draw 200/800  L_train=0.000000 (w*=0.000000)  phi_std=0.000000
      draw 300/800  L_train=0.000000 (w*=0.000000)  phi_std=0.000000
      draw 400/800  L_train=0.000000 (w*=0.000000)  phi_std=0.000000
      draw 500/800  L_train=0.000000 (w*=0.000000)  phi_std=0.000000
      draw 600/800  L_train=0.000000 (w*=0.000000)  phi_std=0.000000
      draw 700/800  L_train=0.000000 (w*=0.000000)  phi_std=0.000000
      draw 800/800  L_train=0.000000 (w*=0.000000)  phi_std=0.000000
    chi[0,1]: mean=0.00e+00  std=0.00e+00  L_train mean=0.000000  L_train std=0.000000  L_train(w*)=0.000000
  layer=0 head=2
      draw 100/800  L_train=0.000000 (w*=0.000000)  phi_std=0.000000
      draw 200/800  L_train=0.000000 (w*=0.000000)  phi_std=0.000000
      draw 300/800  L_train=0.000000 (w*=0.000000)  phi_std=0.000000
      draw 400/800  L_train=0.000000 (w*=0.000000)  phi_std=0.000000
      draw 500/800  L_train=0.000000 (w*=0.000000)  phi_std=0.000000
      draw 600/800  L_train=0.000000 (w*=0.000000)  phi_std=0.000000
      draw 700/800  L_train=0.000000 (w*=0.000000)  phi_std=0.000000
      draw 800/800  L_train=0.000000 (w*=0.000000)  phi_std=0.000000
    chi[0,2]: mean=0.00e+00  std=0.00e+00  L_train mean=0.000000  L_train std=0.000000  L_train(w*)=0.000000
  layer=0 head=3
      draw 100/800  L_train=0.000000 (w*=0.000000)  phi_std=0.000000
      draw 200/800  L_train=0.000000 (w*=0.000000)  phi_std=0.000000
      draw 300/800  L_train=0.000000 (w*=0.000000)  phi_std=0.000000
      draw 400/800  L_train=0.000000 (w*=0.000000)  phi_std=0.000000
      draw 500/800  L_train=0.000000 (w*=0.000000)  phi_std=0.000000
      draw 600/800  L_train=0.000000 (w*=0.000000)  phi_std=0.000000
      draw 700/800  L_train=0.000000 (w*=0.000000)  phi_std=0.000000
      draw 800/800  L_train=0.000000 (w*=0.000000)  phi_std=0.000000
    chi[0,3]: mean=0.00e+00  std=0.00e+00  L_train mean=0.000000  L_train std=0.000000  L_train(w*)=0.000000
  layer=1 head=0
      draw 100/800  L_train=0.000000 (w*=0.000000)  phi_std=0.000000
      draw 200/800  L_train=0.000000 (w*=0.000000)  phi_std=0.000000
      draw 300/800  L_train=0.000000 (w*=0.000000)  phi_std=0.000000
      draw 400/800  L_train=0.000000 (w*=0.000000)  phi_std=0.000000
      draw 500/800  L_train=0.000000 (w*=0.000000)  phi_std=0.000000
      draw 600/800  L_train=0.000000 (w*=0.000000)  phi_std=0.000000
      draw 700/800  L_train=0.000000 (w*=0.000000)  phi_std=0.000000
      draw 800/800  L_train=0.000000 (w*=0.000000)  phi_std=0.000000
    chi[1,0]: mean=1.33e-10  std=1.02e-09  L_train mean=0.000000  L_train std=0.000000  L_train(w*)=0.000000
  layer=1 head=1
      draw 100/800  L_train=0.000000 (w*=0.000000)  phi_std=0.000000
      draw 200/800  L_train=0.000000 (w*=0.000000)  phi_std=0.000000
      draw 300/800  L_train=0.000000 (w*=0.000000)  phi_std=0.000000
      draw 400/800  L_train=0.000000 (w*=0.000000)  phi_std=0.000000
      draw 500/800  L_train=0.000000 (w*=0.000000)  phi_std=0.000000
      draw 600/800  L_train=0.000000 (w*=0.000000)  phi_std=0.000000
      draw 700/800  L_train=0.000000 (w*=0.000000)  phi_std=0.000000
      draw 800/800  L_train=0.000000 (w*=0.000000)  phi_std=0.000001
    chi[1,1]: mean=1.64e-07  std=4.47e-07  L_train mean=0.000000  L_train std=0.000001  L_train(w*)=0.000000
  layer=1 head=2
      draw 100/800  L_train=0.000000 (w*=0.000000)  phi_std=0.000000
      draw 200/800  L_train=0.000000 (w*=0.000000)  phi_std=0.000000
      draw 300/800  L_train=0.000000 (w*=0.000000)  phi_std=0.000000
      draw 400/800  L_train=0.000000 (w*=0.000000)  phi_std=0.000000
      draw 500/800  L_train=0.000000 (w*=0.000000)  phi_std=0.000000
      draw 600/800  L_train=0.000000 (w*=0.000000)  phi_std=0.000000
      draw 700/800  L_train=0.000000 (w*=0.000000)  phi_std=0.000000
      draw 800/800  L_train=0.000000 (w*=0.000000)  phi_std=0.000000
    chi[1,2]: mean=1.52e-10  std=3.95e-10  L_train mean=0.000000  L_train std=0.000000  L_train(w*)=0.000000
  layer=1 head=3
      draw 100/800  L_train=0.000000 (w*=0.000000)  phi_std=0.000000
      draw 200/800  L_train=0.000000 (w*=0.000000)  phi_std=0.000000
      draw 300/800  L_train=0.000000 (w*=0.000000)  phi_std=0.000000
      draw 400/800  L_train=0.000000 (w*=0.000000)  phi_std=0.000000
      draw 500/800  L_train=0.000000 (w*=0.000000)  phi_std=0.000000
      draw 600/800  L_train=0.000000 (w*=0.000000)  phi_std=0.000000
      draw 700/800  L_train=0.000000 (w*=0.000000)  phi_std=0.000000
      draw 800/800  L_train=0.000000 (w*=0.000000)  phi_std=0.000000
    chi[1,3]: mean=-1.32e-10  std=4.70e-10  L_train mean=0.000000  L_train std=0.000000  L_train(w*)=0.000000
  layer=2 head=0
      draw 100/800  L_train=0.000000 (w*=0.000000)  phi_std=0.000000
      draw 200/800  L_train=0.000000 (w*=0.000000)  phi_std=0.000000
      draw 300/800  L_train=0.000000 (w*=0.000000)  phi_std=0.000000
      draw 400/800  L_train=0.000000 (w*=0.000000)  phi_std=0.000000
      draw 500/800  L_train=0.000000 (w*=0.000000)  phi_std=0.000000
      draw 600/800  L_train=0.000000 (w*=0.000000)  phi_std=0.000000
      draw 700/800  L_train=0.000000 (w*=0.000000)  phi_std=0.000000
      draw 800/800  L_train=0.000000 (w*=0.000000)  phi_std=0.000000
    chi[2,0]: mean=0.00e+00  std=0.00e+00  L_train mean=0.000000  L_train std=0.000000  L_train(w*)=0.000000
  layer=2 head=1
      draw 100/800  L_train=0.000000 (w*=0.000000)  phi_std=0.000000
      draw 200/800  L_train=0.000000 (w*=0.000000)  phi_std=0.000000
      draw 300/800  L_train=0.000000 (w*=0.000000)  phi_std=0.000000
      draw 400/800  L_train=0.000000 (w*=0.000000)  phi_std=0.000000
      draw 500/800  L_train=0.000000 (w*=0.000000)  phi_std=0.000000
      draw 600/800  L_train=0.000000 (w*=0.000000)  phi_std=0.000000
      draw 700/800  L_train=0.000000 (w*=0.000000)  phi_std=0.000000
      draw 800/800  L_train=0.000000 (w*=0.000000)  phi_std=0.000000
    chi[2,1]: mean=0.00e+00  std=0.00e+00  L_train mean=0.000000  L_train std=0.000000  L_train(w*)=0.000000
  layer=2 head=2
      draw 100/800  L_train=0.000000 (w*=0.000000)  phi_std=0.000000
      draw 200/800  L_train=0.000000 (w*=0.000000)  phi_std=0.000000
      draw 300/800  L_train=0.000000 (w*=0.000000)  phi_std=0.000000
      draw 400/800  L_train=0.000000 (w*=0.000000)  phi_std=0.000000
      draw 500/800  L_train=0.000000 (w*=0.000000)  phi_std=0.000000
      draw 600/800  L_train=0.000000 (w*=0.000000)  phi_std=0.000000
      draw 700/800  L_train=0.000000 (w*=0.000000)  phi_std=0.000000
      draw 800/800  L_train=0.000000 (w*=0.000000)  phi_std=0.000000
    chi[2,2]: mean=0.00e+00  std=0.00e+00  L_train mean=0.000000  L_train std=0.000000  L_train(w*)=0.000000
  layer=2 head=3
      draw 100/800  L_train=0.000000 (w*=0.000000)  phi_std=0.000000
      draw 200/800  L_train=0.000000 (w*=0.000000)  phi_std=0.000000
      draw 300/800  L_train=0.000000 (w*=0.000000)  phi_std=0.000000
      draw 400/800  L_train=0.000000 (w*=0.000000)  phi_std=0.000000
      draw 500/800  L_train=0.000000 (w*=0.000000)  phi_std=0.000000
      draw 600/800  L_train=0.000000 (w*=0.000000)  phi_std=0.000000
      draw 700/800  L_train=0.000000 (w*=0.000000)  phi_std=0.000000
      draw 800/800  L_train=0.000000 (w*=0.000000)  phi_std=0.000000
    chi[2,3]: mean=0.00e+00  std=0.00e+00  L_train mean=0.000000  L_train std=0.000000  L_train(w*)=0.000000
  Saved /root/id-predict-ood/cptsusceptibility/results/4b814970_cpt.npy  shape=(3, 4, 200)

[9/25] model 567e1a37
  layer=0 head=0
      draw 100/800  L_train=0.000000 (w*=0.000000)  phi_std=0.000000
      draw 200/800  L_train=0.000000 (w*=0.000000)  phi_std=0.000000
      draw 300/800  L_train=0.000000 (w*=0.000000)  phi_std=0.000000
      draw 400/800  L_train=0.000000 (w*=0.000000)  phi_std=0.000000
      draw 500/800  L_train=0.000000 (w*=0.000000)  phi_std=0.000000
      draw 600/800  L_train=0.000000 (w*=0.000000)  phi_std=0.000000
      draw 700/800  L_train=0.000000 (w*=0.000000)  phi_std=0.000000
      draw 800/800  L_train=0.000000 (w*=0.000000)  phi_std=0.000000
    chi[0,0]: mean=0.00e+00  std=0.00e+00  L_train mean=0.000000  L_train std=0.000000  L_train(w*)=0.000000
  layer=0 head=1
      draw 100/800  L_train=0.000000 (w*=0.000000)  phi_std=0.000000
      draw 200/800  L_train=0.000000 (w*=0.000000)  phi_std=0.000000
      draw 300/800  L_train=0.000000 (w*=0.000000)  phi_std=0.000000
      draw 400/800  L_train=0.000000 (w*=0.000000)  phi_std=0.000000
      draw 500/800  L_train=0.000000 (w*=0.000000)  phi_std=0.000000
      draw 600/800  L_train=0.000000 (w*=0.000000)  phi_std=0.000000
      draw 700/800  L_train=0.000000 (w*=0.000000)  phi_std=0.000000
      draw 800/800  L_train=0.000000 (w*=0.000000)  phi_std=0.000000
    chi[0,1]: mean=0.00e+00  std=0.00e+00  L_train mean=0.000000  L_train std=0.000000  L_train(w*)=0.000000
  layer=0 head=2
      draw 100/800  L_train=0.000000 (w*=0.000000)  phi_std=0.000000
      draw 200/800  L_train=0.000000 (w*=0.000000)  phi_std=0.000000
      draw 300/800  L_train=0.000000 (w*=0.000000)  phi_std=0.000000
      draw 400/800  L_train=0.000000 (w*=0.000000)  phi_std=0.000000
      draw 500/800  L_train=0.000000 (w*=0.000000)  phi_std=0.000000
      draw 600/800  L_train=0.000000 (w*=0.000000)  phi_std=0.000000
      draw 700/800  L_train=0.000000 (w*=0.000000)  phi_std=0.000000
      draw 800/800  L_train=0.000000 (w*=0.000000)  phi_std=0.000000
    chi[0,2]: mean=0.00e+00  std=0.00e+00  L_train mean=0.000000  L_train std=0.000000  L_train(w*)=0.000000
  layer=0 head=3
      draw 100/800  L_train=0.000000 (w*=0.000000)  phi_std=0.000000
      draw 200/800  L_train=0.000000 (w*=0.000000)  phi_std=0.000000
      draw 300/800  L_train=0.000000 (w*=0.000000)  phi_std=0.000000
      draw 400/800  L_train=0.000000 (w*=0.000000)  phi_std=0.000000
      draw 500/800  L_train=0.000000 (w*=0.000000)  phi_std=0.000000
      draw 600/800  L_train=0.000000 (w*=0.000000)  phi_std=0.000000
      draw 700/800  L_train=0.000000 (w*=0.000000)  phi_std=0.000000
      draw 800/800  L_train=0.000000 (w*=0.000000)  phi_std=0.000000
    chi[0,3]: mean=0.00e+00  std=0.00e+00  L_train mean=0.000000  L_train std=0.000000  L_train(w*)=0.000000
  layer=1 head=0
      draw 100/800  L_train=0.000000 (w*=0.000000)  phi_std=0.000000
      draw 200/800  L_train=0.000000 (w*=0.000000)  phi_std=0.000000
      draw 300/800  L_train=0.000000 (w*=0.000000)  phi_std=0.000000
      draw 400/800  L_train=0.000000 (w*=0.000000)  phi_std=0.000000
      draw 500/800  L_train=0.000000 (w*=0.000000)  phi_std=0.000000
      draw 600/800  L_train=0.000000 (w*=0.000000)  phi_std=0.000000
      draw 700/800  L_train=0.000000 (w*=0.000000)  phi_std=0.000000
      draw 800/800  L_train=0.000000 (w*=0.000000)  phi_std=0.000000
    chi[1,0]: mean=0.00e+00  std=0.00e+00  L_train mean=0.000000  L_train std=0.000000  L_train(w*)=0.000000
  layer=1 head=1
      draw 100/800  L_train=0.000000 (w*=0.000000)  phi_std=0.000000
      draw 200/800  L_train=0.000000 (w*=0.000000)  phi_std=0.000000
      draw 300/800  L_train=0.000000 (w*=0.000000)  phi_std=0.000000
      draw 400/800  L_train=0.000000 (w*=0.000000)  phi_std=0.000000
      draw 500/800  L_train=0.000000 (w*=0.000000)  phi_std=0.000000
      draw 600/800  L_train=0.000000 (w*=0.000000)  phi_std=0.000000
      draw 700/800  L_train=0.000000 (w*=0.000000)  phi_std=0.000000
      draw 800/800  L_train=0.000000 (w*=0.000000)  phi_std=0.000000
    chi[1,1]: mean=0.00e+00  std=0.00e+00  L_train mean=0.000000  L_train std=0.000000  L_train(w*)=0.000000
  layer=1 head=2
      draw 100/800  L_train=0.000000 (w*=0.000000)  phi_std=0.000000
      draw 200/800  L_train=0.000000 (w*=0.000000)  phi_std=0.000000
      draw 300/800  L_train=0.000000 (w*=0.000000)  phi_std=0.000000
      draw 400/800  L_train=0.000000 (w*=0.000000)  phi_std=0.000000
      draw 500/800  L_train=0.000000 (w*=0.000000)  phi_std=0.000000
      draw 600/800  L_train=0.000000 (w*=0.000000)  phi_std=0.000000
      draw 700/800  L_train=0.000000 (w*=0.000000)  phi_std=0.000000
      draw 800/800  L_train=0.000000 (w*=0.000000)  phi_std=0.000000
    chi[1,2]: mean=0.00e+00  std=0.00e+00  L_train mean=0.000000  L_train std=0.000000  L_train(w*)=0.000000
  layer=1 head=3
      draw 100/800  L_train=0.000000 (w*=0.000000)  phi_std=0.000000
      draw 200/800  L_train=0.000000 (w*=0.000000)  phi_std=0.000000
      draw 300/800  L_train=0.000000 (w*=0.000000)  phi_std=0.000000
      draw 400/800  L_train=0.000000 (w*=0.000000)  phi_std=0.000000
      draw 500/800  L_train=0.000000 (w*=0.000000)  phi_std=0.000000
      draw 600/800  L_train=0.000000 (w*=0.000000)  phi_std=0.000000
      draw 700/800  L_train=0.000000 (w*=0.000000)  phi_std=0.000000
      draw 800/800  L_train=0.000000 (w*=0.000000)  phi_std=0.000000
    chi[1,3]: mean=0.00e+00  std=0.00e+00  L_train mean=0.000000  L_train std=0.000000  L_train(w*)=0.000000
  layer=2 head=0
      draw 100/800  L_train=0.000000 (w*=0.000000)  phi_std=0.000000
      draw 200/800  L_train=0.000000 (w*=0.000000)  phi_std=0.000000
      draw 300/800  L_train=0.000000 (w*=0.000000)  phi_std=0.000000
      draw 400/800  L_train=0.000000 (w*=0.000000)  phi_std=0.000000
      draw 500/800  L_train=0.000000 (w*=0.000000)  phi_std=0.000000
      draw 600/800  L_train=0.000000 (w*=0.000000)  phi_std=0.000000
      draw 700/800  L_train=0.000000 (w*=0.000000)  phi_std=0.000000
      draw 800/800  L_train=0.000000 (w*=0.000000)  phi_std=0.000000
    chi[2,0]: mean=0.00e+00  std=0.00e+00  L_train mean=0.000000  L_train std=0.000000  L_train(w*)=0.000000
  layer=2 head=1
      draw 100/800  L_train=0.000000 (w*=0.000000)  phi_std=0.000000
      draw 200/800  L_train=0.000000 (w*=0.000000)  phi_std=0.000000
      draw 300/800  L_train=0.000000 (w*=0.000000)  phi_std=0.000000
      draw 400/800  L_train=0.000000 (w*=0.000000)  phi_std=0.000000
      draw 500/800  L_train=0.000000 (w*=0.000000)  phi_std=0.000000
      draw 600/800  L_train=0.000000 (w*=0.000000)  phi_std=0.000000
      draw 700/800  L_train=0.000000 (w*=0.000000)  phi_std=0.000000
      draw 800/800  L_train=0.000000 (w*=0.000000)  phi_std=0.000000
    chi[2,1]: mean=0.00e+00  std=0.00e+00  L_train mean=0.000000  L_train std=0.000000  L_train(w*)=0.000000
  layer=2 head=2
      draw 100/800  L_train=0.000000 (w*=0.000000)  phi_std=0.000000
      draw 200/800  L_train=0.000000 (w*=0.000000)  phi_std=0.000000
      draw 300/800  L_train=0.000000 (w*=0.000000)  phi_std=0.000000
      draw 400/800  L_train=0.000000 (w*=0.000000)  phi_std=0.000000
      draw 500/800  L_train=0.000000 (w*=0.000000)  phi_std=0.000000
      draw 600/800  L_train=0.000000 (w*=0.000000)  phi_std=0.000000
      draw 700/800  L_train=0.000000 (w*=0.000000)  phi_std=0.000000
      draw 800/800  L_train=0.000000 (w*=0.000000)  phi_std=0.000000
    chi[2,2]: mean=0.00e+00  std=0.00e+00  L_train mean=0.000000  L_train std=0.000000  L_train(w*)=0.000000
  layer=2 head=3
      draw 100/800  L_train=0.000000 (w*=0.000000)  phi_std=0.000000
      draw 200/800  L_train=0.000000 (w*=0.000000)  phi_std=0.000000
      draw 300/800  L_train=0.000000 (w*=0.000000)  phi_std=0.000000
      draw 400/800  L_train=0.000000 (w*=0.000000)  phi_std=0.000000
      draw 500/800  L_train=0.000000 (w*=0.000000)  phi_std=0.000000
      draw 600/800  L_train=0.000000 (w*=0.000000)  phi_std=0.000000
      draw 700/800  L_train=0.000000 (w*=0.000000)  phi_std=0.000000
      draw 800/800  L_train=0.000000 (w*=0.000000)  phi_std=0.000000
    chi[2,3]: mean=0.00e+00  std=0.00e+00  L_train mean=0.000000  L_train std=0.000000  L_train(w*)=0.000000
  Saved /root/id-predict-ood/cptsusceptibility/results/567e1a37_cpt.npy  shape=(3, 4, 200)

[10/25] model 5c5390ec
  layer=0 head=0
      draw 100/800  L_train=0.000000 (w*=0.000000)  phi_std=0.000000
      draw 200/800  L_train=0.000000 (w*=0.000000)  phi_std=0.000000
      draw 300/800  L_train=0.000000 (w*=0.000000)  phi_std=0.000000
      draw 400/800  L_train=0.000000 (w*=0.000000)  phi_std=0.000000
      draw 500/800  L_train=0.000000 (w*=0.000000)  phi_std=0.000000
      draw 600/800  L_train=0.000000 (w*=0.000000)  phi_std=0.001303
      draw 700/800  L_train=0.000000 (w*=0.000000)  phi_std=0.001207
      draw 800/800  L_train=0.000000 (w*=0.000000)  phi_std=0.001129
    chi[0,0]: mean=3.76e-05  std=8.46e-05  L_train mean=0.000053  L_train std=0.001129  L_train(w*)=0.000000
  layer=0 head=1
      draw 100/800  L_train=0.000000 (w*=0.000000)  phi_std=0.000000
      draw 200/800  L_train=0.000000 (w*=0.000000)  phi_std=0.000000
      draw 300/800  L_train=0.000000 (w*=0.000000)  phi_std=0.000000
      draw 400/800  L_train=0.000000 (w*=0.000000)  phi_std=0.000000
      draw 500/800  L_train=0.000000 (w*=0.000000)  phi_std=0.000000
      draw 600/800  L_train=0.000000 (w*=0.000000)  phi_std=0.000000
      draw 700/800  L_train=0.000000 (w*=0.000000)  phi_std=0.000000
      draw 800/800  L_train=0.000000 (w*=0.000000)  phi_std=0.000000
    chi[0,1]: mean=0.00e+00  std=0.00e+00  L_train mean=0.000000  L_train std=0.000000  L_train(w*)=0.000000
  layer=0 head=2
      draw 100/800  L_train=0.000000 (w*=0.000000)  phi_std=0.000000
      draw 200/800  L_train=0.000000 (w*=0.000000)  phi_std=0.000000
      draw 300/800  L_train=0.000000 (w*=0.000000)  phi_std=0.000000
      draw 400/800  L_train=0.000000 (w*=0.000000)  phi_std=0.000000
      draw 500/800  L_train=0.000000 (w*=0.000000)  phi_std=0.000000
      draw 600/800  L_train=0.000000 (w*=0.000000)  phi_std=0.000000
      draw 700/800  L_train=0.000000 (w*=0.000000)  phi_std=0.000000
      draw 800/800  L_train=0.000000 (w*=0.000000)  phi_std=0.000000
    chi[0,2]: mean=0.00e+00  std=0.00e+00  L_train mean=0.000000  L_train std=0.000000  L_train(w*)=0.000000
  layer=0 head=3
      draw 100/800  L_train=0.000000 (w*=0.000000)  phi_std=0.000000
      draw 200/800  L_train=0.000000 (w*=0.000000)  phi_std=0.000000
      draw 300/800  L_train=0.000000 (w*=0.000000)  phi_std=0.000000
      draw 400/800  L_train=0.000000 (w*=0.000000)  phi_std=0.000000
      draw 500/800  L_train=0.000000 (w*=0.000000)  phi_std=0.000000
      draw 600/800  L_train=0.000000 (w*=0.000000)  phi_std=0.000000
      draw 700/800  L_train=0.000000 (w*=0.000000)  phi_std=0.000000
      draw 800/800  L_train=0.000000 (w*=0.000000)  phi_std=0.000000
    chi[0,3]: mean=0.00e+00  std=0.00e+00  L_train mean=0.000000  L_train std=0.000000  L_train(w*)=0.000000
  layer=1 head=0
      draw 100/800  L_train=0.000000 (w*=0.000000)  phi_std=0.000000
      draw 200/800  L_train=0.000000 (w*=0.000000)  phi_std=0.000000
      draw 300/800  L_train=0.000000 (w*=0.000000)  phi_std=0.000000
      draw 400/800  L_train=0.000000 (w*=0.000000)  phi_std=0.000000
      draw 500/800  L_train=0.000000 (w*=0.000000)  phi_std=0.000000
      draw 600/800  L_train=0.000000 (w*=0.000000)  phi_std=0.000000
      draw 700/800  L_train=0.000000 (w*=0.000000)  phi_std=0.000000
      draw 800/800  L_train=0.000000 (w*=0.000000)  phi_std=0.000000
    chi[1,0]: mean=1.03e-10  std=8.21e-11  L_train mean=0.000000  L_train std=0.000000  L_train(w*)=0.000000
  layer=1 head=1
      draw 100/800  L_train=0.000000 (w*=0.000000)  phi_std=0.000000
      draw 200/800  L_train=0.000000 (w*=0.000000)  phi_std=0.000000
      draw 300/800  L_train=0.000000 (w*=0.000000)  phi_std=0.000000
      draw 400/800  L_train=0.000000 (w*=0.000000)  phi_std=0.000000
      draw 500/800  L_train=0.000000 (w*=0.000000)  phi_std=0.000000
      draw 600/800  L_train=0.000000 (w*=0.000000)  phi_std=0.000000
      draw 700/800  L_train=0.000000 (w*=0.000000)  phi_std=0.000000
      draw 800/800  L_train=0.000000 (w*=0.000000)  phi_std=0.000000
    chi[1,1]: mean=0.00e+00  std=0.00e+00  L_train mean=0.000000  L_train std=0.000000  L_train(w*)=0.000000
  layer=1 head=2
      draw 100/800  L_train=0.000000 (w*=0.000000)  phi_std=0.000000
      draw 200/800  L_train=0.000000 (w*=0.000000)  phi_std=0.000000
      draw 300/800  L_train=0.000000 (w*=0.000000)  phi_std=0.000000
      draw 400/800  L_train=0.000000 (w*=0.000000)  phi_std=0.000000
      draw 500/800  L_train=0.000000 (w*=0.000000)  phi_std=0.000000
      draw 600/800  L_train=0.000000 (w*=0.000000)  phi_std=0.000000
      draw 700/800  L_train=0.000000 (w*=0.000000)  phi_std=0.000000
      draw 800/800  L_train=0.000000 (w*=0.000000)  phi_std=0.000000
    chi[1,2]: mean=0.00e+00  std=0.00e+00  L_train mean=0.000000  L_train std=0.000000  L_train(w*)=0.000000
  layer=1 head=3
      draw 100/800  L_train=0.000000 (w*=0.000000)  phi_std=0.000000
      draw 200/800  L_train=0.000000 (w*=0.000000)  phi_std=0.000000
      draw 300/800  L_train=0.000000 (w*=0.000000)  phi_std=0.000000
      draw 400/800  L_train=0.000000 (w*=0.000000)  phi_std=0.000000
      draw 500/800  L_train=0.000000 (w*=0.000000)  phi_std=0.000000
      draw 600/800  L_train=0.000000 (w*=0.000000)  phi_std=0.000000
      draw 700/800  L_train=0.000000 (w*=0.000000)  phi_std=0.000000
      draw 800/800  L_train=0.000000 (w*=0.000000)  phi_std=0.000000
    chi[1,3]: mean=3.57e-12  std=2.49e-12  L_train mean=0.000000  L_train std=0.000000  L_train(w*)=0.000000
  layer=2 head=0
      draw 100/800  L_train=0.000000 (w*=0.000000)  phi_std=0.000000
      draw 200/800  L_train=0.000000 (w*=0.000000)  phi_std=0.000000
      draw 300/800  L_train=0.000000 (w*=0.000000)  phi_std=0.000000
      draw 400/800  L_train=0.000000 (w*=0.000000)  phi_std=0.000000
      draw 500/800  L_train=0.000000 (w*=0.000000)  phi_std=0.000000
      draw 600/800  L_train=0.000000 (w*=0.000000)  phi_std=0.000000
      draw 700/800  L_train=0.000000 (w*=0.000000)  phi_std=0.000000
      draw 800/800  L_train=0.000000 (w*=0.000000)  phi_std=0.000000
    chi[2,0]: mean=0.00e+00  std=0.00e+00  L_train mean=0.000000  L_train std=0.000000  L_train(w*)=0.000000
  layer=2 head=1
      draw 100/800  L_train=0.000000 (w*=0.000000)  phi_std=0.000000
      draw 200/800  L_train=0.000000 (w*=0.000000)  phi_std=0.000000
      draw 300/800  L_train=0.000000 (w*=0.000000)  phi_std=0.000000
      draw 400/800  L_train=0.000000 (w*=0.000000)  phi_std=0.000000
      draw 500/800  L_train=0.000000 (w*=0.000000)  phi_std=0.000000
      draw 600/800  L_train=0.000000 (w*=0.000000)  phi_std=0.000000
      draw 700/800  L_train=0.000000 (w*=0.000000)  phi_std=0.000000
      draw 800/800  L_train=0.000000 (w*=0.000000)  phi_std=0.000000
    chi[2,1]: mean=0.00e+00  std=0.00e+00  L_train mean=0.000000  L_train std=0.000000  L_train(w*)=0.000000
  layer=2 head=2
      draw 100/800  L_train=0.000000 (w*=0.000000)  phi_std=0.000000
      draw 200/800  L_train=0.000000 (w*=0.000000)  phi_std=0.000000
      draw 300/800  L_train=0.000000 (w*=0.000000)  phi_std=0.000000
      draw 400/800  L_train=0.000000 (w*=0.000000)  phi_std=0.000000
      draw 500/800  L_train=0.000000 (w*=0.000000)  phi_std=0.000000
      draw 600/800  L_train=0.000000 (w*=0.000000)  phi_std=0.000000
      draw 700/800  L_train=0.000000 (w*=0.000000)  phi_std=0.000000
      draw 800/800  L_train=0.000000 (w*=0.000000)  phi_std=0.000000
    chi[2,2]: mean=0.00e+00  std=0.00e+00  L_train mean=0.000000  L_train std=0.000000  L_train(w*)=0.000000
  layer=2 head=3
      draw 100/800  L_train=0.000000 (w*=0.000000)  phi_std=0.000000
      draw 200/800  L_train=0.000000 (w*=0.000000)  phi_std=0.000000
      draw 300/800  L_train=0.000000 (w*=0.000000)  phi_std=0.000000
      draw 400/800  L_train=0.000000 (w*=0.000000)  phi_std=0.000000
      draw 500/800  L_train=0.000000 (w*=0.000000)  phi_std=0.000000
      draw 600/800  L_train=0.000000 (w*=0.000000)  phi_std=0.000000
      draw 700/800  L_train=0.000000 (w*=0.000000)  phi_std=0.000000
      draw 800/800  L_train=0.000000 (w*=0.000000)  phi_std=0.000000
    chi[2,3]: mean=0.00e+00  std=0.00e+00  L_train mean=0.000000  L_train std=0.000000  L_train(w*)=0.000000
  Saved /root/id-predict-ood/cptsusceptibility/results/5c5390ec_cpt.npy  shape=(3, 4, 200)

[11/25] model 6dc71cae
  layer=0 head=0
      draw 100/800  L_train=0.000000 (w*=0.000000)  phi_std=0.000000
      draw 200/800  L_train=0.000000 (w*=0.000000)  phi_std=0.000000
      draw 300/800  L_train=0.000000 (w*=0.000000)  phi_std=0.000000
      draw 400/800  L_train=0.000000 (w*=0.000000)  phi_std=0.000000
      draw 500/800  L_train=0.000000 (w*=0.000000)  phi_std=0.000000
      draw 600/800  L_train=0.000000 (w*=0.000000)  phi_std=0.000000
      draw 700/800  L_train=0.000000 (w*=0.000000)  phi_std=0.000000
      draw 800/800  L_train=0.000000 (w*=0.000000)  phi_std=0.000000
    chi[0,0]: mean=0.00e+00  std=0.00e+00  L_train mean=0.000000  L_train std=0.000000  L_train(w*)=0.000000
  layer=0 head=1
      draw 100/800  L_train=0.000000 (w*=0.000000)  phi_std=0.000000
      draw 200/800  L_train=0.000000 (w*=0.000000)  phi_std=0.000000
      draw 300/800  L_train=0.000000 (w*=0.000000)  phi_std=0.000000
      draw 400/800  L_train=0.000000 (w*=0.000000)  phi_std=0.000000
      draw 500/800  L_train=0.000000 (w*=0.000000)  phi_std=0.000000
      draw 600/800  L_train=0.000000 (w*=0.000000)  phi_std=0.000000
      draw 700/800  L_train=0.000000 (w*=0.000000)  phi_std=0.000000
      draw 800/800  L_train=0.000000 (w*=0.000000)  phi_std=0.000000
    chi[0,1]: mean=0.00e+00  std=0.00e+00  L_train mean=0.000000  L_train std=0.000000  L_train(w*)=0.000000
  layer=0 head=2
      draw 100/800  L_train=0.000000 (w*=0.000000)  phi_std=0.000000
      draw 200/800  L_train=0.000000 (w*=0.000000)  phi_std=0.000000
      draw 300/800  L_train=0.000000 (w*=0.000000)  phi_std=0.000000
      draw 400/800  L_train=0.000000 (w*=0.000000)  phi_std=0.000000
      draw 500/800  L_train=0.000000 (w*=0.000000)  phi_std=0.000000
      draw 600/800  L_train=0.000000 (w*=0.000000)  phi_std=0.000000
      draw 700/800  L_train=0.000000 (w*=0.000000)  phi_std=0.000000
      draw 800/800  L_train=0.000000 (w*=0.000000)  phi_std=0.000000
    chi[0,2]: mean=0.00e+00  std=0.00e+00  L_train mean=0.000000  L_train std=0.000000  L_train(w*)=0.000000
  layer=0 head=3
      draw 100/800  L_train=0.000000 (w*=0.000000)  phi_std=0.000000
      draw 200/800  L_train=0.000000 (w*=0.000000)  phi_std=0.000000
      draw 300/800  L_train=0.000000 (w*=0.000000)  phi_std=0.000000
      draw 400/800  L_train=0.000000 (w*=0.000000)  phi_std=0.000000
      draw 500/800  L_train=0.000000 (w*=0.000000)  phi_std=0.000000
      draw 600/800  L_train=0.000000 (w*=0.000000)  phi_std=0.000000
      draw 700/800  L_train=0.000000 (w*=0.000000)  phi_std=0.000000
      draw 800/800  L_train=0.000000 (w*=0.000000)  phi_std=0.000000
    chi[0,3]: mean=0.00e+00  std=0.00e+00  L_train mean=0.000000  L_train std=0.000000  L_train(w*)=0.000000
  layer=1 head=0
      draw 100/800  L_train=0.000000 (w*=0.000000)  phi_std=0.000000
      draw 200/800  L_train=0.000000 (w*=0.000000)  phi_std=0.000000
      draw 300/800  L_train=0.000000 (w*=0.000000)  phi_std=0.000000
      draw 400/800  L_train=0.000000 (w*=0.000000)  phi_std=0.009712
      draw 500/800  L_train=0.000000 (w*=0.000000)  phi_std=0.009255
      draw 600/800  L_train=0.000000 (w*=0.000000)  phi_std=0.008462
      draw 700/800  L_train=0.000000 (w*=0.000000)  phi_std=0.007844
      draw 800/800  L_train=0.000000 (w*=0.000000)  phi_std=0.007343
    chi[1,0]: mean=-1.10e-04  std=5.35e-03  L_train mean=0.000806  L_train std=0.007343  L_train(w*)=0.000000
  layer=1 head=1
      draw 100/800  L_train=0.000000 (w*=0.000000)  phi_std=0.000000
      draw 200/800  L_train=0.000000 (w*=0.000000)  phi_std=0.000000
      draw 300/800  L_train=0.000000 (w*=0.000000)  phi_std=0.000000
      draw 400/800  L_train=0.000000 (w*=0.000000)  phi_std=0.000000
      draw 500/800  L_train=0.000000 (w*=0.000000)  phi_std=0.000000
      draw 600/800  L_train=0.000000 (w*=0.000000)  phi_std=0.000000
      draw 700/800  L_train=0.000000 (w*=0.000000)  phi_std=0.000000
      draw 800/800  L_train=0.000000 (w*=0.000000)  phi_std=0.000000
    chi[1,1]: mean=7.92e-12  std=1.05e-11  L_train mean=0.000000  L_train std=0.000000  L_train(w*)=0.000000
  layer=1 head=2
      draw 100/800  L_train=0.000000 (w*=0.000000)  phi_std=0.000008
      draw 200/800  L_train=0.000000 (w*=0.000000)  phi_std=0.013195
      draw 300/800  L_train=0.000000 (w*=0.000000)  phi_std=0.010839
      draw 400/800  L_train=0.000000 (w*=0.000000)  phi_std=0.009415
      draw 500/800  L_train=0.000000 (w*=0.000000)  phi_std=0.008436
      draw 600/800  L_train=0.000000 (w*=0.000000)  phi_std=0.008870
      draw 700/800  L_train=0.000000 (w*=0.000000)  phi_std=0.008236
      draw 800/800  L_train=0.000000 (w*=0.000000)  phi_std=0.007713
    chi[1,2]: mean=-1.68e-03  std=4.70e-03  L_train mean=0.000975  L_train std=0.007713  L_train(w*)=0.000000
  layer=1 head=3
      draw 100/800  L_train=0.000000 (w*=0.000000)  phi_std=0.000000
      draw 200/800  L_train=0.000000 (w*=0.000000)  phi_std=0.000000
      draw 300/800  L_train=0.000000 (w*=0.000000)  phi_std=0.000000
      draw 400/800  L_train=0.000000 (w*=0.000000)  phi_std=0.000000
      draw 500/800  L_train=0.000000 (w*=0.000000)  phi_std=0.000000
      draw 600/800  L_train=0.000000 (w*=0.000000)  phi_std=0.000000
      draw 700/800  L_train=0.000000 (w*=0.000000)  phi_std=0.000000
      draw 800/800  L_train=0.000000 (w*=0.000000)  phi_std=0.000000
    chi[1,3]: mean=0.00e+00  std=0.00e+00  L_train mean=0.000000  L_train std=0.000000  L_train(w*)=0.000000
  layer=2 head=0
      draw 100/800  L_train=0.000000 (w*=0.000000)  phi_std=0.000000
      draw 200/800  L_train=0.000000 (w*=0.000000)  phi_std=0.000000
      draw 300/800  L_train=0.000000 (w*=0.000000)  phi_std=0.000000
      draw 400/800  L_train=0.000000 (w*=0.000000)  phi_std=0.000000
      draw 500/800  L_train=0.000000 (w*=0.000000)  phi_std=0.000000
      draw 600/800  L_train=0.000000 (w*=0.000000)  phi_std=0.000000
      draw 700/800  L_train=0.000000 (w*=0.000000)  phi_std=0.000000
      draw 800/800  L_train=0.000000 (w*=0.000000)  phi_std=0.000000
    chi[2,0]: mean=0.00e+00  std=0.00e+00  L_train mean=0.000000  L_train std=0.000000  L_train(w*)=0.000000
  layer=2 head=1
      draw 100/800  L_train=0.000000 (w*=0.000000)  phi_std=0.000000
      draw 200/800  L_train=0.000000 (w*=0.000000)  phi_std=0.000000
      draw 300/800  L_train=0.000000 (w*=0.000000)  phi_std=0.000000
      draw 400/800  L_train=0.000000 (w*=0.000000)  phi_std=0.000000
      draw 500/800  L_train=0.000000 (w*=0.000000)  phi_std=0.000000
      draw 600/800  L_train=0.000000 (w*=0.000000)  phi_std=0.000000
      draw 700/800  L_train=0.000000 (w*=0.000000)  phi_std=0.000000
      draw 800/800  L_train=0.000000 (w*=0.000000)  phi_std=0.000000
    chi[2,1]: mean=0.00e+00  std=0.00e+00  L_train mean=0.000000  L_train std=0.000000  L_train(w*)=0.000000
  layer=2 head=2
      draw 100/800  L_train=0.000000 (w*=0.000000)  phi_std=0.000000
      draw 200/800  L_train=0.000000 (w*=0.000000)  phi_std=0.000000
      draw 300/800  L_train=0.000000 (w*=0.000000)  phi_std=0.000000
      draw 400/800  L_train=0.000000 (w*=0.000000)  phi_std=0.000000
      draw 500/800  L_train=0.000000 (w*=0.000000)  phi_std=0.000000
      draw 600/800  L_train=0.000000 (w*=0.000000)  phi_std=0.000000
      draw 700/800  L_train=0.000000 (w*=0.000000)  phi_std=0.000000
      draw 800/800  L_train=0.000000 (w*=0.000000)  phi_std=0.000000
    chi[2,2]: mean=0.00e+00  std=0.00e+00  L_train mean=0.000000  L_train std=0.000000  L_train(w*)=0.000000
  layer=2 head=3
      draw 100/800  L_train=0.000000 (w*=0.000000)  phi_std=0.000000
      draw 200/800  L_train=0.000000 (w*=0.000000)  phi_std=0.000000
      draw 300/800  L_train=0.000000 (w*=0.000000)  phi_std=0.000000
      draw 400/800  L_train=0.000000 (w*=0.000000)  phi_std=0.000000
      draw 500/800  L_train=0.000000 (w*=0.000000)  phi_std=0.000000
      draw 600/800  L_train=0.000000 (w*=0.000000)  phi_std=0.000000
      draw 700/800  L_train=0.000000 (w*=0.000000)  phi_std=0.000000
      draw 800/800  L_train=0.000000 (w*=0.000000)  phi_std=0.000000
    chi[2,3]: mean=0.00e+00  std=0.00e+00  L_train mean=0.000000  L_train std=0.000000  L_train(w*)=0.000000
  Saved /root/id-predict-ood/cptsusceptibility/results/6dc71cae_cpt.npy  shape=(3, 4, 200)

[12/25] model 7d30cd0d
  layer=0 head=0
      draw 100/800  L_train=0.000023 (w*=0.000006)  phi_std=0.000003
      draw 200/800  L_train=0.000008 (w*=0.000006)  phi_std=0.004263
      draw 300/800  L_train=0.000008 (w*=0.000006)  phi_std=0.003530
      draw 400/800  L_train=0.000012 (w*=0.000006)  phi_std=0.003078
      draw 500/800  L_train=0.000015 (w*=0.000006)  phi_std=0.002764
      draw 600/800  L_train=0.000005 (w*=0.000006)  phi_std=0.002530
      draw 700/800  L_train=0.000015 (w*=0.000006)  phi_std=0.002347
      draw 800/800  L_train=0.000013 (w*=0.000006)  phi_std=0.002198
    chi[0,0]: mean=-1.35e-04  std=4.09e-04  L_train mean=0.000321  L_train std=0.002198  L_train(w*)=0.000006
  layer=0 head=1
      draw 100/800  L_train=0.000005 (w*=0.000006)  phi_std=0.000002
      draw 200/800  L_train=0.000005 (w*=0.000006)  phi_std=0.000003
      draw 300/800  L_train=0.000008 (w*=0.000006)  phi_std=0.000012
      draw 400/800  L_train=0.000008 (w*=0.000006)  phi_std=0.000010
      draw 500/800  L_train=0.000005 (w*=0.000006)  phi_std=0.000009
      draw 600/800  L_train=0.000007 (w*=0.000006)  phi_std=0.000009
      draw 700/800  L_train=0.000012 (w*=0.000006)  phi_std=0.000008
      draw 800/800  L_train=0.000011 (w*=0.000006)  phi_std=0.000008
    chi[0,1]: mean=1.45e-07  std=5.75e-07  L_train mean=0.000010  L_train std=0.000008  L_train(w*)=0.000006
  layer=0 head=2
      draw 100/800  L_train=0.000009 (w*=0.000006)  phi_std=0.000002
      draw 200/800  L_train=0.000020 (w*=0.000006)  phi_std=0.000003
      draw 300/800  L_train=0.000023 (w*=0.000006)  phi_std=0.000025
      draw 400/800  L_train=0.000015 (w*=0.000006)  phi_std=0.000022
      draw 500/800  L_train=0.000007 (w*=0.000006)  phi_std=0.000028
      draw 600/800  L_train=0.000011 (w*=0.000006)  phi_std=0.000026
      draw 700/800  L_train=0.000008 (w*=0.000006)  phi_std=0.000024
      draw 800/800  L_train=0.000014 (w*=0.000006)  phi_std=0.000023
    chi[0,2]: mean=3.64e-06  std=5.03e-06  L_train mean=0.000021  L_train std=0.000023  L_train(w*)=0.000006
  layer=0 head=3
      draw 100/800  L_train=0.000319 (w*=0.000006)  phi_std=0.001450
      draw 200/800  L_train=0.000094 (w*=0.000006)  phi_std=0.001574
      draw 300/800  L_train=0.000057 (w*=0.000006)  phi_std=0.001320
      draw 400/800  L_train=0.000011 (w*=0.000006)  phi_std=0.001325
      draw 500/800  L_train=0.000358 (w*=0.000006)  phi_std=0.001241
      draw 600/800  L_train=0.000017 (w*=0.000006)  phi_std=0.001361
      draw 700/800  L_train=0.000009 (w*=0.000006)  phi_std=0.001268
      draw 800/800  L_train=0.000010 (w*=0.000006)  phi_std=0.001191
    chi[0,3]: mean=-7.56e-05  std=2.59e-04  L_train mean=0.000347  L_train std=0.001191  L_train(w*)=0.000006
  layer=1 head=0
      draw 100/800  L_train=0.000006 (w*=0.000006)  phi_std=0.000000
      draw 200/800  L_train=0.000006 (w*=0.000006)  phi_std=0.000000
      draw 300/800  L_train=0.000006 (w*=0.000006)  phi_std=0.000000
      draw 400/800  L_train=0.000006 (w*=0.000006)  phi_std=0.000000
      draw 500/800  L_train=0.000006 (w*=0.000006)  phi_std=0.000000
      draw 600/800  L_train=0.000006 (w*=0.000006)  phi_std=0.000000
      draw 700/800  L_train=0.000006 (w*=0.000006)  phi_std=0.000000
      draw 800/800  L_train=0.000006 (w*=0.000006)  phi_std=0.000000
    chi[1,0]: mean=-1.82e-11  std=2.45e-10  L_train mean=0.000006  L_train std=0.000000  L_train(w*)=0.000006
  layer=1 head=1
      draw 100/800  L_train=0.000006 (w*=0.000006)  phi_std=0.000000
      draw 200/800  L_train=0.000007 (w*=0.000006)  phi_std=0.000000
      draw 300/800  L_train=0.000006 (w*=0.000006)  phi_std=0.000000
      draw 400/800  L_train=0.000006 (w*=0.000006)  phi_std=0.000000
      draw 500/800  L_train=0.000006 (w*=0.000006)  phi_std=0.000000
      draw 600/800  L_train=0.000006 (w*=0.000006)  phi_std=0.000000
      draw 700/800  L_train=0.000006 (w*=0.000006)  phi_std=0.000000
      draw 800/800  L_train=0.000007 (w*=0.000006)  phi_std=0.000000
    chi[1,1]: mean=7.94e-10  std=2.02e-09  L_train mean=0.000006  L_train std=0.000000  L_train(w*)=0.000006
  layer=1 head=2
      draw 100/800  L_train=0.000007 (w*=0.000006)  phi_std=0.000000
      draw 200/800  L_train=0.000006 (w*=0.000006)  phi_std=0.000000
      draw 300/800  L_train=0.000006 (w*=0.000006)  phi_std=0.000000
      draw 400/800  L_train=0.000006 (w*=0.000006)  phi_std=0.000000
      draw 500/800  L_train=0.000006 (w*=0.000006)  phi_std=0.000000
      draw 600/800  L_train=0.000006 (w*=0.000006)  phi_std=0.000000
      draw 700/800  L_train=0.000006 (w*=0.000006)  phi_std=0.000000
      draw 800/800  L_train=0.000006 (w*=0.000006)  phi_std=0.000000
    chi[1,2]: mean=1.32e-09  std=2.84e-09  L_train mean=0.000006  L_train std=0.000000  L_train(w*)=0.000006
  layer=1 head=3
      draw 100/800  L_train=0.000006 (w*=0.000006)  phi_std=0.000000
      draw 200/800  L_train=0.000007 (w*=0.000006)  phi_std=0.000000
      draw 300/800  L_train=0.000006 (w*=0.000006)  phi_std=0.000000
      draw 400/800  L_train=0.000006 (w*=0.000006)  phi_std=0.000000
      draw 500/800  L_train=0.000006 (w*=0.000006)  phi_std=0.000000
      draw 600/800  L_train=0.000006 (w*=0.000006)  phi_std=0.000000
      draw 700/800  L_train=0.000006 (w*=0.000006)  phi_std=0.000000
      draw 800/800  L_train=0.000007 (w*=0.000006)  phi_std=0.000000
    chi[1,3]: mean=9.21e-10  std=2.04e-09  L_train mean=0.000006  L_train std=0.000000  L_train(w*)=0.000006
  layer=2 head=0
      draw 100/800  L_train=0.000006 (w*=0.000006)  phi_std=0.000000
      draw 200/800  L_train=0.000006 (w*=0.000006)  phi_std=0.000000
      draw 300/800  L_train=0.000006 (w*=0.000006)  phi_std=0.000000
      draw 400/800  L_train=0.000006 (w*=0.000006)  phi_std=0.000000
      draw 500/800  L_train=0.000006 (w*=0.000006)  phi_std=0.000000
      draw 600/800  L_train=0.000006 (w*=0.000006)  phi_std=0.000000
      draw 700/800  L_train=0.000006 (w*=0.000006)  phi_std=0.000000
      draw 800/800  L_train=0.000006 (w*=0.000006)  phi_std=0.000000
    chi[2,0]: mean=2.34e-09  std=2.24e-09  L_train mean=0.000006  L_train std=0.000000  L_train(w*)=0.000006
  layer=2 head=1
      draw 100/800  L_train=0.000006 (w*=0.000006)  phi_std=0.000000
      draw 200/800  L_train=0.000007 (w*=0.000006)  phi_std=0.000000
      draw 300/800  L_train=0.000007 (w*=0.000006)  phi_std=0.000000
      draw 400/800  L_train=0.000006 (w*=0.000006)  phi_std=0.000000
      draw 500/800  L_train=0.000006 (w*=0.000006)  phi_std=0.000000
      draw 600/800  L_train=0.000006 (w*=0.000006)  phi_std=0.000000
      draw 700/800  L_train=0.000006 (w*=0.000006)  phi_std=0.000000
      draw 800/800  L_train=0.000006 (w*=0.000006)  phi_std=0.000000
    chi[2,1]: mean=2.78e-09  std=3.69e-09  L_train mean=0.000006  L_train std=0.000000  L_train(w*)=0.000006
  layer=2 head=2
      draw 100/800  L_train=0.000006 (w*=0.000006)  phi_std=0.000000
      draw 200/800  L_train=0.000006 (w*=0.000006)  phi_std=0.000000
      draw 300/800  L_train=0.000006 (w*=0.000006)  phi_std=0.000000
      draw 400/800  L_train=0.000007 (w*=0.000006)  phi_std=0.000000
      draw 500/800  L_train=0.000006 (w*=0.000006)  phi_std=0.000000
      draw 600/800  L_train=0.000006 (w*=0.000006)  phi_std=0.000000
      draw 700/800  L_train=0.000006 (w*=0.000006)  phi_std=0.000000
      draw 800/800  L_train=0.000006 (w*=0.000006)  phi_std=0.000000
    chi[2,2]: mean=2.03e-09  std=2.63e-09  L_train mean=0.000006  L_train std=0.000000  L_train(w*)=0.000006
  layer=2 head=3
      draw 100/800  L_train=0.000006 (w*=0.000006)  phi_std=0.000000
      draw 200/800  L_train=0.000006 (w*=0.000006)  phi_std=0.000000
      draw 300/800  L_train=0.000006 (w*=0.000006)  phi_std=0.000000
      draw 400/800  L_train=0.000006 (w*=0.000006)  phi_std=0.000000
      draw 500/800  L_train=0.000006 (w*=0.000006)  phi_std=0.000000
      draw 600/800  L_train=0.000006 (w*=0.000006)  phi_std=0.000000
      draw 700/800  L_train=0.000006 (w*=0.000006)  phi_std=0.000000
      draw 800/800  L_train=0.000006 (w*=0.000006)  phi_std=0.000000
    chi[2,3]: mean=1.09e-09  std=1.44e-09  L_train mean=0.000006  L_train std=0.000000  L_train(w*)=0.000006
  Saved /root/id-predict-ood/cptsusceptibility/results/7d30cd0d_cpt.npy  shape=(3, 4, 200)

[13/25] model 7fe0f8c5
  layer=0 head=0
      draw 100/800  L_train=0.000000 (w*=0.000000)  phi_std=0.000000
      draw 200/800  L_train=0.000000 (w*=0.000000)  phi_std=0.000000
      draw 300/800  L_train=0.000000 (w*=0.000000)  phi_std=0.000000
      draw 400/800  L_train=0.000000 (w*=0.000000)  phi_std=0.000000
      draw 500/800  L_train=0.000000 (w*=0.000000)  phi_std=0.000000
      draw 600/800  L_train=0.000000 (w*=0.000000)  phi_std=0.000000
      draw 700/800  L_train=0.000000 (w*=0.000000)  phi_std=0.000000
      draw 800/800  L_train=0.000000 (w*=0.000000)  phi_std=0.000000
    chi[0,0]: mean=1.37e-09  std=1.88e-09  L_train mean=0.000000  L_train std=0.000000  L_train(w*)=0.000000
  layer=0 head=1
      draw 100/800  L_train=0.000000 (w*=0.000000)  phi_std=0.000000
      draw 200/800  L_train=0.000000 (w*=0.000000)  phi_std=0.000000
      draw 300/800  L_train=0.000000 (w*=0.000000)  phi_std=0.000000
      draw 400/800  L_train=0.000000 (w*=0.000000)  phi_std=0.000000
      draw 500/800  L_train=0.000000 (w*=0.000000)  phi_std=0.000000
      draw 600/800  L_train=0.000000 (w*=0.000000)  phi_std=0.000000
      draw 700/800  L_train=0.000000 (w*=0.000000)  phi_std=0.000000
      draw 800/800  L_train=0.000000 (w*=0.000000)  phi_std=0.000000
    chi[0,1]: mean=2.24e-09  std=3.11e-09  L_train mean=0.000000  L_train std=0.000000  L_train(w*)=0.000000
  layer=0 head=2
      draw 100/800  L_train=0.000000 (w*=0.000000)  phi_std=0.000000
      draw 200/800  L_train=0.000000 (w*=0.000000)  phi_std=0.000000
      draw 300/800  L_train=0.000000 (w*=0.000000)  phi_std=0.000000
      draw 400/800  L_train=0.000000 (w*=0.000000)  phi_std=0.000000
      draw 500/800  L_train=0.000000 (w*=0.000000)  phi_std=0.000000
      draw 600/800  L_train=0.000000 (w*=0.000000)  phi_std=0.000000
      draw 700/800  L_train=0.000000 (w*=0.000000)  phi_std=0.000000
      draw 800/800  L_train=0.000000 (w*=0.000000)  phi_std=0.000000
    chi[0,2]: mean=1.00e-08  std=1.35e-08  L_train mean=0.000000  L_train std=0.000000  L_train(w*)=0.000000
  layer=0 head=3
      draw 100/800  L_train=0.000000 (w*=0.000000)  phi_std=0.000000
      draw 200/800  L_train=0.000000 (w*=0.000000)  phi_std=0.000000
      draw 300/800  L_train=0.000000 (w*=0.000000)  phi_std=0.000000
      draw 400/800  L_train=0.000000 (w*=0.000000)  phi_std=0.000000
      draw 500/800  L_train=0.000000 (w*=0.000000)  phi_std=0.000000
      draw 600/800  L_train=0.000000 (w*=0.000000)  phi_std=0.000000
      draw 700/800  L_train=0.000000 (w*=0.000000)  phi_std=0.000000
      draw 800/800  L_train=0.000000 (w*=0.000000)  phi_std=0.000000
    chi[0,3]: mean=2.37e-09  std=3.27e-09  L_train mean=0.000000  L_train std=0.000000  L_train(w*)=0.000000
  layer=1 head=0
      draw 100/800  L_train=0.000000 (w*=0.000000)  phi_std=0.000000
      draw 200/800  L_train=0.000000 (w*=0.000000)  phi_std=0.000000
      draw 300/800  L_train=0.000000 (w*=0.000000)  phi_std=0.000000
      draw 400/800  L_train=0.000000 (w*=0.000000)  phi_std=0.000000
      draw 500/800  L_train=0.000000 (w*=0.000000)  phi_std=0.000000
      draw 600/800  L_train=0.000000 (w*=0.000000)  phi_std=0.000000
      draw 700/800  L_train=0.000000 (w*=0.000000)  phi_std=0.000000
      draw 800/800  L_train=0.000000 (w*=0.000000)  phi_std=0.000000
    chi[1,0]: mean=5.37e-09  std=1.04e-08  L_train mean=0.000000  L_train std=0.000000  L_train(w*)=0.000000
  layer=1 head=1
      draw 100/800  L_train=0.000000 (w*=0.000000)  phi_std=0.000000
      draw 200/800  L_train=0.000000 (w*=0.000000)  phi_std=0.000000
      draw 300/800  L_train=0.000000 (w*=0.000000)  phi_std=0.000000
      draw 400/800  L_train=0.000000 (w*=0.000000)  phi_std=0.000000
      draw 500/800  L_train=0.000000 (w*=0.000000)  phi_std=0.000000
      draw 600/800  L_train=0.000000 (w*=0.000000)  phi_std=0.000000
      draw 700/800  L_train=0.000000 (w*=0.000000)  phi_std=0.000000
      draw 800/800  L_train=0.000000 (w*=0.000000)  phi_std=0.000000
    chi[1,1]: mean=2.90e-09  std=4.29e-09  L_train mean=0.000000  L_train std=0.000000  L_train(w*)=0.000000
  layer=1 head=2
      draw 100/800  L_train=0.000000 (w*=0.000000)  phi_std=0.000000
      draw 200/800  L_train=0.000000 (w*=0.000000)  phi_std=0.000000
      draw 300/800  L_train=0.000000 (w*=0.000000)  phi_std=0.000000
      draw 400/800  L_train=0.000000 (w*=0.000000)  phi_std=0.000000
      draw 500/800  L_train=0.000000 (w*=0.000000)  phi_std=0.000000
      draw 600/800  L_train=0.000000 (w*=0.000000)  phi_std=0.000000
      draw 700/800  L_train=0.000000 (w*=0.000000)  phi_std=0.000000
      draw 800/800  L_train=0.000000 (w*=0.000000)  phi_std=0.000000
    chi[1,2]: mean=1.86e-08  std=2.66e-08  L_train mean=0.000000  L_train std=0.000000  L_train(w*)=0.000000
  layer=1 head=3
      draw 100/800  L_train=0.000000 (w*=0.000000)  phi_std=0.000000
      draw 200/800  L_train=0.000000 (w*=0.000000)  phi_std=0.000000
      draw 300/800  L_train=0.000000 (w*=0.000000)  phi_std=0.000000
      draw 400/800  L_train=0.000000 (w*=0.000000)  phi_std=0.000000
      draw 500/800  L_train=0.000000 (w*=0.000000)  phi_std=0.000000
      draw 600/800  L_train=0.000000 (w*=0.000000)  phi_std=0.000000
      draw 700/800  L_train=0.000000 (w*=0.000000)  phi_std=0.000000
      draw 800/800  L_train=0.000000 (w*=0.000000)  phi_std=0.000000
    chi[1,3]: mean=4.38e-09  std=6.25e-09  L_train mean=0.000000  L_train std=0.000000  L_train(w*)=0.000000
  layer=2 head=0
      draw 100/800  L_train=0.000000 (w*=0.000000)  phi_std=0.000000
      draw 200/800  L_train=0.000000 (w*=0.000000)  phi_std=0.000000
      draw 300/800  L_train=0.000000 (w*=0.000000)  phi_std=0.000000
      draw 400/800  L_train=0.000000 (w*=0.000000)  phi_std=0.000000
      draw 500/800  L_train=0.000000 (w*=0.000000)  phi_std=0.000000
      draw 600/800  L_train=0.000000 (w*=0.000000)  phi_std=0.000000
      draw 700/800  L_train=0.000000 (w*=0.000000)  phi_std=0.000000
      draw 800/800  L_train=0.000000 (w*=0.000000)  phi_std=0.000000
    chi[2,0]: mean=5.24e-11  std=9.00e-10  L_train mean=0.000000  L_train std=0.000000  L_train(w*)=0.000000
  layer=2 head=1
      draw 100/800  L_train=0.000000 (w*=0.000000)  phi_std=0.000000
      draw 200/800  L_train=0.000000 (w*=0.000000)  phi_std=0.000000
      draw 300/800  L_train=0.000000 (w*=0.000000)  phi_std=0.000000
      draw 400/800  L_train=0.000000 (w*=0.000000)  phi_std=0.000000
      draw 500/800  L_train=0.000000 (w*=0.000000)  phi_std=0.000000
      draw 600/800  L_train=0.000000 (w*=0.000000)  phi_std=0.000000
      draw 700/800  L_train=0.000000 (w*=0.000000)  phi_std=0.000000
      draw 800/800  L_train=0.000000 (w*=0.000000)  phi_std=0.000000
    chi[2,1]: mean=-1.99e-10  std=4.42e-10  L_train mean=0.000000  L_train std=0.000000  L_train(w*)=0.000000
  layer=2 head=2
      draw 100/800  L_train=0.000000 (w*=0.000000)  phi_std=0.000000
      draw 200/800  L_train=0.000000 (w*=0.000000)  phi_std=0.000000
      draw 300/800  L_train=0.000000 (w*=0.000000)  phi_std=0.000000
      draw 400/800  L_train=0.000000 (w*=0.000000)  phi_std=0.000000
      draw 500/800  L_train=0.000000 (w*=0.000000)  phi_std=0.000000
      draw 600/800  L_train=0.000000 (w*=0.000000)  phi_std=0.000000
      draw 700/800  L_train=0.000000 (w*=0.000000)  phi_std=0.000000
      draw 800/800  L_train=0.000000 (w*=0.000000)  phi_std=0.000000
    chi[2,2]: mean=2.53e-10  std=3.58e-10  L_train mean=0.000000  L_train std=0.000000  L_train(w*)=0.000000
  layer=2 head=3
      draw 100/800  L_train=0.000000 (w*=0.000000)  phi_std=0.000000
      draw 200/800  L_train=0.000000 (w*=0.000000)  phi_std=0.000000
      draw 300/800  L_train=0.000000 (w*=0.000000)  phi_std=0.000000
      draw 400/800  L_train=0.000000 (w*=0.000000)  phi_std=0.000000
      draw 500/800  L_train=0.000000 (w*=0.000000)  phi_std=0.000000
      draw 600/800  L_train=0.000000 (w*=0.000000)  phi_std=0.000000
      draw 700/800  L_train=0.000000 (w*=0.000000)  phi_std=0.000000
      draw 800/800  L_train=0.000000 (w*=0.000000)  phi_std=0.000000
    chi[2,3]: mean=3.74e-10  std=9.54e-10  L_train mean=0.000000  L_train std=0.000000  L_train(w*)=0.000000
  Saved /root/id-predict-ood/cptsusceptibility/results/7fe0f8c5_cpt.npy  shape=(3, 4, 200)

[14/25] model 84b7f2a7
  layer=0 head=0
      draw 100/800  L_train=0.000056 (w*=0.000063)  phi_std=0.000006
      draw 200/800  L_train=0.000064 (w*=0.000063)  phi_std=0.000008
      draw 300/800  L_train=0.000050 (w*=0.000063)  phi_std=0.000008
      draw 400/800  L_train=0.000058 (w*=0.000063)  phi_std=0.000008
      draw 500/800  L_train=0.000067 (w*=0.000063)  phi_std=0.000007
      draw 600/800  L_train=0.000055 (w*=0.000063)  phi_std=0.000008
      draw 700/800  L_train=0.000049 (w*=0.000063)  phi_std=0.000008
      draw 800/800  L_train=0.000059 (w*=0.000063)  phi_std=0.000008
    chi[0,0]: mean=3.69e-07  std=4.70e-07  L_train mean=0.000058  L_train std=0.000008  L_train(w*)=0.000063
  layer=0 head=1
      draw 100/800  L_train=0.000055 (w*=0.000063)  phi_std=0.000007
      draw 200/800  L_train=0.000061 (w*=0.000063)  phi_std=0.000008
      draw 300/800  L_train=0.000052 (w*=0.000063)  phi_std=0.000007
      draw 400/800  L_train=0.000064 (w*=0.000063)  phi_std=0.000007
      draw 500/800  L_train=0.000063 (w*=0.000063)  phi_std=0.000008
      draw 600/800  L_train=0.000061 (w*=0.000063)  phi_std=0.000007
      draw 700/800  L_train=0.000061 (w*=0.000063)  phi_std=0.000008
      draw 800/800  L_train=0.000058 (w*=0.000063)  phi_std=0.000008
    chi[0,1]: mean=1.79e-07  std=3.69e-07  L_train mean=0.000054  L_train std=0.000008  L_train(w*)=0.000063
  layer=0 head=2
      draw 100/800  L_train=0.000057 (w*=0.000063)  phi_std=0.000004
      draw 200/800  L_train=0.000051 (w*=0.000063)  phi_std=0.000006
      draw 300/800  L_train=0.000061 (w*=0.000063)  phi_std=0.000010
      draw 400/800  L_train=0.000072 (w*=0.000063)  phi_std=0.000013
      draw 500/800  L_train=0.000059 (w*=0.000063)  phi_std=0.000013
      draw 600/800  L_train=0.000073 (w*=0.000063)  phi_std=0.000012
      draw 700/800  L_train=0.000065 (w*=0.000063)  phi_std=0.000014
      draw 800/800  L_train=0.000060 (w*=0.000063)  phi_std=0.000014
    chi[0,2]: mean=3.61e-07  std=6.82e-07  L_train mean=0.000066  L_train std=0.000014  L_train(w*)=0.000063
  layer=0 head=3
      draw 100/800  L_train=0.000048 (w*=0.000063)  phi_std=0.000002
      draw 200/800  L_train=0.000055 (w*=0.000063)  phi_std=0.000016
      draw 300/800  L_train=0.000058 (w*=0.000063)  phi_std=0.000013
      draw 400/800  L_train=0.000059 (w*=0.000063)  phi_std=0.000014
      draw 500/800  L_train=0.000061 (w*=0.000063)  phi_std=0.000013
      draw 600/800  L_train=0.000048 (w*=0.000063)  phi_std=0.000012
      draw 700/800  L_train=0.000078 (w*=0.000063)  phi_std=0.000012
      draw 800/800  L_train=0.000054 (w*=0.000063)  phi_std=0.000012
    chi[0,3]: mean=2.77e-07  std=5.59e-07  L_train mean=0.000061  L_train std=0.000012  L_train(w*)=0.000063
  layer=1 head=0
      draw 100/800  L_train=0.000065 (w*=0.000063)  phi_std=0.000025
      draw 200/800  L_train=0.000058 (w*=0.000063)  phi_std=0.000047
      draw 300/800  L_train=0.000052 (w*=0.000063)  phi_std=0.000040
      draw 400/800  L_train=0.000066 (w*=0.000063)  phi_std=0.000036
      draw 500/800  L_train=0.000060 (w*=0.000063)  phi_std=0.000035
      draw 600/800  L_train=0.000747 (w*=0.000063)  phi_std=0.000124
      draw 700/800  L_train=0.000145 (w*=0.000063)  phi_std=0.000244
      draw 800/800  L_train=0.000055 (w*=0.000063)  phi_std=0.000235
    chi[1,0]: mean=8.49e-05  std=9.19e-05  L_train mean=0.000145  L_train std=0.000235  L_train(w*)=0.000063
  layer=1 head=1
      draw 100/800  L_train=0.000058 (w*=0.000063)  phi_std=0.000027
      draw 200/800  L_train=0.000197 (w*=0.000063)  phi_std=0.000034
      draw 300/800  L_train=0.000253 (w*=0.000063)  phi_std=0.000111
      draw 400/800  L_train=0.000153 (w*=0.000063)  phi_std=0.000289
      draw 500/800  L_train=0.000091 (w*=0.000063)  phi_std=0.000262
      draw 600/800  L_train=0.000091 (w*=0.000063)  phi_std=0.000242
      draw 700/800  L_train=0.000059 (w*=0.000063)  phi_std=0.000226
      draw 800/800  L_train=0.000069 (w*=0.000063)  phi_std=0.000214
    chi[1,1]: mean=6.91e-05  std=7.52e-05  L_train mean=0.000139  L_train std=0.000214  L_train(w*)=0.000063
  layer=1 head=2
      draw 100/800  L_train=0.000335 (w*=0.000063)  phi_std=0.000108
      draw 200/800  L_train=0.000125 (w*=0.000063)  phi_std=0.000088
      draw 300/800  L_train=0.000257 (w*=0.000063)  phi_std=0.000085
      draw 400/800  L_train=0.000080 (w*=0.000063)  phi_std=0.000078
      draw 500/800  L_train=0.000077 (w*=0.000063)  phi_std=0.000073
      draw 600/800  L_train=0.000065 (w*=0.000063)  phi_std=0.000068
      draw 700/800  L_train=0.000171 (w*=0.000063)  phi_std=0.000323
      draw 800/800  L_train=0.000063 (w*=0.000063)  phi_std=0.000304
    chi[1,2]: mean=8.44e-05  std=9.33e-05  L_train mean=0.000154  L_train std=0.000304  L_train(w*)=0.000063
  layer=1 head=3
      draw 100/800  L_train=0.000242 (w*=0.000063)  phi_std=0.000086
      draw 200/800  L_train=0.000128 (w*=0.000063)  phi_std=0.000103
      draw 300/800  L_train=0.000104 (w*=0.000063)  phi_std=0.000099
      draw 400/800  L_train=0.000062 (w*=0.000063)  phi_std=0.000092
      draw 500/800  L_train=0.000146 (w*=0.000063)  phi_std=0.000087
      draw 600/800  L_train=0.000050 (w*=0.000063)  phi_std=0.000082
      draw 700/800  L_train=0.000068 (w*=0.000063)  phi_std=0.000078
      draw 800/800  L_train=0.000086 (w*=0.000063)  phi_std=0.000076
    chi[1,3]: mean=2.94e-05  std=3.12e-05  L_train mean=0.000099  L_train std=0.000076  L_train(w*)=0.000063
  layer=2 head=0
      draw 100/800  L_train=0.000069 (w*=0.000063)  phi_std=0.000003
      draw 200/800  L_train=0.000059 (w*=0.000063)  phi_std=0.000004
      draw 300/800  L_train=0.000059 (w*=0.000063)  phi_std=0.000006
      draw 400/800  L_train=0.000064 (w*=0.000063)  phi_std=0.000006
      draw 500/800  L_train=0.000075 (w*=0.000063)  phi_std=0.000006
      draw 600/800  L_train=0.000070 (w*=0.000063)  phi_std=0.000007
      draw 700/800  L_train=0.000056 (w*=0.000063)  phi_std=0.000006
      draw 800/800  L_train=0.000066 (w*=0.000063)  phi_std=0.000007
    chi[2,0]: mean=4.35e-09  std=9.13e-08  L_train mean=0.000065  L_train std=0.000007  L_train(w*)=0.000063
  layer=2 head=1
      draw 100/800  L_train=0.000062 (w*=0.000063)  phi_std=0.000002
      draw 200/800  L_train=0.000050 (w*=0.000063)  phi_std=0.000005
      draw 300/800  L_train=0.000055 (w*=0.000063)  phi_std=0.000005
      draw 400/800  L_train=0.000060 (w*=0.000063)  phi_std=0.000005
      draw 500/800  L_train=0.000057 (w*=0.000063)  phi_std=0.000006
      draw 600/800  L_train=0.000087 (w*=0.000063)  phi_std=0.000008
      draw 700/800  L_train=0.000088 (w*=0.000063)  phi_std=0.000013
      draw 800/800  L_train=0.000075 (w*=0.000063)  phi_std=0.000013
    chi[2,1]: mean=-8.71e-08  std=6.73e-07  L_train mean=0.000066  L_train std=0.000013  L_train(w*)=0.000063
  layer=2 head=2
      draw 100/800  L_train=0.000072 (w*=0.000063)  phi_std=0.000003
      draw 200/800  L_train=0.000060 (w*=0.000063)  phi_std=0.000004
      draw 300/800  L_train=0.000068 (w*=0.000063)  phi_std=0.000005
      draw 400/800  L_train=0.000062 (w*=0.000063)  phi_std=0.000005
      draw 500/800  L_train=0.000067 (w*=0.000063)  phi_std=0.000005
      draw 600/800  L_train=0.000060 (w*=0.000063)  phi_std=0.000005
      draw 700/800  L_train=0.000056 (w*=0.000063)  phi_std=0.000005
      draw 800/800  L_train=0.000061 (w*=0.000063)  phi_std=0.000005
    chi[2,2]: mean=1.43e-07  std=1.77e-07  L_train mean=0.000066  L_train std=0.000005  L_train(w*)=0.000063
  layer=2 head=3
      draw 100/800  L_train=0.000063 (w*=0.000063)  phi_std=0.000002
      draw 200/800  L_train=0.000061 (w*=0.000063)  phi_std=0.000004
      draw 300/800  L_train=0.000054 (w*=0.000063)  phi_std=0.000004
      draw 400/800  L_train=0.000067 (w*=0.000063)  phi_std=0.000004
      draw 500/800  L_train=0.000064 (w*=0.000063)  phi_std=0.000004
      draw 600/800  L_train=0.000072 (w*=0.000063)  phi_std=0.000004
      draw 700/800  L_train=0.000072 (w*=0.000063)  phi_std=0.000005
      draw 800/800  L_train=0.000060 (w*=0.000063)  phi_std=0.000005
    chi[2,3]: mean=-8.42e-08  std=1.20e-07  L_train mean=0.000065  L_train std=0.000005  L_train(w*)=0.000063
  Saved /root/id-predict-ood/cptsusceptibility/results/84b7f2a7_cpt.npy  shape=(3, 4, 200)

[15/25] model 8b4a18ce
  layer=0 head=0
      draw 100/800  L_train=0.000002 (w*=0.000002)  phi_std=0.000000
      draw 200/800  L_train=0.000003 (w*=0.000002)  phi_std=0.000001
      draw 300/800  L_train=0.000003 (w*=0.000002)  phi_std=0.000001
      draw 400/800  L_train=0.000003 (w*=0.000002)  phi_std=0.000001
      draw 500/800  L_train=0.000003 (w*=0.000002)  phi_std=0.000001
      draw 600/800  L_train=0.000002 (w*=0.000002)  phi_std=0.000001
      draw 700/800  L_train=0.000002 (w*=0.000002)  phi_std=0.000001
      draw 800/800  L_train=0.000002 (w*=0.000002)  phi_std=0.000001
    chi[0,0]: mean=7.50e-09  std=4.60e-08  L_train mean=0.000002  L_train std=0.000001  L_train(w*)=0.000002
  layer=0 head=1
      draw 100/800  L_train=0.000004 (w*=0.000002)  phi_std=0.000001
      draw 200/800  L_train=0.000058 (w*=0.000002)  phi_std=0.000009
      draw 300/800  L_train=0.000002 (w*=0.000002)  phi_std=0.000017
      draw 400/800  L_train=0.000003 (w*=0.000002)  phi_std=0.000015
      draw 500/800  L_train=0.000002 (w*=0.000002)  phi_std=0.000013
      draw 600/800  L_train=0.000007 (w*=0.000002)  phi_std=0.000012
      draw 700/800  L_train=0.000002 (w*=0.000002)  phi_std=0.000011
      draw 800/800  L_train=0.000002 (w*=0.000002)  phi_std=0.000011
    chi[0,1]: mean=5.33e-07  std=1.35e-06  L_train mean=0.000005  L_train std=0.000011  L_train(w*)=0.000002
  layer=0 head=2
      draw 100/800  L_train=0.000002 (w*=0.000002)  phi_std=0.000000
      draw 200/800  L_train=0.000002 (w*=0.000002)  phi_std=0.000000
      draw 300/800  L_train=0.000003 (w*=0.000002)  phi_std=0.000000
      draw 400/800  L_train=0.000002 (w*=0.000002)  phi_std=0.000000
      draw 500/800  L_train=0.000002 (w*=0.000002)  phi_std=0.000000
      draw 600/800  L_train=0.000005 (w*=0.000002)  phi_std=0.000001
      draw 700/800  L_train=0.000002 (w*=0.000002)  phi_std=0.000002
      draw 800/800  L_train=0.000002 (w*=0.000002)  phi_std=0.000002
    chi[0,2]: mean=6.27e-08  std=1.83e-07  L_train mean=0.000003  L_train std=0.000002  L_train(w*)=0.000002
  layer=0 head=3
      draw 100/800  L_train=0.000008 (w*=0.000002)  phi_std=0.000003
      draw 200/800  L_train=0.000003 (w*=0.000002)  phi_std=0.000003
      draw 300/800  L_train=0.000003 (w*=0.000002)  phi_std=0.000003
      draw 400/800  L_train=0.000002 (w*=0.000002)  phi_std=0.000003
      draw 500/800  L_train=0.000003 (w*=0.000002)  phi_std=0.000002
      draw 600/800  L_train=0.000004 (w*=0.000002)  phi_std=0.000002
      draw 700/800  L_train=0.000003 (w*=0.000002)  phi_std=0.000002
      draw 800/800  L_train=0.000002 (w*=0.000002)  phi_std=0.000002
    chi[0,3]: mean=3.68e-08  std=1.49e-07  L_train mean=0.000003  L_train std=0.000002  L_train(w*)=0.000002
  layer=1 head=0
      draw 100/800  L_train=0.000002 (w*=0.000002)  phi_std=0.000000
      draw 200/800  L_train=0.000002 (w*=0.000002)  phi_std=0.000000
      draw 300/800  L_train=0.000002 (w*=0.000002)  phi_std=0.000000
      draw 400/800  L_train=0.000002 (w*=0.000002)  phi_std=0.000000
      draw 500/800  L_train=0.000002 (w*=0.000002)  phi_std=0.000000
      draw 600/800  L_train=0.000002 (w*=0.000002)  phi_std=0.000000
      draw 700/800  L_train=0.000002 (w*=0.000002)  phi_std=0.000000
      draw 800/800  L_train=0.000002 (w*=0.000002)  phi_std=0.000000
    chi[1,0]: mean=-1.70e-10  std=4.06e-10  L_train mean=0.000002  L_train std=0.000000  L_train(w*)=0.000002
  layer=1 head=1
      draw 100/800  L_train=0.000002 (w*=0.000002)  phi_std=0.000000
      draw 200/800  L_train=0.000002 (w*=0.000002)  phi_std=0.000000
      draw 300/800  L_train=0.000002 (w*=0.000002)  phi_std=0.000000
      draw 400/800  L_train=0.000002 (w*=0.000002)  phi_std=0.000000
      draw 500/800  L_train=0.000002 (w*=0.000002)  phi_std=0.000000
      draw 600/800  L_train=0.000002 (w*=0.000002)  phi_std=0.000000
      draw 700/800  L_train=0.000002 (w*=0.000002)  phi_std=0.000000
      draw 800/800  L_train=0.000002 (w*=0.000002)  phi_std=0.000000
    chi[1,1]: mean=4.32e-11  std=1.46e-10  L_train mean=0.000002  L_train std=0.000000  L_train(w*)=0.000002
  layer=1 head=2
      draw 100/800  L_train=0.000002 (w*=0.000002)  phi_std=0.000000
      draw 200/800  L_train=0.000002 (w*=0.000002)  phi_std=0.000000
      draw 300/800  L_train=0.000002 (w*=0.000002)  phi_std=0.000000
      draw 400/800  L_train=0.000002 (w*=0.000002)  phi_std=0.000000
      draw 500/800  L_train=0.000002 (w*=0.000002)  phi_std=0.000000
      draw 600/800  L_train=0.000002 (w*=0.000002)  phi_std=0.000000
      draw 700/800  L_train=0.000002 (w*=0.000002)  phi_std=0.000000
      draw 800/800  L_train=0.000002 (w*=0.000002)  phi_std=0.000000
    chi[1,2]: mean=-5.70e-11  std=5.61e-10  L_train mean=0.000002  L_train std=0.000000  L_train(w*)=0.000002
  layer=1 head=3
      draw 100/800  L_train=0.000002 (w*=0.000002)  phi_std=0.000000
      draw 200/800  L_train=0.000002 (w*=0.000002)  phi_std=0.000000
      draw 300/800  L_train=0.000002 (w*=0.000002)  phi_std=0.000000
      draw 400/800  L_train=0.000002 (w*=0.000002)  phi_std=0.000000
      draw 500/800  L_train=0.000002 (w*=0.000002)  phi_std=0.000000
      draw 600/800  L_train=0.000002 (w*=0.000002)  phi_std=0.000000
      draw 700/800  L_train=0.000002 (w*=0.000002)  phi_std=0.000000
      draw 800/800  L_train=0.000002 (w*=0.000002)  phi_std=0.000000
    chi[1,3]: mean=1.83e-11  std=1.70e-10  L_train mean=0.000002  L_train std=0.000000  L_train(w*)=0.000002
  layer=2 head=0
      draw 100/800  L_train=0.000002 (w*=0.000002)  phi_std=0.000000
      draw 200/800  L_train=0.000002 (w*=0.000002)  phi_std=0.000000
      draw 300/800  L_train=0.000002 (w*=0.000002)  phi_std=0.000000
      draw 400/800  L_train=0.000002 (w*=0.000002)  phi_std=0.000000
      draw 500/800  L_train=0.000002 (w*=0.000002)  phi_std=0.000000
      draw 600/800  L_train=0.000002 (w*=0.000002)  phi_std=0.000000
      draw 700/800  L_train=0.000002 (w*=0.000002)  phi_std=0.000000
      draw 800/800  L_train=0.000002 (w*=0.000002)  phi_std=0.000000
    chi[2,0]: mean=-1.88e-09  std=3.58e-09  L_train mean=0.000002  L_train std=0.000000  L_train(w*)=0.000002
  layer=2 head=1
      draw 100/800  L_train=0.000002 (w*=0.000002)  phi_std=0.000000
      draw 200/800  L_train=0.000002 (w*=0.000002)  phi_std=0.000000
      draw 300/800  L_train=0.000002 (w*=0.000002)  phi_std=0.000000
      draw 400/800  L_train=0.000002 (w*=0.000002)  phi_std=0.000000
      draw 500/800  L_train=0.000002 (w*=0.000002)  phi_std=0.000000
      draw 600/800  L_train=0.000002 (w*=0.000002)  phi_std=0.000000
      draw 700/800  L_train=0.000002 (w*=0.000002)  phi_std=0.000000
      draw 800/800  L_train=0.000002 (w*=0.000002)  phi_std=0.000000
    chi[2,1]: mean=-9.38e-10  std=1.75e-09  L_train mean=0.000002  L_train std=0.000000  L_train(w*)=0.000002
  layer=2 head=2
      draw 100/800  L_train=0.000002 (w*=0.000002)  phi_std=0.000000
      draw 200/800  L_train=0.000002 (w*=0.000002)  phi_std=0.000000
      draw 300/800  L_train=0.000002 (w*=0.000002)  phi_std=0.000000
      draw 400/800  L_train=0.000002 (w*=0.000002)  phi_std=0.000000
      draw 500/800  L_train=0.000002 (w*=0.000002)  phi_std=0.000000
      draw 600/800  L_train=0.000002 (w*=0.000002)  phi_std=0.000000
      draw 700/800  L_train=0.000002 (w*=0.000002)  phi_std=0.000000
      draw 800/800  L_train=0.000002 (w*=0.000002)  phi_std=0.000000
    chi[2,2]: mean=-4.41e-09  std=8.14e-09  L_train mean=0.000002  L_train std=0.000000  L_train(w*)=0.000002
  layer=2 head=3
      draw 100/800  L_train=0.000002 (w*=0.000002)  phi_std=0.000000
      draw 200/800  L_train=0.000002 (w*=0.000002)  phi_std=0.000000
      draw 300/800  L_train=0.000002 (w*=0.000002)  phi_std=0.000000
      draw 400/800  L_train=0.000002 (w*=0.000002)  phi_std=0.000000
      draw 500/800  L_train=0.000002 (w*=0.000002)  phi_std=0.000000
      draw 600/800  L_train=0.000002 (w*=0.000002)  phi_std=0.000000
      draw 700/800  L_train=0.000002 (w*=0.000002)  phi_std=0.000000
      draw 800/800  L_train=0.000002 (w*=0.000002)  phi_std=0.000000
    chi[2,3]: mean=-1.97e-09  std=3.68e-09  L_train mean=0.000002  L_train std=0.000000  L_train(w*)=0.000002
  Saved /root/id-predict-ood/cptsusceptibility/results/8b4a18ce_cpt.npy  shape=(3, 4, 200)

[16/25] model 8e1c81e8
  layer=0 head=0
      draw 100/800  L_train=0.000000 (w*=0.000000)  phi_std=0.000000
      draw 200/800  L_train=0.000000 (w*=0.000000)  phi_std=0.000000
      draw 300/800  L_train=0.000000 (w*=0.000000)  phi_std=0.000000
      draw 400/800  L_train=0.000000 (w*=0.000000)  phi_std=0.000000
      draw 500/800  L_train=0.000000 (w*=0.000000)  phi_std=0.000000
      draw 600/800  L_train=0.000000 (w*=0.000000)  phi_std=0.000000
      draw 700/800  L_train=0.000000 (w*=0.000000)  phi_std=0.000000
      draw 800/800  L_train=0.000000 (w*=0.000000)  phi_std=0.000000
    chi[0,0]: mean=0.00e+00  std=0.00e+00  L_train mean=0.000000  L_train std=0.000000  L_train(w*)=0.000000
  layer=0 head=1
      draw 100/800  L_train=0.000000 (w*=0.000000)  phi_std=0.000000
      draw 200/800  L_train=0.000000 (w*=0.000000)  phi_std=0.000000
      draw 300/800  L_train=0.000000 (w*=0.000000)  phi_std=0.000000
      draw 400/800  L_train=0.000000 (w*=0.000000)  phi_std=0.000000
      draw 500/800  L_train=0.000000 (w*=0.000000)  phi_std=0.000000
      draw 600/800  L_train=0.000000 (w*=0.000000)  phi_std=0.000000
      draw 700/800  L_train=0.000000 (w*=0.000000)  phi_std=0.000000
      draw 800/800  L_train=0.000000 (w*=0.000000)  phi_std=0.000000
    chi[0,1]: mean=0.00e+00  std=0.00e+00  L_train mean=0.000000  L_train std=0.000000  L_train(w*)=0.000000
  layer=0 head=2
      draw 100/800  L_train=0.000000 (w*=0.000000)  phi_std=0.000000
      draw 200/800  L_train=0.000000 (w*=0.000000)  phi_std=0.000000
      draw 300/800  L_train=0.000000 (w*=0.000000)  phi_std=0.000000
      draw 400/800  L_train=0.000000 (w*=0.000000)  phi_std=0.000000
      draw 500/800  L_train=0.000000 (w*=0.000000)  phi_std=0.000000
      draw 600/800  L_train=0.000000 (w*=0.000000)  phi_std=0.000000
      draw 700/800  L_train=0.000000 (w*=0.000000)  phi_std=0.000000
      draw 800/800  L_train=0.000000 (w*=0.000000)  phi_std=0.000000
    chi[0,2]: mean=0.00e+00  std=0.00e+00  L_train mean=0.000000  L_train std=0.000000  L_train(w*)=0.000000
  layer=0 head=3
      draw 100/800  L_train=0.000000 (w*=0.000000)  phi_std=0.000000
      draw 200/800  L_train=0.000000 (w*=0.000000)  phi_std=0.000000
      draw 300/800  L_train=0.000000 (w*=0.000000)  phi_std=0.000000
      draw 400/800  L_train=0.000000 (w*=0.000000)  phi_std=0.000000
      draw 500/800  L_train=0.000000 (w*=0.000000)  phi_std=0.000000
      draw 600/800  L_train=0.000000 (w*=0.000000)  phi_std=0.000000
      draw 700/800  L_train=0.000000 (w*=0.000000)  phi_std=0.000000
      draw 800/800  L_train=0.000000 (w*=0.000000)  phi_std=0.000000
    chi[0,3]: mean=0.00e+00  std=0.00e+00  L_train mean=0.000000  L_train std=0.000000  L_train(w*)=0.000000
  layer=1 head=0
      draw 100/800  L_train=0.000000 (w*=0.000000)  phi_std=0.000000
      draw 200/800  L_train=0.000000 (w*=0.000000)  phi_std=0.000135
      draw 300/800  L_train=0.000000 (w*=0.000000)  phi_std=0.000458
      draw 400/800  L_train=0.000122 (w*=0.000000)  phi_std=0.000443
      draw 500/800  L_train=0.001210 (w*=0.000000)  phi_std=0.001150
      draw 600/800  L_train=0.001249 (w*=0.000000)  phi_std=0.001834
      draw 700/800  L_train=0.000000 (w*=0.000000)  phi_std=0.002068
      draw 800/800  L_train=0.000000 (w*=0.000000)  phi_std=0.001938
    chi[1,0]: mean=7.64e-04  std=1.13e-03  L_train mean=0.000324  L_train std=0.001938  L_train(w*)=0.000000
  layer=1 head=1
      draw 100/800  L_train=0.000000 (w*=0.000000)  phi_std=0.000000
      draw 200/800  L_train=0.000000 (w*=0.000000)  phi_std=0.000000
      draw 300/800  L_train=0.000000 (w*=0.000000)  phi_std=0.000000
      draw 400/800  L_train=0.000000 (w*=0.000000)  phi_std=0.000000
      draw 500/800  L_train=0.000000 (w*=0.000000)  phi_std=0.000000
      draw 600/800  L_train=0.000000 (w*=0.000000)  phi_std=0.000000
      draw 700/800  L_train=0.000000 (w*=0.000000)  phi_std=0.000000
      draw 800/800  L_train=0.000000 (w*=0.000000)  phi_std=0.000000
    chi[1,1]: mean=4.26e-11  std=1.92e-10  L_train mean=0.000000  L_train std=0.000000  L_train(w*)=0.000000
  layer=1 head=2
      draw 100/800  L_train=0.000000 (w*=0.000000)  phi_std=0.000000
      draw 200/800  L_train=0.000000 (w*=0.000000)  phi_std=0.000000
      draw 300/800  L_train=0.000000 (w*=0.000000)  phi_std=0.000000
      draw 400/800  L_train=0.000000 (w*=0.000000)  phi_std=0.000000
      draw 500/800  L_train=0.000000 (w*=0.000000)  phi_std=0.000000
      draw 600/800  L_train=0.000000 (w*=0.000000)  phi_std=0.000000
      draw 700/800  L_train=0.000000 (w*=0.000000)  phi_std=0.000000
      draw 800/800  L_train=0.000000 (w*=0.000000)  phi_std=0.000001
    chi[1,2]: mean=2.21e-07  std=2.72e-07  L_train mean=0.000000  L_train std=0.000001  L_train(w*)=0.000000
  layer=1 head=3
      draw 100/800  L_train=0.000000 (w*=0.000000)  phi_std=0.000167
      draw 200/800  L_train=0.000000 (w*=0.000000)  phi_std=0.000119
      draw 300/800  L_train=0.000000 (w*=0.000000)  phi_std=0.000097
      draw 400/800  L_train=0.000000 (w*=0.000000)  phi_std=0.000429
      draw 500/800  L_train=0.000000 (w*=0.000000)  phi_std=0.000384
      draw 600/800  L_train=0.000000 (w*=0.000000)  phi_std=0.000351
      draw 700/800  L_train=0.000000 (w*=0.000000)  phi_std=0.000325
      draw 800/800  L_train=0.000000 (w*=0.000000)  phi_std=0.000304
    chi[1,3]: mean=8.29e-05  std=1.06e-04  L_train mean=0.000020  L_train std=0.000304  L_train(w*)=0.000000
  layer=2 head=0
      draw 100/800  L_train=0.000000 (w*=0.000000)  phi_std=0.000000
      draw 200/800  L_train=0.000000 (w*=0.000000)  phi_std=0.000000
      draw 300/800  L_train=0.000000 (w*=0.000000)  phi_std=0.000000
      draw 400/800  L_train=0.000000 (w*=0.000000)  phi_std=0.000000
      draw 500/800  L_train=0.000000 (w*=0.000000)  phi_std=0.000000
      draw 600/800  L_train=0.000000 (w*=0.000000)  phi_std=0.000000
      draw 700/800  L_train=0.000000 (w*=0.000000)  phi_std=0.000000
      draw 800/800  L_train=0.000000 (w*=0.000000)  phi_std=0.000000
    chi[2,0]: mean=0.00e+00  std=0.00e+00  L_train mean=0.000000  L_train std=0.000000  L_train(w*)=0.000000
  layer=2 head=1
      draw 100/800  L_train=0.000000 (w*=0.000000)  phi_std=0.000000
      draw 200/800  L_train=0.000000 (w*=0.000000)  phi_std=0.000000
      draw 300/800  L_train=0.000000 (w*=0.000000)  phi_std=0.000000
      draw 400/800  L_train=0.000000 (w*=0.000000)  phi_std=0.000000
      draw 500/800  L_train=0.000000 (w*=0.000000)  phi_std=0.000000
      draw 600/800  L_train=0.000000 (w*=0.000000)  phi_std=0.000000
      draw 700/800  L_train=0.000000 (w*=0.000000)  phi_std=0.000000
      draw 800/800  L_train=0.000000 (w*=0.000000)  phi_std=0.000000
    chi[2,1]: mean=0.00e+00  std=0.00e+00  L_train mean=0.000000  L_train std=0.000000  L_train(w*)=0.000000
  layer=2 head=2
      draw 100/800  L_train=0.000000 (w*=0.000000)  phi_std=0.000000
      draw 200/800  L_train=0.000000 (w*=0.000000)  phi_std=0.000000
      draw 300/800  L_train=0.000000 (w*=0.000000)  phi_std=0.000000
      draw 400/800  L_train=0.000000 (w*=0.000000)  phi_std=0.000000
      draw 500/800  L_train=0.000000 (w*=0.000000)  phi_std=0.000000
      draw 600/800  L_train=0.000000 (w*=0.000000)  phi_std=0.000000
      draw 700/800  L_train=0.000000 (w*=0.000000)  phi_std=0.000000
      draw 800/800  L_train=0.000000 (w*=0.000000)  phi_std=0.000000
    chi[2,2]: mean=0.00e+00  std=0.00e+00  L_train mean=0.000000  L_train std=0.000000  L_train(w*)=0.000000
  layer=2 head=3
      draw 100/800  L_train=0.000000 (w*=0.000000)  phi_std=0.000000
      draw 200/800  L_train=0.000000 (w*=0.000000)  phi_std=0.000000
      draw 300/800  L_train=0.000000 (w*=0.000000)  phi_std=0.000000
      draw 400/800  L_train=0.000000 (w*=0.000000)  phi_std=0.000000
      draw 500/800  L_train=0.000000 (w*=0.000000)  phi_std=0.000000
      draw 600/800  L_train=0.000000 (w*=0.000000)  phi_std=0.000000
      draw 700/800  L_train=0.000000 (w*=0.000000)  phi_std=0.000000
      draw 800/800  L_train=0.000000 (w*=0.000000)  phi_std=0.000000
    chi[2,3]: mean=0.00e+00  std=0.00e+00  L_train mean=0.000000  L_train std=0.000000  L_train(w*)=0.000000
  Saved /root/id-predict-ood/cptsusceptibility/results/8e1c81e8_cpt.npy  shape=(3, 4, 200)

[17/25] model 93bca083
  layer=0 head=0
      draw 100/800  L_train=0.000007 (w*=0.000006)  phi_std=0.000012
      draw 200/800  L_train=0.000007 (w*=0.000006)  phi_std=0.000032
      draw 300/800  L_train=0.000006 (w*=0.000006)  phi_std=0.000027
      draw 400/800  L_train=0.000006 (w*=0.000006)  phi_std=0.000024
      draw 500/800  L_train=0.000007 (w*=0.000006)  phi_std=0.000022
      draw 600/800  L_train=0.000016 (w*=0.000006)  phi_std=0.000020
      draw 700/800  L_train=0.000011 (w*=0.000006)  phi_std=0.000021
      draw 800/800  L_train=0.000006 (w*=0.000006)  phi_std=0.000020
    chi[0,0]: mean=3.01e-07  std=1.77e-06  L_train mean=0.000016  L_train std=0.000020  L_train(w*)=0.000006
  layer=0 head=1
      draw 100/800  L_train=0.000007 (w*=0.000006)  phi_std=0.000001
      draw 200/800  L_train=0.000008 (w*=0.000006)  phi_std=0.000005
      draw 300/800  L_train=0.000006 (w*=0.000006)  phi_std=0.000004
      draw 400/800  L_train=0.000006 (w*=0.000006)  phi_std=0.000004
      draw 500/800  L_train=0.000007 (w*=0.000006)  phi_std=0.000004
      draw 600/800  L_train=0.000007 (w*=0.000006)  phi_std=0.000003
      draw 700/800  L_train=0.000014 (w*=0.000006)  phi_std=0.000003
      draw 800/800  L_train=0.000007 (w*=0.000006)  phi_std=0.000006
    chi[0,1]: mean=6.51e-08  std=4.37e-07  L_train mean=0.000009  L_train std=0.000006  L_train(w*)=0.000006
  layer=0 head=2
      draw 100/800  L_train=0.000006 (w*=0.000006)  phi_std=0.000001
      draw 200/800  L_train=0.000006 (w*=0.000006)  phi_std=0.000001
      draw 300/800  L_train=0.000006 (w*=0.000006)  phi_std=0.000001
      draw 400/800  L_train=0.000007 (w*=0.000006)  phi_std=0.000001
      draw 500/800  L_train=0.000007 (w*=0.000006)  phi_std=0.000001
      draw 600/800  L_train=0.000006 (w*=0.000006)  phi_std=0.000002
      draw 700/800  L_train=0.000006 (w*=0.000006)  phi_std=0.000002
      draw 800/800  L_train=0.000007 (w*=0.000006)  phi_std=0.000002
    chi[0,2]: mean=3.24e-09  std=4.14e-08  L_train mean=0.000007  L_train std=0.000002  L_train(w*)=0.000006
  layer=0 head=3
      draw 100/800  L_train=0.000006 (w*=0.000006)  phi_std=0.000000
      draw 200/800  L_train=0.000007 (w*=0.000006)  phi_std=0.000001
      draw 300/800  L_train=0.000011 (w*=0.000006)  phi_std=0.000001
      draw 400/800  L_train=0.000006 (w*=0.000006)  phi_std=0.000001
      draw 500/800  L_train=0.000006 (w*=0.000006)  phi_std=0.000001
      draw 600/800  L_train=0.000006 (w*=0.000006)  phi_std=0.000001
      draw 700/800  L_train=0.000007 (w*=0.000006)  phi_std=0.000001
      draw 800/800  L_train=0.000008 (w*=0.000006)  phi_std=0.000001
    chi[0,3]: mean=1.46e-09  std=4.22e-08  L_train mean=0.000007  L_train std=0.000001  L_train(w*)=0.000006
  layer=1 head=0
      draw 100/800  L_train=0.000006 (w*=0.000006)  phi_std=0.000000
      draw 200/800  L_train=0.000006 (w*=0.000006)  phi_std=0.000000
      draw 300/800  L_train=0.000006 (w*=0.000006)  phi_std=0.000000
      draw 400/800  L_train=0.000006 (w*=0.000006)  phi_std=0.000000
      draw 500/800  L_train=0.000006 (w*=0.000006)  phi_std=0.000000
      draw 600/800  L_train=0.000006 (w*=0.000006)  phi_std=0.000000
      draw 700/800  L_train=0.000006 (w*=0.000006)  phi_std=0.000000
      draw 800/800  L_train=0.000006 (w*=0.000006)  phi_std=0.000000
    chi[1,0]: mean=1.55e-10  std=7.89e-10  L_train mean=0.000006  L_train std=0.000000  L_train(w*)=0.000006
  layer=1 head=1
      draw 100/800  L_train=0.000006 (w*=0.000006)  phi_std=0.000000
      draw 200/800  L_train=0.000006 (w*=0.000006)  phi_std=0.000000
      draw 300/800  L_train=0.000006 (w*=0.000006)  phi_std=0.000000
      draw 400/800  L_train=0.000006 (w*=0.000006)  phi_std=0.000000
      draw 500/800  L_train=0.000006 (w*=0.000006)  phi_std=0.000000
      draw 600/800  L_train=0.000006 (w*=0.000006)  phi_std=0.000000
      draw 700/800  L_train=0.000006 (w*=0.000006)  phi_std=0.000000
      draw 800/800  L_train=0.000006 (w*=0.000006)  phi_std=0.000000
    chi[1,1]: mean=1.50e-10  std=7.66e-10  L_train mean=0.000006  L_train std=0.000000  L_train(w*)=0.000006
  layer=1 head=2
      draw 100/800  L_train=0.000006 (w*=0.000006)  phi_std=0.000000
      draw 200/800  L_train=0.000006 (w*=0.000006)  phi_std=0.000000
      draw 300/800  L_train=0.000006 (w*=0.000006)  phi_std=0.000000
      draw 400/800  L_train=0.000006 (w*=0.000006)  phi_std=0.000000
      draw 500/800  L_train=0.000006 (w*=0.000006)  phi_std=0.000000
      draw 600/800  L_train=0.000006 (w*=0.000006)  phi_std=0.000000
      draw 700/800  L_train=0.000005 (w*=0.000006)  phi_std=0.000000
      draw 800/800  L_train=0.000006 (w*=0.000006)  phi_std=0.000000
    chi[1,2]: mean=8.78e-10  std=3.01e-09  L_train mean=0.000006  L_train std=0.000000  L_train(w*)=0.000006
  layer=1 head=3
      draw 100/800  L_train=0.000006 (w*=0.000006)  phi_std=0.000000
      draw 200/800  L_train=0.000006 (w*=0.000006)  phi_std=0.000000
      draw 300/800  L_train=0.000006 (w*=0.000006)  phi_std=0.000000
      draw 400/800  L_train=0.000006 (w*=0.000006)  phi_std=0.000000
      draw 500/800  L_train=0.000006 (w*=0.000006)  phi_std=0.000000
      draw 600/800  L_train=0.000006 (w*=0.000006)  phi_std=0.000000
      draw 700/800  L_train=0.000006 (w*=0.000006)  phi_std=0.000000
      draw 800/800  L_train=0.000006 (w*=0.000006)  phi_std=0.000000
    chi[1,3]: mean=5.10e-10  std=2.01e-09  L_train mean=0.000006  L_train std=0.000000  L_train(w*)=0.000006
  layer=2 head=0
      draw 100/800  L_train=0.000006 (w*=0.000006)  phi_std=0.000000
      draw 200/800  L_train=0.000006 (w*=0.000006)  phi_std=0.000000
      draw 300/800  L_train=0.000006 (w*=0.000006)  phi_std=0.000000
      draw 400/800  L_train=0.000006 (w*=0.000006)  phi_std=0.000000
      draw 500/800  L_train=0.000006 (w*=0.000006)  phi_std=0.000000
      draw 600/800  L_train=0.000006 (w*=0.000006)  phi_std=0.000000
      draw 700/800  L_train=0.000006 (w*=0.000006)  phi_std=0.000000
      draw 800/800  L_train=0.000006 (w*=0.000006)  phi_std=0.000000
    chi[2,0]: mean=-1.67e-09  std=4.54e-09  L_train mean=0.000006  L_train std=0.000000  L_train(w*)=0.000006
  layer=2 head=1
      draw 100/800  L_train=0.000006 (w*=0.000006)  phi_std=0.000000
      draw 200/800  L_train=0.000007 (w*=0.000006)  phi_std=0.000000
      draw 300/800  L_train=0.000006 (w*=0.000006)  phi_std=0.000000
      draw 400/800  L_train=0.000006 (w*=0.000006)  phi_std=0.000000
      draw 500/800  L_train=0.000005 (w*=0.000006)  phi_std=0.000000
      draw 600/800  L_train=0.000007 (w*=0.000006)  phi_std=0.000000
      draw 700/800  L_train=0.000006 (w*=0.000006)  phi_std=0.000000
      draw 800/800  L_train=0.000006 (w*=0.000006)  phi_std=0.000000
    chi[2,1]: mean=-3.87e-10  std=2.61e-09  L_train mean=0.000006  L_train std=0.000000  L_train(w*)=0.000006
  layer=2 head=2
      draw 100/800  L_train=0.000007 (w*=0.000006)  phi_std=0.000000
      draw 200/800  L_train=0.000007 (w*=0.000006)  phi_std=0.000000
      draw 300/800  L_train=0.000006 (w*=0.000006)  phi_std=0.000000
      draw 400/800  L_train=0.000006 (w*=0.000006)  phi_std=0.000000
      draw 500/800  L_train=0.000006 (w*=0.000006)  phi_std=0.000000
      draw 600/800  L_train=0.000005 (w*=0.000006)  phi_std=0.000000
      draw 700/800  L_train=0.000006 (w*=0.000006)  phi_std=0.000000
      draw 800/800  L_train=0.000006 (w*=0.000006)  phi_std=0.000000
    chi[2,2]: mean=1.62e-09  std=3.53e-09  L_train mean=0.000006  L_train std=0.000000  L_train(w*)=0.000006
  layer=2 head=3
      draw 100/800  L_train=0.000006 (w*=0.000006)  phi_std=0.000000
      draw 200/800  L_train=0.000006 (w*=0.000006)  phi_std=0.000000
      draw 300/800  L_train=0.000006 (w*=0.000006)  phi_std=0.000000
      draw 400/800  L_train=0.000006 (w*=0.000006)  phi_std=0.000000
      draw 500/800  L_train=0.000007 (w*=0.000006)  phi_std=0.000000
      draw 600/800  L_train=0.000005 (w*=0.000006)  phi_std=0.000000
      draw 700/800  L_train=0.000006 (w*=0.000006)  phi_std=0.000000
      draw 800/800  L_train=0.000006 (w*=0.000006)  phi_std=0.000000
    chi[2,3]: mean=-3.10e-09  std=7.23e-09  L_train mean=0.000006  L_train std=0.000000  L_train(w*)=0.000006
  Saved /root/id-predict-ood/cptsusceptibility/results/93bca083_cpt.npy  shape=(3, 4, 200)

[18/25] model 9b43d805
  layer=0 head=0
      draw 100/800  L_train=0.000000 (w*=0.000000)  phi_std=0.000000
      draw 200/800  L_train=0.000000 (w*=0.000000)  phi_std=0.000000
      draw 300/800  L_train=0.000000 (w*=0.000000)  phi_std=0.000000
      draw 400/800  L_train=0.000000 (w*=0.000000)  phi_std=0.000000
      draw 500/800  L_train=0.000000 (w*=0.000000)  phi_std=0.003193
      draw 600/800  L_train=0.000000 (w*=0.000000)  phi_std=0.002915
      draw 700/800  L_train=0.000000 (w*=0.000000)  phi_std=0.002700
      draw 800/800  L_train=0.000000 (w*=0.000000)  phi_std=0.002526
    chi[0,0]: mean=4.32e-06  std=5.05e-05  L_train mean=0.000121  L_train std=0.002526  L_train(w*)=0.000000
  layer=0 head=1
      draw 100/800  L_train=0.000000 (w*=0.000000)  phi_std=0.000000
      draw 200/800  L_train=0.000000 (w*=0.000000)  phi_std=0.000000
      draw 300/800  L_train=0.000000 (w*=0.000000)  phi_std=0.000000
      draw 400/800  L_train=0.000000 (w*=0.000000)  phi_std=0.000000
      draw 500/800  L_train=0.000004 (w*=0.000000)  phi_std=0.000448
      draw 600/800  L_train=0.000000 (w*=0.000000)  phi_std=0.000409
      draw 700/800  L_train=0.000000 (w*=0.000000)  phi_std=0.000379
      draw 800/800  L_train=0.000000 (w*=0.000000)  phi_std=0.000354
    chi[0,1]: mean=6.23e-08  std=1.04e-05  L_train mean=0.000018  L_train std=0.000354  L_train(w*)=0.000000
  layer=0 head=2
      draw 100/800  L_train=0.000000 (w*=0.000000)  phi_std=0.000000
      draw 200/800  L_train=0.000000 (w*=0.000000)  phi_std=0.000321
      draw 300/800  L_train=0.000000 (w*=0.000000)  phi_std=0.000263
      draw 400/800  L_train=0.000000 (w*=0.000000)  phi_std=0.001633
      draw 500/800  L_train=0.000000 (w*=0.000000)  phi_std=0.001461
      draw 600/800  L_train=0.000000 (w*=0.000000)  phi_std=0.001334
      draw 700/800  L_train=0.000000 (w*=0.000000)  phi_std=0.001236
      draw 800/800  L_train=0.004328 (w*=0.000000)  phi_std=0.001177
    chi[0,2]: mean=2.63e-06  std=3.14e-05  L_train mean=0.000061  L_train std=0.001177  L_train(w*)=0.000000
  layer=0 head=3
      draw 100/800  L_train=0.000000 (w*=0.000000)  phi_std=0.000000
      draw 200/800  L_train=0.000000 (w*=0.000000)  phi_std=0.000000
      draw 300/800  L_train=0.000000 (w*=0.000000)  phi_std=0.000000
      draw 400/800  L_train=0.000000 (w*=0.000000)  phi_std=0.000000
      draw 500/800  L_train=0.000000 (w*=0.000000)  phi_std=0.000000
      draw 600/800  L_train=0.000000 (w*=0.000000)  phi_std=0.000000
      draw 700/800  L_train=0.000000 (w*=0.000000)  phi_std=0.000000
      draw 800/800  L_train=0.000000 (w*=0.000000)  phi_std=0.000000
    chi[0,3]: mean=0.00e+00  std=0.00e+00  L_train mean=0.000000  L_train std=0.000000  L_train(w*)=0.000000
  layer=1 head=0
      draw 100/800  L_train=0.000000 (w*=0.000000)  phi_std=0.000000
      draw 200/800  L_train=0.000000 (w*=0.000000)  phi_std=0.000000
      draw 300/800  L_train=0.000000 (w*=0.000000)  phi_std=0.000000
      draw 400/800  L_train=0.000000 (w*=0.000000)  phi_std=0.000000
      draw 500/800  L_train=0.000000 (w*=0.000000)  phi_std=0.000000
      draw 600/800  L_train=0.000000 (w*=0.000000)  phi_std=0.000000
      draw 700/800  L_train=0.000000 (w*=0.000000)  phi_std=0.000000
      draw 800/800  L_train=0.000000 (w*=0.000000)  phi_std=0.000000
    chi[1,0]: mean=0.00e+00  std=0.00e+00  L_train mean=0.000000  L_train std=0.000000  L_train(w*)=0.000000
  layer=1 head=1
      draw 100/800  L_train=0.000000 (w*=0.000000)  phi_std=0.000000
      draw 200/800  L_train=0.000000 (w*=0.000000)  phi_std=0.000000
      draw 300/800  L_train=0.000000 (w*=0.000000)  phi_std=0.000000
      draw 400/800  L_train=0.000000 (w*=0.000000)  phi_std=0.000000
      draw 500/800  L_train=0.000000 (w*=0.000000)  phi_std=0.000000
      draw 600/800  L_train=0.000000 (w*=0.000000)  phi_std=0.000000
      draw 700/800  L_train=0.000000 (w*=0.000000)  phi_std=0.000000
      draw 800/800  L_train=0.000000 (w*=0.000000)  phi_std=0.000000
    chi[1,1]: mean=0.00e+00  std=0.00e+00  L_train mean=0.000000  L_train std=0.000000  L_train(w*)=0.000000
  layer=1 head=2
      draw 100/800  L_train=0.000000 (w*=0.000000)  phi_std=0.000000
      draw 200/800  L_train=0.000000 (w*=0.000000)  phi_std=0.000000
      draw 300/800  L_train=0.000000 (w*=0.000000)  phi_std=0.000000
      draw 400/800  L_train=0.000000 (w*=0.000000)  phi_std=0.000000
      draw 500/800  L_train=0.000000 (w*=0.000000)  phi_std=0.000000
      draw 600/800  L_train=0.000000 (w*=0.000000)  phi_std=0.000000
      draw 700/800  L_train=0.000000 (w*=0.000000)  phi_std=0.000000
      draw 800/800  L_train=0.000000 (w*=0.000000)  phi_std=0.000000
    chi[1,2]: mean=0.00e+00  std=0.00e+00  L_train mean=0.000000  L_train std=0.000000  L_train(w*)=0.000000
  layer=1 head=3
      draw 100/800  L_train=0.000000 (w*=0.000000)  phi_std=0.000000
      draw 200/800  L_train=0.000000 (w*=0.000000)  phi_std=0.000000
      draw 300/800  L_train=0.000000 (w*=0.000000)  phi_std=0.000000
      draw 400/800  L_train=0.000000 (w*=0.000000)  phi_std=0.000000
      draw 500/800  L_train=0.000000 (w*=0.000000)  phi_std=0.000000
      draw 600/800  L_train=0.000000 (w*=0.000000)  phi_std=0.000000
      draw 700/800  L_train=0.000000 (w*=0.000000)  phi_std=0.000000
      draw 800/800  L_train=0.000000 (w*=0.000000)  phi_std=0.000000
    chi[1,3]: mean=0.00e+00  std=0.00e+00  L_train mean=0.000000  L_train std=0.000000  L_train(w*)=0.000000
  layer=2 head=0
      draw 100/800  L_train=0.000000 (w*=0.000000)  phi_std=0.000000
      draw 200/800  L_train=0.000000 (w*=0.000000)  phi_std=0.000000
      draw 300/800  L_train=0.000000 (w*=0.000000)  phi_std=0.000000
      draw 400/800  L_train=0.000000 (w*=0.000000)  phi_std=0.000000
      draw 500/800  L_train=0.000000 (w*=0.000000)  phi_std=0.000000
      draw 600/800  L_train=0.000000 (w*=0.000000)  phi_std=0.000000
      draw 700/800  L_train=0.000000 (w*=0.000000)  phi_std=0.000000
      draw 800/800  L_train=0.000000 (w*=0.000000)  phi_std=0.000000
    chi[2,0]: mean=0.00e+00  std=0.00e+00  L_train mean=0.000000  L_train std=0.000000  L_train(w*)=0.000000
  layer=2 head=1
      draw 100/800  L_train=0.000000 (w*=0.000000)  phi_std=0.000000
      draw 200/800  L_train=0.000000 (w*=0.000000)  phi_std=0.000000
      draw 300/800  L_train=0.000000 (w*=0.000000)  phi_std=0.000000
      draw 400/800  L_train=0.000000 (w*=0.000000)  phi_std=0.000000
      draw 500/800  L_train=0.000000 (w*=0.000000)  phi_std=0.000000
      draw 600/800  L_train=0.000000 (w*=0.000000)  phi_std=0.000000
      draw 700/800  L_train=0.000000 (w*=0.000000)  phi_std=0.000000
      draw 800/800  L_train=0.000000 (w*=0.000000)  phi_std=0.000000
    chi[2,1]: mean=0.00e+00  std=0.00e+00  L_train mean=0.000000  L_train std=0.000000  L_train(w*)=0.000000
  layer=2 head=2
      draw 100/800  L_train=0.000000 (w*=0.000000)  phi_std=0.000000
      draw 200/800  L_train=0.000000 (w*=0.000000)  phi_std=0.000000
      draw 300/800  L_train=0.000000 (w*=0.000000)  phi_std=0.000000
      draw 400/800  L_train=0.000000 (w*=0.000000)  phi_std=0.000000
      draw 500/800  L_train=0.000000 (w*=0.000000)  phi_std=0.000000
      draw 600/800  L_train=0.000000 (w*=0.000000)  phi_std=0.000000
      draw 700/800  L_train=0.000000 (w*=0.000000)  phi_std=0.000000
      draw 800/800  L_train=0.000000 (w*=0.000000)  phi_std=0.000000
    chi[2,2]: mean=0.00e+00  std=0.00e+00  L_train mean=0.000000  L_train std=0.000000  L_train(w*)=0.000000
  layer=2 head=3
      draw 100/800  L_train=0.000000 (w*=0.000000)  phi_std=0.000000
      draw 200/800  L_train=0.000000 (w*=0.000000)  phi_std=0.000000
      draw 300/800  L_train=0.000000 (w*=0.000000)  phi_std=0.000000
      draw 400/800  L_train=0.000000 (w*=0.000000)  phi_std=0.000000
      draw 500/800  L_train=0.000000 (w*=0.000000)  phi_std=0.000000
      draw 600/800  L_train=0.000000 (w*=0.000000)  phi_std=0.000000
      draw 700/800  L_train=0.000000 (w*=0.000000)  phi_std=0.000000
      draw 800/800  L_train=0.000000 (w*=0.000000)  phi_std=0.000000
    chi[2,3]: mean=0.00e+00  std=0.00e+00  L_train mean=0.000000  L_train std=0.000000  L_train(w*)=0.000000
  Saved /root/id-predict-ood/cptsusceptibility/results/9b43d805_cpt.npy  shape=(3, 4, 200)

[19/25] model aa3003a3
  layer=0 head=0
      draw 100/800  L_train=0.000000 (w*=0.000000)  phi_std=0.000000
      draw 200/800  L_train=0.000000 (w*=0.000000)  phi_std=0.000000
      draw 300/800  L_train=0.000000 (w*=0.000000)  phi_std=0.000000
      draw 400/800  L_train=0.000000 (w*=0.000000)  phi_std=0.000000
      draw 500/800  L_train=0.000000 (w*=0.000000)  phi_std=0.000000
      draw 600/800  L_train=0.000000 (w*=0.000000)  phi_std=0.000000
      draw 700/800  L_train=0.000000 (w*=0.000000)  phi_std=0.000000
      draw 800/800  L_train=0.000000 (w*=0.000000)  phi_std=0.000000
    chi[0,0]: mean=0.00e+00  std=0.00e+00  L_train mean=0.000000  L_train std=0.000000  L_train(w*)=0.000000
  layer=0 head=1
      draw 100/800  L_train=0.000000 (w*=0.000000)  phi_std=0.002123
      draw 200/800  L_train=0.000000 (w*=0.000000)  phi_std=0.001506
      draw 300/800  L_train=0.000000 (w*=0.000000)  phi_std=0.001231
      draw 400/800  L_train=0.000000 (w*=0.000000)  phi_std=0.001066
      draw 500/800  L_train=0.000000 (w*=0.000000)  phi_std=0.000954
      draw 600/800  L_train=0.000000 (w*=0.000000)  phi_std=0.000871
      draw 700/800  L_train=0.000000 (w*=0.000000)  phi_std=0.000807
      draw 800/800  L_train=0.000000 (w*=0.000000)  phi_std=0.000755
    chi[0,1]: mean=-5.06e-05  std=1.57e-04  L_train mean=0.000030  L_train std=0.000755  L_train(w*)=0.000000
  layer=0 head=2
      draw 100/800  L_train=0.000000 (w*=0.000000)  phi_std=0.000000
      draw 200/800  L_train=0.000000 (w*=0.000000)  phi_std=0.000000
      draw 300/800  L_train=0.000000 (w*=0.000000)  phi_std=0.000000
      draw 400/800  L_train=0.000000 (w*=0.000000)  phi_std=0.002659
      draw 500/800  L_train=0.000000 (w*=0.000000)  phi_std=0.002380
      draw 600/800  L_train=0.000000 (w*=0.000000)  phi_std=0.002173
      draw 700/800  L_train=0.000000 (w*=0.000000)  phi_std=0.002012
      draw 800/800  L_train=0.000000 (w*=0.000000)  phi_std=0.001883
    chi[0,2]: mean=-1.24e-04  std=4.17e-04  L_train mean=0.000094  L_train std=0.001883  L_train(w*)=0.000000
  layer=0 head=3
      draw 100/800  L_train=0.000000 (w*=0.000000)  phi_std=0.000000
      draw 200/800  L_train=0.000000 (w*=0.000000)  phi_std=0.000000
      draw 300/800  L_train=0.000000 (w*=0.000000)  phi_std=0.000000
      draw 400/800  L_train=0.000000 (w*=0.000000)  phi_std=0.000000
      draw 500/800  L_train=0.000000 (w*=0.000000)  phi_std=0.000000
      draw 600/800  L_train=0.000000 (w*=0.000000)  phi_std=0.000000
      draw 700/800  L_train=0.000000 (w*=0.000000)  phi_std=0.000000
      draw 800/800  L_train=0.000000 (w*=0.000000)  phi_std=0.000000
    chi[0,3]: mean=0.00e+00  std=0.00e+00  L_train mean=0.000000  L_train std=0.000000  L_train(w*)=0.000000
  layer=1 head=0
      draw 100/800  L_train=0.000000 (w*=0.000000)  phi_std=0.000000
      draw 200/800  L_train=0.000000 (w*=0.000000)  phi_std=0.000000
      draw 300/800  L_train=0.000000 (w*=0.000000)  phi_std=0.000000
      draw 400/800  L_train=0.000000 (w*=0.000000)  phi_std=0.000000
      draw 500/800  L_train=0.000000 (w*=0.000000)  phi_std=0.000000
      draw 600/800  L_train=0.000000 (w*=0.000000)  phi_std=0.000000
      draw 700/800  L_train=0.000000 (w*=0.000000)  phi_std=0.000000
      draw 800/800  L_train=0.000000 (w*=0.000000)  phi_std=0.000000
    chi[1,0]: mean=0.00e+00  std=0.00e+00  L_train mean=0.000000  L_train std=0.000000  L_train(w*)=0.000000
  layer=1 head=1
      draw 100/800  L_train=0.000000 (w*=0.000000)  phi_std=0.000000
      draw 200/800  L_train=0.000000 (w*=0.000000)  phi_std=0.000000
      draw 300/800  L_train=0.000000 (w*=0.000000)  phi_std=0.000000
      draw 400/800  L_train=0.000000 (w*=0.000000)  phi_std=0.000000
      draw 500/800  L_train=0.000000 (w*=0.000000)  phi_std=0.000000
      draw 600/800  L_train=0.000000 (w*=0.000000)  phi_std=0.000000
      draw 700/800  L_train=0.000000 (w*=0.000000)  phi_std=0.000000
      draw 800/800  L_train=0.000000 (w*=0.000000)  phi_std=0.000000
    chi[1,1]: mean=0.00e+00  std=0.00e+00  L_train mean=0.000000  L_train std=0.000000  L_train(w*)=0.000000
  layer=1 head=2
      draw 100/800  L_train=0.000000 (w*=0.000000)  phi_std=0.000000
      draw 200/800  L_train=0.000000 (w*=0.000000)  phi_std=0.000000
      draw 300/800  L_train=0.000000 (w*=0.000000)  phi_std=0.000000
      draw 400/800  L_train=0.000000 (w*=0.000000)  phi_std=0.000000
      draw 500/800  L_train=0.000000 (w*=0.000000)  phi_std=0.000000
      draw 600/800  L_train=0.000000 (w*=0.000000)  phi_std=0.000000
      draw 700/800  L_train=0.000000 (w*=0.000000)  phi_std=0.000000
      draw 800/800  L_train=0.000000 (w*=0.000000)  phi_std=0.000000
    chi[1,2]: mean=0.00e+00  std=0.00e+00  L_train mean=0.000000  L_train std=0.000000  L_train(w*)=0.000000
  layer=1 head=3
      draw 100/800  L_train=0.000000 (w*=0.000000)  phi_std=0.000000
      draw 200/800  L_train=0.000000 (w*=0.000000)  phi_std=0.000000
      draw 300/800  L_train=0.000000 (w*=0.000000)  phi_std=0.000000
      draw 400/800  L_train=0.000000 (w*=0.000000)  phi_std=0.000000
      draw 500/800  L_train=0.000000 (w*=0.000000)  phi_std=0.000000
      draw 600/800  L_train=0.000000 (w*=0.000000)  phi_std=0.000000
      draw 700/800  L_train=0.000000 (w*=0.000000)  phi_std=0.000000
      draw 800/800  L_train=0.000000 (w*=0.000000)  phi_std=0.000000
    chi[1,3]: mean=0.00e+00  std=0.00e+00  L_train mean=0.000000  L_train std=0.000000  L_train(w*)=0.000000
  layer=2 head=0
      draw 100/800  L_train=0.000000 (w*=0.000000)  phi_std=0.000000
      draw 200/800  L_train=0.000000 (w*=0.000000)  phi_std=0.000000
      draw 300/800  L_train=0.000000 (w*=0.000000)  phi_std=0.000000
      draw 400/800  L_train=0.000000 (w*=0.000000)  phi_std=0.000000
      draw 500/800  L_train=0.000000 (w*=0.000000)  phi_std=0.000000
      draw 600/800  L_train=0.000000 (w*=0.000000)  phi_std=0.000000
      draw 700/800  L_train=0.000000 (w*=0.000000)  phi_std=0.000000
      draw 800/800  L_train=0.000000 (w*=0.000000)  phi_std=0.000000
    chi[2,0]: mean=0.00e+00  std=0.00e+00  L_train mean=0.000000  L_train std=0.000000  L_train(w*)=0.000000
  layer=2 head=1
      draw 100/800  L_train=0.000000 (w*=0.000000)  phi_std=0.000000
      draw 200/800  L_train=0.000000 (w*=0.000000)  phi_std=0.000000
      draw 300/800  L_train=0.000000 (w*=0.000000)  phi_std=0.000000
      draw 400/800  L_train=0.000000 (w*=0.000000)  phi_std=0.000000
      draw 500/800  L_train=0.000000 (w*=0.000000)  phi_std=0.000000
      draw 600/800  L_train=0.000000 (w*=0.000000)  phi_std=0.000000
      draw 700/800  L_train=0.000000 (w*=0.000000)  phi_std=0.000000
      draw 800/800  L_train=0.000000 (w*=0.000000)  phi_std=0.000000
    chi[2,1]: mean=0.00e+00  std=0.00e+00  L_train mean=0.000000  L_train std=0.000000  L_train(w*)=0.000000
  layer=2 head=2
      draw 100/800  L_train=0.000000 (w*=0.000000)  phi_std=0.000000
      draw 200/800  L_train=0.000000 (w*=0.000000)  phi_std=0.000000
      draw 300/800  L_train=0.000000 (w*=0.000000)  phi_std=0.000000
      draw 400/800  L_train=0.000000 (w*=0.000000)  phi_std=0.000000
      draw 500/800  L_train=0.000000 (w*=0.000000)  phi_std=0.000000
      draw 600/800  L_train=0.000000 (w*=0.000000)  phi_std=0.000000
      draw 700/800  L_train=0.000000 (w*=0.000000)  phi_std=0.000000
      draw 800/800  L_train=0.000000 (w*=0.000000)  phi_std=0.000000
    chi[2,2]: mean=0.00e+00  std=0.00e+00  L_train mean=0.000000  L_train std=0.000000  L_train(w*)=0.000000
  layer=2 head=3
      draw 100/800  L_train=0.000000 (w*=0.000000)  phi_std=0.000000
      draw 200/800  L_train=0.000000 (w*=0.000000)  phi_std=0.000000
      draw 300/800  L_train=0.000000 (w*=0.000000)  phi_std=0.000000
      draw 400/800  L_train=0.000000 (w*=0.000000)  phi_std=0.000000
      draw 500/800  L_train=0.000000 (w*=0.000000)  phi_std=0.000000
      draw 600/800  L_train=0.000000 (w*=0.000000)  phi_std=0.000000
      draw 700/800  L_train=0.000000 (w*=0.000000)  phi_std=0.000000
      draw 800/800  L_train=0.000000 (w*=0.000000)  phi_std=0.000000
    chi[2,3]: mean=0.00e+00  std=0.00e+00  L_train mean=0.000000  L_train std=0.000000  L_train(w*)=0.000000
  Saved /root/id-predict-ood/cptsusceptibility/results/aa3003a3_cpt.npy  shape=(3, 4, 200)

[20/25] model b1f82922
  layer=0 head=0
      draw 100/800  L_train=0.000068 (w*=0.000084)  phi_std=0.000039
      draw 200/800  L_train=0.000454 (w*=0.000084)  phi_std=0.001165
      draw 300/800  L_train=0.000054 (w*=0.000084)  phi_std=0.000975
      draw 400/800  L_train=0.000104 (w*=0.000084)  phi_std=0.000896
      draw 500/800  L_train=0.002453 (w*=0.000084)  phi_std=0.005483
      draw 600/800  L_train=0.000135 (w*=0.000084)  phi_std=0.005248
      draw 700/800  L_train=0.000109 (w*=0.000084)  phi_std=0.004901
      draw 800/800  L_train=0.000124 (w*=0.000084)  phi_std=0.004974
    chi[0,0]: mean=-5.68e-04  std=1.19e-03  L_train mean=0.001941  L_train std=0.004974  L_train(w*)=0.000084
  layer=0 head=1
      draw 100/800  L_train=0.000093 (w*=0.000084)  phi_std=0.000013
      draw 200/800  L_train=0.000087 (w*=0.000084)  phi_std=0.000087
      draw 300/800  L_train=0.000201 (w*=0.000084)  phi_std=0.000730
      draw 400/800  L_train=0.000088 (w*=0.000084)  phi_std=0.000636
      draw 500/800  L_train=0.000104 (w*=0.000084)  phi_std=0.000572
      draw 600/800  L_train=0.030821 (w*=0.000084)  phi_std=0.004138
      draw 700/800  L_train=0.003040 (w*=0.000084)  phi_std=0.006803
      draw 800/800  L_train=0.000066 (w*=0.000084)  phi_std=0.006417
    chi[0,1]: mean=-5.28e-04  std=1.55e-03  L_train mean=0.002183  L_train std=0.006417  L_train(w*)=0.000084
  layer=0 head=2
      draw 100/800  L_train=0.001569 (w*=0.000084)  phi_std=0.000459
      draw 200/800  L_train=0.001224 (w*=0.000084)  phi_std=0.001820
      draw 300/800  L_train=0.000061 (w*=0.000084)  phi_std=0.001676
      draw 400/800  L_train=0.007761 (w*=0.000084)  phi_std=0.002002
      draw 500/800  L_train=0.000201 (w*=0.000084)  phi_std=0.002020
      draw 600/800  L_train=0.000103 (w*=0.000084)  phi_std=0.001934
      draw 700/800  L_train=0.000083 (w*=0.000084)  phi_std=0.001829
      draw 800/800  L_train=0.000092 (w*=0.000084)  phi_std=0.001734
    chi[0,2]: mean=-1.31e-04  std=2.33e-04  L_train mean=0.000810  L_train std=0.001734  L_train(w*)=0.000084
  layer=0 head=3
      draw 100/800  L_train=0.018375 (w*=0.000084)  phi_std=0.007268
      draw 200/800  L_train=0.000115 (w*=0.000084)  phi_std=0.006053
      draw 300/800  L_train=0.000082 (w*=0.000084)  phi_std=0.005233
      draw 400/800  L_train=0.000077 (w*=0.000084)  phi_std=0.004657
      draw 500/800  L_train=0.000111 (w*=0.000084)  phi_std=0.004226
      draw 600/800  L_train=0.000161 (w*=0.000084)  phi_std=0.003897
      draw 700/800  L_train=0.000073 (w*=0.000084)  phi_std=0.003635
      draw 800/800  L_train=0.000094 (w*=0.000084)  phi_std=0.003417
    chi[0,3]: mean=-3.04e-04  std=6.37e-04  L_train mean=0.001019  L_train std=0.003417  L_train(w*)=0.000084
  layer=1 head=0
      draw 100/800  L_train=0.000081 (w*=0.000084)  phi_std=0.000003
      draw 200/800  L_train=0.000085 (w*=0.000084)  phi_std=0.000002
      draw 300/800  L_train=0.000085 (w*=0.000084)  phi_std=0.000002
      draw 400/800  L_train=0.000082 (w*=0.000084)  phi_std=0.000003
      draw 500/800  L_train=0.000084 (w*=0.000084)  phi_std=0.000002
      draw 600/800  L_train=0.000087 (w*=0.000084)  phi_std=0.000002
      draw 700/800  L_train=0.000083 (w*=0.000084)  phi_std=0.000002
      draw 800/800  L_train=0.000078 (w*=0.000084)  phi_std=0.000003
    chi[1,0]: mean=4.89e-08  std=8.67e-08  L_train mean=0.000084  L_train std=0.000003  L_train(w*)=0.000084
  layer=1 head=1
      draw 100/800  L_train=0.000088 (w*=0.000084)  phi_std=0.000002
      draw 200/800  L_train=0.000083 (w*=0.000084)  phi_std=0.000002
      draw 300/800  L_train=0.000089 (w*=0.000084)  phi_std=0.000003
      draw 400/800  L_train=0.000082 (w*=0.000084)  phi_std=0.000003
      draw 500/800  L_train=0.000086 (w*=0.000084)  phi_std=0.000003
      draw 600/800  L_train=0.000091 (w*=0.000084)  phi_std=0.000003
      draw 700/800  L_train=0.000086 (w*=0.000084)  phi_std=0.000004
      draw 800/800  L_train=0.000088 (w*=0.000084)  phi_std=0.000004
    chi[1,1]: mean=1.66e-08  std=5.99e-08  L_train mean=0.000086  L_train std=0.000004  L_train(w*)=0.000084
  layer=1 head=2
      draw 100/800  L_train=0.000086 (w*=0.000084)  phi_std=0.000002
      draw 200/800  L_train=0.000090 (w*=0.000084)  phi_std=0.000002
      draw 300/800  L_train=0.000087 (w*=0.000084)  phi_std=0.000003
      draw 400/800  L_train=0.000082 (w*=0.000084)  phi_std=0.000002
      draw 500/800  L_train=0.000084 (w*=0.000084)  phi_std=0.000003
      draw 600/800  L_train=0.000079 (w*=0.000084)  phi_std=0.000003
      draw 700/800  L_train=0.000086 (w*=0.000084)  phi_std=0.000003
      draw 800/800  L_train=0.000079 (w*=0.000084)  phi_std=0.000003
    chi[1,2]: mean=1.95e-08  std=4.14e-08  L_train mean=0.000085  L_train std=0.000003  L_train(w*)=0.000084
  layer=1 head=3
      draw 100/800  L_train=0.000080 (w*=0.000084)  phi_std=0.000002
      draw 200/800  L_train=0.000085 (w*=0.000084)  phi_std=0.000004
      draw 300/800  L_train=0.000092 (w*=0.000084)  phi_std=0.000005
      draw 400/800  L_train=0.000096 (w*=0.000084)  phi_std=0.000007
      draw 500/800  L_train=0.000094 (w*=0.000084)  phi_std=0.000008
      draw 600/800  L_train=0.000082 (w*=0.000084)  phi_std=0.000007
      draw 700/800  L_train=0.000081 (w*=0.000084)  phi_std=0.000007
      draw 800/800  L_train=0.000082 (w*=0.000084)  phi_std=0.000007
    chi[1,3]: mean=-4.17e-08  std=1.90e-07  L_train mean=0.000086  L_train std=0.000007  L_train(w*)=0.000084
  layer=2 head=0
      draw 100/800  L_train=0.000092 (w*=0.000084)  phi_std=0.000003
      draw 200/800  L_train=0.000078 (w*=0.000084)  phi_std=0.000003
      draw 300/800  L_train=0.000073 (w*=0.000084)  phi_std=0.000004
      draw 400/800  L_train=0.000086 (w*=0.000084)  phi_std=0.000004
      draw 500/800  L_train=0.000090 (w*=0.000084)  phi_std=0.000004
      draw 600/800  L_train=0.000078 (w*=0.000084)  phi_std=0.000005
      draw 700/800  L_train=0.000085 (w*=0.000084)  phi_std=0.000005
      draw 800/800  L_train=0.000077 (w*=0.000084)  phi_std=0.000005
    chi[2,0]: mean=-3.79e-08  std=8.47e-08  L_train mean=0.000082  L_train std=0.000005  L_train(w*)=0.000084
  layer=2 head=1
      draw 100/800  L_train=0.000076 (w*=0.000084)  phi_std=0.000002
      draw 200/800  L_train=0.000079 (w*=0.000084)  phi_std=0.000003
      draw 300/800  L_train=0.000084 (w*=0.000084)  phi_std=0.000005
      draw 400/800  L_train=0.000098 (w*=0.000084)  phi_std=0.000008
      draw 500/800  L_train=0.000091 (w*=0.000084)  phi_std=0.000008
      draw 600/800  L_train=0.000085 (w*=0.000084)  phi_std=0.000007
      draw 700/800  L_train=0.000083 (w*=0.000084)  phi_std=0.000007
      draw 800/800  L_train=0.000085 (w*=0.000084)  phi_std=0.000007
    chi[2,1]: mean=-2.20e-07  std=3.20e-07  L_train mean=0.000084  L_train std=0.000007  L_train(w*)=0.000084
  layer=2 head=2
      draw 100/800  L_train=0.000079 (w*=0.000084)  phi_std=0.000004
      draw 200/800  L_train=0.000076 (w*=0.000084)  phi_std=0.000005
      draw 300/800  L_train=0.000081 (w*=0.000084)  phi_std=0.000005
      draw 400/800  L_train=0.000073 (w*=0.000084)  phi_std=0.000004
      draw 500/800  L_train=0.000085 (w*=0.000084)  phi_std=0.000005
      draw 600/800  L_train=0.000084 (w*=0.000084)  phi_std=0.000005
      draw 700/800  L_train=0.000074 (w*=0.000084)  phi_std=0.000005
      draw 800/800  L_train=0.000088 (w*=0.000084)  phi_std=0.000005
    chi[2,2]: mean=-5.92e-08  std=1.03e-07  L_train mean=0.000081  L_train std=0.000005  L_train(w*)=0.000084
  layer=2 head=3
      draw 100/800  L_train=0.000082 (w*=0.000084)  phi_std=0.000008
      draw 200/800  L_train=0.000083 (w*=0.000084)  phi_std=0.000008
      draw 300/800  L_train=0.000078 (w*=0.000084)  phi_std=0.000007
      draw 400/800  L_train=0.000070 (w*=0.000084)  phi_std=0.000009
      draw 500/800  L_train=0.000107 (w*=0.000084)  phi_std=0.000009
      draw 600/800  L_train=0.000092 (w*=0.000084)  phi_std=0.000010
      draw 700/800  L_train=0.000102 (w*=0.000084)  phi_std=0.000010
      draw 800/800  L_train=0.000087 (w*=0.000084)  phi_std=0.000010
    chi[2,3]: mean=-2.38e-07  std=3.92e-07  L_train mean=0.000085  L_train std=0.000010  L_train(w*)=0.000084
  Saved /root/id-predict-ood/cptsusceptibility/results/b1f82922_cpt.npy  shape=(3, 4, 200)

[21/25] model c5915eba
  layer=0 head=0
      draw 100/800  L_train=0.000000 (w*=0.000000)  phi_std=0.000000
      draw 200/800  L_train=0.000000 (w*=0.000000)  phi_std=0.000000
      draw 300/800  L_train=0.000000 (w*=0.000000)  phi_std=0.000000
      draw 400/800  L_train=0.000000 (w*=0.000000)  phi_std=0.000000
      draw 500/800  L_train=0.000000 (w*=0.000000)  phi_std=0.000000
      draw 600/800  L_train=0.000000 (w*=0.000000)  phi_std=0.000000
      draw 700/800  L_train=0.000000 (w*=0.000000)  phi_std=0.000000
      draw 800/800  L_train=0.000000 (w*=0.000000)  phi_std=0.000000
    chi[0,0]: mean=0.00e+00  std=0.00e+00  L_train mean=0.000000  L_train std=0.000000  L_train(w*)=0.000000
  layer=0 head=1
      draw 100/800  L_train=0.000000 (w*=0.000000)  phi_std=0.000000
      draw 200/800  L_train=0.000000 (w*=0.000000)  phi_std=0.000000
      draw 300/800  L_train=0.000000 (w*=0.000000)  phi_std=0.000000
      draw 400/800  L_train=0.000000 (w*=0.000000)  phi_std=0.000000
      draw 500/800  L_train=0.000000 (w*=0.000000)  phi_std=0.000000
      draw 600/800  L_train=0.000000 (w*=0.000000)  phi_std=0.000000
      draw 700/800  L_train=0.000000 (w*=0.000000)  phi_std=0.000000
      draw 800/800  L_train=0.000000 (w*=0.000000)  phi_std=0.000000
    chi[0,1]: mean=0.00e+00  std=0.00e+00  L_train mean=0.000000  L_train std=0.000000  L_train(w*)=0.000000
  layer=0 head=2
      draw 100/800  L_train=0.000000 (w*=0.000000)  phi_std=0.000000
      draw 200/800  L_train=0.000000 (w*=0.000000)  phi_std=0.000000
      draw 300/800  L_train=0.000000 (w*=0.000000)  phi_std=0.000000
      draw 400/800  L_train=0.000000 (w*=0.000000)  phi_std=0.000000
      draw 500/800  L_train=0.000000 (w*=0.000000)  phi_std=0.000000
      draw 600/800  L_train=0.000079 (w*=0.000000)  phi_std=0.000003
      draw 700/800  L_train=0.000000 (w*=0.000000)  phi_std=0.000149
      draw 800/800  L_train=0.000000 (w*=0.000000)  phi_std=0.000139
    chi[0,2]: mean=1.80e-05  std=2.87e-05  L_train mean=0.000008  L_train std=0.000139  L_train(w*)=0.000000
  layer=0 head=3
      draw 100/800  L_train=0.000000 (w*=0.000000)  phi_std=0.000000
      draw 200/800  L_train=0.000000 (w*=0.000000)  phi_std=0.000000
      draw 300/800  L_train=0.000000 (w*=0.000000)  phi_std=0.000000
      draw 400/800  L_train=0.000000 (w*=0.000000)  phi_std=0.000000
      draw 500/800  L_train=0.000000 (w*=0.000000)  phi_std=0.000000
      draw 600/800  L_train=0.000000 (w*=0.000000)  phi_std=0.000000
      draw 700/800  L_train=0.000000 (w*=0.000000)  phi_std=0.000000
      draw 800/800  L_train=0.000000 (w*=0.000000)  phi_std=0.000000
    chi[0,3]: mean=3.46e-09  std=6.41e-09  L_train mean=0.000000  L_train std=0.000000  L_train(w*)=0.000000
  layer=1 head=0
      draw 100/800  L_train=0.000000 (w*=0.000000)  phi_std=0.000000
      draw 200/800  L_train=0.000000 (w*=0.000000)  phi_std=0.000000
      draw 300/800  L_train=0.000000 (w*=0.000000)  phi_std=0.000000
      draw 400/800  L_train=0.000000 (w*=0.000000)  phi_std=0.000000
      draw 500/800  L_train=0.000000 (w*=0.000000)  phi_std=0.000000
      draw 600/800  L_train=0.000000 (w*=0.000000)  phi_std=0.000000
      draw 700/800  L_train=0.000000 (w*=0.000000)  phi_std=0.000000
      draw 800/800  L_train=0.000000 (w*=0.000000)  phi_std=0.000000
    chi[1,0]: mean=0.00e+00  std=0.00e+00  L_train mean=0.000000  L_train std=0.000000  L_train(w*)=0.000000
  layer=1 head=1
      draw 100/800  L_train=0.000000 (w*=0.000000)  phi_std=0.000000
      draw 200/800  L_train=0.000000 (w*=0.000000)  phi_std=0.000000
      draw 300/800  L_train=0.000000 (w*=0.000000)  phi_std=0.000000
      draw 400/800  L_train=0.000000 (w*=0.000000)  phi_std=0.000000
      draw 500/800  L_train=0.000000 (w*=0.000000)  phi_std=0.000000
      draw 600/800  L_train=0.000000 (w*=0.000000)  phi_std=0.000000
      draw 700/800  L_train=0.000000 (w*=0.000000)  phi_std=0.000000
      draw 800/800  L_train=0.000000 (w*=0.000000)  phi_std=0.000000
    chi[1,1]: mean=0.00e+00  std=0.00e+00  L_train mean=0.000000  L_train std=0.000000  L_train(w*)=0.000000
  layer=1 head=2
      draw 100/800  L_train=0.000000 (w*=0.000000)  phi_std=0.000000
      draw 200/800  L_train=0.000000 (w*=0.000000)  phi_std=0.000000
      draw 300/800  L_train=0.000000 (w*=0.000000)  phi_std=0.000000
      draw 400/800  L_train=0.000000 (w*=0.000000)  phi_std=0.000000
      draw 500/800  L_train=0.000000 (w*=0.000000)  phi_std=0.000000
      draw 600/800  L_train=0.000000 (w*=0.000000)  phi_std=0.000000
      draw 700/800  L_train=0.000000 (w*=0.000000)  phi_std=0.000000
      draw 800/800  L_train=0.000000 (w*=0.000000)  phi_std=0.000000
    chi[1,2]: mean=0.00e+00  std=0.00e+00  L_train mean=0.000000  L_train std=0.000000  L_train(w*)=0.000000
  layer=1 head=3
      draw 100/800  L_train=0.000000 (w*=0.000000)  phi_std=0.000000
      draw 200/800  L_train=0.000000 (w*=0.000000)  phi_std=0.000000
      draw 300/800  L_train=0.000000 (w*=0.000000)  phi_std=0.000000
      draw 400/800  L_train=0.000000 (w*=0.000000)  phi_std=0.000000
      draw 500/800  L_train=0.000000 (w*=0.000000)  phi_std=0.000000
      draw 600/800  L_train=0.000000 (w*=0.000000)  phi_std=0.000000
      draw 700/800  L_train=0.000000 (w*=0.000000)  phi_std=0.000000
      draw 800/800  L_train=0.000000 (w*=0.000000)  phi_std=0.000000
    chi[1,3]: mean=0.00e+00  std=0.00e+00  L_train mean=0.000000  L_train std=0.000000  L_train(w*)=0.000000
  layer=2 head=0
      draw 100/800  L_train=0.000000 (w*=0.000000)  phi_std=0.000000
      draw 200/800  L_train=0.000000 (w*=0.000000)  phi_std=0.000000
      draw 300/800  L_train=0.000000 (w*=0.000000)  phi_std=0.000000
      draw 400/800  L_train=0.000000 (w*=0.000000)  phi_std=0.000000
      draw 500/800  L_train=0.000000 (w*=0.000000)  phi_std=0.000000
      draw 600/800  L_train=0.000000 (w*=0.000000)  phi_std=0.000000
      draw 700/800  L_train=0.000000 (w*=0.000000)  phi_std=0.000000
      draw 800/800  L_train=0.000000 (w*=0.000000)  phi_std=0.000000
    chi[2,0]: mean=0.00e+00  std=0.00e+00  L_train mean=0.000000  L_train std=0.000000  L_train(w*)=0.000000
  layer=2 head=1
      draw 100/800  L_train=0.000000 (w*=0.000000)  phi_std=0.000000
      draw 200/800  L_train=0.000000 (w*=0.000000)  phi_std=0.000000
      draw 300/800  L_train=0.000000 (w*=0.000000)  phi_std=0.000000
      draw 400/800  L_train=0.000000 (w*=0.000000)  phi_std=0.000000
      draw 500/800  L_train=0.000000 (w*=0.000000)  phi_std=0.000000
      draw 600/800  L_train=0.000000 (w*=0.000000)  phi_std=0.000000
      draw 700/800  L_train=0.000000 (w*=0.000000)  phi_std=0.000000
      draw 800/800  L_train=0.000000 (w*=0.000000)  phi_std=0.000000
    chi[2,1]: mean=0.00e+00  std=0.00e+00  L_train mean=0.000000  L_train std=0.000000  L_train(w*)=0.000000
  layer=2 head=2
      draw 100/800  L_train=0.000000 (w*=0.000000)  phi_std=0.000000
      draw 200/800  L_train=0.000000 (w*=0.000000)  phi_std=0.000000
      draw 300/800  L_train=0.000000 (w*=0.000000)  phi_std=0.000000
      draw 400/800  L_train=0.000000 (w*=0.000000)  phi_std=0.000000
      draw 500/800  L_train=0.000000 (w*=0.000000)  phi_std=0.000000
      draw 600/800  L_train=0.000000 (w*=0.000000)  phi_std=0.000000
      draw 700/800  L_train=0.000000 (w*=0.000000)  phi_std=0.000000
      draw 800/800  L_train=0.000000 (w*=0.000000)  phi_std=0.000000
    chi[2,2]: mean=0.00e+00  std=0.00e+00  L_train mean=0.000000  L_train std=0.000000  L_train(w*)=0.000000
  layer=2 head=3
      draw 100/800  L_train=0.000000 (w*=0.000000)  phi_std=0.000000
      draw 200/800  L_train=0.000000 (w*=0.000000)  phi_std=0.000000
      draw 300/800  L_train=0.000000 (w*=0.000000)  phi_std=0.000000
      draw 400/800  L_train=0.000000 (w*=0.000000)  phi_std=0.000000
      draw 500/800  L_train=0.000000 (w*=0.000000)  phi_std=0.000000
      draw 600/800  L_train=0.000000 (w*=0.000000)  phi_std=0.000000
      draw 700/800  L_train=0.000000 (w*=0.000000)  phi_std=0.000000
      draw 800/800  L_train=0.000000 (w*=0.000000)  phi_std=0.000000
    chi[2,3]: mean=0.00e+00  std=0.00e+00  L_train mean=0.000000  L_train std=0.000000  L_train(w*)=0.000000
  Saved /root/id-predict-ood/cptsusceptibility/results/c5915eba_cpt.npy  shape=(3, 4, 200)

[22/25] model ca2296c7
  layer=0 head=0
      draw 100/800  L_train=0.000000 (w*=0.000000)  phi_std=0.000000
      draw 200/800  L_train=0.000000 (w*=0.000000)  phi_std=0.000000
      draw 300/800  L_train=0.000000 (w*=0.000000)  phi_std=0.000000
      draw 400/800  L_train=0.000000 (w*=0.000000)  phi_std=0.000000
      draw 500/800  L_train=0.000000 (w*=0.000000)  phi_std=0.000000
      draw 600/800  L_train=0.000000 (w*=0.000000)  phi_std=0.000000
      draw 700/800  L_train=0.000000 (w*=0.000000)  phi_std=0.000000
      draw 800/800  L_train=0.000000 (w*=0.000000)  phi_std=0.000000
    chi[0,0]: mean=9.43e-10  std=1.10e-09  L_train mean=0.000000  L_train std=0.000000  L_train(w*)=0.000000
  layer=0 head=1
      draw 100/800  L_train=0.000000 (w*=0.000000)  phi_std=0.000000
      draw 200/800  L_train=0.000000 (w*=0.000000)  phi_std=0.000000
      draw 300/800  L_train=0.000000 (w*=0.000000)  phi_std=0.000000
      draw 400/800  L_train=0.000000 (w*=0.000000)  phi_std=0.000000
      draw 500/800  L_train=0.000000 (w*=0.000000)  phi_std=0.000000
      draw 600/800  L_train=0.000000 (w*=0.000000)  phi_std=0.000000
      draw 700/800  L_train=0.000000 (w*=0.000000)  phi_std=0.000000
      draw 800/800  L_train=0.000000 (w*=0.000000)  phi_std=0.000000
    chi[0,1]: mean=2.05e-09  std=3.30e-09  L_train mean=0.000000  L_train std=0.000000  L_train(w*)=0.000000
  layer=0 head=2
      draw 100/800  L_train=0.000000 (w*=0.000000)  phi_std=0.000000
      draw 200/800  L_train=0.000000 (w*=0.000000)  phi_std=0.000000
      draw 300/800  L_train=0.000000 (w*=0.000000)  phi_std=0.000000
      draw 400/800  L_train=0.000000 (w*=0.000000)  phi_std=0.000000
      draw 500/800  L_train=0.000000 (w*=0.000000)  phi_std=0.000000
      draw 600/800  L_train=0.000000 (w*=0.000000)  phi_std=0.000000
      draw 700/800  L_train=0.000000 (w*=0.000000)  phi_std=0.000000
      draw 800/800  L_train=0.000000 (w*=0.000000)  phi_std=0.000000
    chi[0,2]: mean=2.72e-10  std=3.26e-10  L_train mean=0.000000  L_train std=0.000000  L_train(w*)=0.000000
  layer=0 head=3
      draw 100/800  L_train=0.000000 (w*=0.000000)  phi_std=0.000000
      draw 200/800  L_train=0.000000 (w*=0.000000)  phi_std=0.000000
      draw 300/800  L_train=0.000000 (w*=0.000000)  phi_std=0.000000
      draw 400/800  L_train=0.000000 (w*=0.000000)  phi_std=0.000000
      draw 500/800  L_train=0.000000 (w*=0.000000)  phi_std=0.000000
      draw 600/800  L_train=0.000000 (w*=0.000000)  phi_std=0.000000
      draw 700/800  L_train=0.000000 (w*=0.000000)  phi_std=0.000000
      draw 800/800  L_train=0.000000 (w*=0.000000)  phi_std=0.000000
    chi[0,3]: mean=2.13e-09  std=2.66e-09  L_train mean=0.000000  L_train std=0.000000  L_train(w*)=0.000000
  layer=1 head=0
      draw 100/800  L_train=0.000000 (w*=0.000000)  phi_std=0.000000
      draw 200/800  L_train=0.000000 (w*=0.000000)  phi_std=0.000000
      draw 300/800  L_train=0.000000 (w*=0.000000)  phi_std=0.000000
      draw 400/800  L_train=0.000001 (w*=0.000000)  phi_std=0.000000
      draw 500/800  L_train=0.000000 (w*=0.000000)  phi_std=0.000000
      draw 600/800  L_train=0.000000 (w*=0.000000)  phi_std=0.000000
      draw 700/800  L_train=0.000000 (w*=0.000000)  phi_std=0.000001
      draw 800/800  L_train=0.000001 (w*=0.000000)  phi_std=0.000001
    chi[1,0]: mean=3.79e-07  std=3.07e-07  L_train mean=0.000001  L_train std=0.000001  L_train(w*)=0.000000
  layer=1 head=1
      draw 100/800  L_train=0.000000 (w*=0.000000)  phi_std=0.000000
      draw 200/800  L_train=0.000001 (w*=0.000000)  phi_std=0.000000
      draw 300/800  L_train=0.000000 (w*=0.000000)  phi_std=0.000000
      draw 400/800  L_train=0.000000 (w*=0.000000)  phi_std=0.000000
      draw 500/800  L_train=0.000000 (w*=0.000000)  phi_std=0.000000
      draw 600/800  L_train=0.000000 (w*=0.000000)  phi_std=0.000000
      draw 700/800  L_train=0.000000 (w*=0.000000)  phi_std=0.000000
      draw 800/800  L_train=0.000000 (w*=0.000000)  phi_std=0.000000
    chi[1,1]: mean=1.02e-07  std=4.40e-08  L_train mean=0.000000  L_train std=0.000000  L_train(w*)=0.000000
  layer=1 head=2
      draw 100/800  L_train=0.000001 (w*=0.000000)  phi_std=0.000001
      draw 200/800  L_train=0.000000 (w*=0.000000)  phi_std=0.000001
      draw 300/800  L_train=0.000000 (w*=0.000000)  phi_std=0.000001
      draw 400/800  L_train=0.000001 (w*=0.000000)  phi_std=0.000001
      draw 500/800  L_train=0.000000 (w*=0.000000)  phi_std=0.000001
      draw 600/800  L_train=0.000002 (w*=0.000000)  phi_std=0.000001
      draw 700/800  L_train=0.000000 (w*=0.000000)  phi_std=0.000001
      draw 800/800  L_train=0.000000 (w*=0.000000)  phi_std=0.000000
    chi[1,2]: mean=2.32e-07  std=2.45e-07  L_train mean=0.000000  L_train std=0.000000  L_train(w*)=0.000000
  layer=1 head=3
      draw 100/800  L_train=0.000001 (w*=0.000000)  phi_std=0.000000
      draw 200/800  L_train=0.000000 (w*=0.000000)  phi_std=0.000000
      draw 300/800  L_train=0.000000 (w*=0.000000)  phi_std=0.000000
      draw 400/800  L_train=0.000000 (w*=0.000000)  phi_std=0.000000
      draw 500/800  L_train=0.000001 (w*=0.000000)  phi_std=0.000000
      draw 600/800  L_train=0.000000 (w*=0.000000)  phi_std=0.000000
      draw 700/800  L_train=0.000000 (w*=0.000000)  phi_std=0.000000
      draw 800/800  L_train=0.000000 (w*=0.000000)  phi_std=0.000000
    chi[1,3]: mean=1.07e-07  std=9.32e-08  L_train mean=0.000000  L_train std=0.000000  L_train(w*)=0.000000
  layer=2 head=0
      draw 100/800  L_train=0.000000 (w*=0.000000)  phi_std=0.000000
      draw 200/800  L_train=0.000000 (w*=0.000000)  phi_std=0.000000
      draw 300/800  L_train=0.000000 (w*=0.000000)  phi_std=0.000000
      draw 400/800  L_train=0.000000 (w*=0.000000)  phi_std=0.000000
      draw 500/800  L_train=0.000000 (w*=0.000000)  phi_std=0.000000
      draw 600/800  L_train=0.000000 (w*=0.000000)  phi_std=0.000000
      draw 700/800  L_train=0.000000 (w*=0.000000)  phi_std=0.000000
      draw 800/800  L_train=0.000000 (w*=0.000000)  phi_std=0.000000
    chi[2,0]: mean=-3.28e-10  std=1.13e-09  L_train mean=0.000000  L_train std=0.000000  L_train(w*)=0.000000
  layer=2 head=1
      draw 100/800  L_train=0.000000 (w*=0.000000)  phi_std=0.000000
      draw 200/800  L_train=0.000000 (w*=0.000000)  phi_std=0.000000
      draw 300/800  L_train=0.000000 (w*=0.000000)  phi_std=0.000000
      draw 400/800  L_train=0.000000 (w*=0.000000)  phi_std=0.000000
      draw 500/800  L_train=0.000000 (w*=0.000000)  phi_std=0.000000
      draw 600/800  L_train=0.000000 (w*=0.000000)  phi_std=0.000000
      draw 700/800  L_train=0.000000 (w*=0.000000)  phi_std=0.000000
      draw 800/800  L_train=0.000000 (w*=0.000000)  phi_std=0.000000
    chi[2,1]: mean=1.25e-11  std=5.91e-10  L_train mean=0.000000  L_train std=0.000000  L_train(w*)=0.000000
  layer=2 head=2
      draw 100/800  L_train=0.000000 (w*=0.000000)  phi_std=0.000000
      draw 200/800  L_train=0.000000 (w*=0.000000)  phi_std=0.000000
      draw 300/800  L_train=0.000000 (w*=0.000000)  phi_std=0.000000
      draw 400/800  L_train=0.000000 (w*=0.000000)  phi_std=0.000000
      draw 500/800  L_train=0.000000 (w*=0.000000)  phi_std=0.000000
      draw 600/800  L_train=0.000000 (w*=0.000000)  phi_std=0.000000
      draw 700/800  L_train=0.000000 (w*=0.000000)  phi_std=0.000000
      draw 800/800  L_train=0.000000 (w*=0.000000)  phi_std=0.000000
    chi[2,2]: mean=1.78e-10  std=2.69e-10  L_train mean=0.000000  L_train std=0.000000  L_train(w*)=0.000000
  layer=2 head=3
      draw 100/800  L_train=0.000000 (w*=0.000000)  phi_std=0.000000
      draw 200/800  L_train=0.000000 (w*=0.000000)  phi_std=0.000000
      draw 300/800  L_train=0.000000 (w*=0.000000)  phi_std=0.000000
      draw 400/800  L_train=0.000000 (w*=0.000000)  phi_std=0.000000
      draw 500/800  L_train=0.000000 (w*=0.000000)  phi_std=0.000000
      draw 600/800  L_train=0.000000 (w*=0.000000)  phi_std=0.000000
      draw 700/800  L_train=0.000000 (w*=0.000000)  phi_std=0.000000
      draw 800/800  L_train=0.000000 (w*=0.000000)  phi_std=0.000000
    chi[2,3]: mean=1.27e-10  std=5.46e-10  L_train mean=0.000000  L_train std=0.000000  L_train(w*)=0.000000
  Saved /root/id-predict-ood/cptsusceptibility/results/ca2296c7_cpt.npy  shape=(3, 4, 200)

[23/25] model e19a7227
  layer=0 head=0
      draw 100/800  L_train=0.004301 (w*=0.000021)  phi_std=0.001018
      draw 200/800  L_train=0.000021 (w*=0.000021)  phi_std=0.001428
      draw 300/800  L_train=0.000030 (w*=0.000021)  phi_std=0.001199
      draw 400/800  L_train=0.000064 (w*=0.000021)  phi_std=0.001053
      draw 500/800  L_train=0.000100 (w*=0.000021)  phi_std=0.001093
      draw 600/800  L_train=0.000017 (w*=0.000021)  phi_std=0.001008
      draw 700/800  L_train=0.000025 (w*=0.000021)  phi_std=0.000941
      draw 800/800  L_train=0.000031 (w*=0.000021)  phi_std=0.000885
    chi[0,0]: mean=-2.68e-05  std=2.03e-04  L_train mean=0.000279  L_train std=0.000885  L_train(w*)=0.000021
  layer=0 head=1
      draw 100/800  L_train=0.000023 (w*=0.000021)  phi_std=0.000002
      draw 200/800  L_train=0.000021 (w*=0.000021)  phi_std=0.000002
      draw 300/800  L_train=0.000019 (w*=0.000021)  phi_std=0.000002
      draw 400/800  L_train=0.000023 (w*=0.000021)  phi_std=0.000002
      draw 500/800  L_train=0.000026 (w*=0.000021)  phi_std=0.000003
      draw 600/800  L_train=0.000021 (w*=0.000021)  phi_std=0.000003
      draw 700/800  L_train=0.000024 (w*=0.000021)  phi_std=0.000004
      draw 800/800  L_train=0.000022 (w*=0.000021)  phi_std=0.000004
    chi[0,1]: mean=-3.90e-08  std=2.96e-07  L_train mean=0.000024  L_train std=0.000004  L_train(w*)=0.000021
  layer=0 head=2
      draw 100/800  L_train=0.000022 (w*=0.000021)  phi_std=0.000015
      draw 200/800  L_train=0.000090 (w*=0.000021)  phi_std=0.000153
      draw 300/800  L_train=0.000079 (w*=0.000021)  phi_std=0.000127
      draw 400/800  L_train=0.000024 (w*=0.000021)  phi_std=0.000114
      draw 500/800  L_train=0.000021 (w*=0.000021)  phi_std=0.000103
      draw 600/800  L_train=0.000020 (w*=0.000021)  phi_std=0.000095
      draw 700/800  L_train=0.000023 (w*=0.000021)  phi_std=0.000089
      draw 800/800  L_train=0.000019 (w*=0.000021)  phi_std=0.000084
    chi[0,2]: mean=2.02e-07  std=1.42e-06  L_train mean=0.000044  L_train std=0.000084  L_train(w*)=0.000021
  layer=0 head=3
      draw 100/800  L_train=0.000046 (w*=0.000021)  phi_std=0.000169
      draw 200/800  L_train=0.000027 (w*=0.000021)  phi_std=0.000124
      draw 300/800  L_train=0.000023 (w*=0.000021)  phi_std=0.000102
      draw 400/800  L_train=0.000021 (w*=0.000021)  phi_std=0.000089
      draw 500/800  L_train=0.000024 (w*=0.000021)  phi_std=0.000081
      draw 600/800  L_train=0.000020 (w*=0.000021)  phi_std=0.000074
      draw 700/800  L_train=0.000024 (w*=0.000021)  phi_std=0.000069
      draw 800/800  L_train=0.000061 (w*=0.000021)  phi_std=0.000064
    chi[0,3]: mean=4.24e-07  std=3.40e-06  L_train mean=0.000038  L_train std=0.000064  L_train(w*)=0.000021
  layer=1 head=0
      draw 100/800  L_train=0.000021 (w*=0.000021)  phi_std=0.000001
      draw 200/800  L_train=0.000020 (w*=0.000021)  phi_std=0.000001
      draw 300/800  L_train=0.000022 (w*=0.000021)  phi_std=0.000001
      draw 400/800  L_train=0.000021 (w*=0.000021)  phi_std=0.000001
      draw 500/800  L_train=0.000021 (w*=0.000021)  phi_std=0.000001
      draw 600/800  L_train=0.000021 (w*=0.000021)  phi_std=0.000001
      draw 700/800  L_train=0.000023 (w*=0.000021)  phi_std=0.000001
      draw 800/800  L_train=0.000021 (w*=0.000021)  phi_std=0.000001
    chi[1,0]: mean=3.22e-09  std=1.37e-08  L_train mean=0.000021  L_train std=0.000001  L_train(w*)=0.000021
  layer=1 head=1
      draw 100/800  L_train=0.000021 (w*=0.000021)  phi_std=0.000000
      draw 200/800  L_train=0.000020 (w*=0.000021)  phi_std=0.000000
      draw 300/800  L_train=0.000020 (w*=0.000021)  phi_std=0.000000
      draw 400/800  L_train=0.000021 (w*=0.000021)  phi_std=0.000000
      draw 500/800  L_train=0.000020 (w*=0.000021)  phi_std=0.000001
      draw 600/800  L_train=0.000021 (w*=0.000021)  phi_std=0.000000
      draw 700/800  L_train=0.000020 (w*=0.000021)  phi_std=0.000000
      draw 800/800  L_train=0.000019 (w*=0.000021)  phi_std=0.000001
    chi[1,1]: mean=6.63e-10  std=2.86e-09  L_train mean=0.000020  L_train std=0.000001  L_train(w*)=0.000021
  layer=1 head=2
      draw 100/800  L_train=0.000021 (w*=0.000021)  phi_std=0.000001
      draw 200/800  L_train=0.000020 (w*=0.000021)  phi_std=0.000001
      draw 300/800  L_train=0.000021 (w*=0.000021)  phi_std=0.000001
      draw 400/800  L_train=0.000020 (w*=0.000021)  phi_std=0.000001
      draw 500/800  L_train=0.000021 (w*=0.000021)  phi_std=0.000001
      draw 600/800  L_train=0.000019 (w*=0.000021)  phi_std=0.000001
      draw 700/800  L_train=0.000020 (w*=0.000021)  phi_std=0.000001
      draw 800/800  L_train=0.000021 (w*=0.000021)  phi_std=0.000001
    chi[1,2]: mean=2.73e-09  std=1.15e-08  L_train mean=0.000020  L_train std=0.000001  L_train(w*)=0.000021
  layer=1 head=3
      draw 100/800  L_train=0.000023 (w*=0.000021)  phi_std=0.000002
      draw 200/800  L_train=0.000022 (w*=0.000021)  phi_std=0.000001
      draw 300/800  L_train=0.000022 (w*=0.000021)  phi_std=0.000001
      draw 400/800  L_train=0.000022 (w*=0.000021)  phi_std=0.000001
      draw 500/800  L_train=0.000022 (w*=0.000021)  phi_std=0.000001
      draw 600/800  L_train=0.000020 (w*=0.000021)  phi_std=0.000001
      draw 700/800  L_train=0.000021 (w*=0.000021)  phi_std=0.000001
      draw 800/800  L_train=0.000022 (w*=0.000021)  phi_std=0.000001
    chi[1,3]: mean=1.19e-09  std=5.38e-09  L_train mean=0.000022  L_train std=0.000001  L_train(w*)=0.000021
  layer=2 head=0
      draw 100/800  L_train=0.000022 (w*=0.000021)  phi_std=0.000001
      draw 200/800  L_train=0.000025 (w*=0.000021)  phi_std=0.000001
      draw 300/800  L_train=0.000022 (w*=0.000021)  phi_std=0.000001
      draw 400/800  L_train=0.000020 (w*=0.000021)  phi_std=0.000001
      draw 500/800  L_train=0.000020 (w*=0.000021)  phi_std=0.000001
      draw 600/800  L_train=0.000022 (w*=0.000021)  phi_std=0.000001
      draw 700/800  L_train=0.000022 (w*=0.000021)  phi_std=0.000001
      draw 800/800  L_train=0.000022 (w*=0.000021)  phi_std=0.000001
    chi[2,0]: mean=-2.88e-09  std=1.77e-08  L_train mean=0.000022  L_train std=0.000001  L_train(w*)=0.000021
  layer=2 head=1
      draw 100/800  L_train=0.000021 (w*=0.000021)  phi_std=0.000001
      draw 200/800  L_train=0.000021 (w*=0.000021)  phi_std=0.000002
      draw 300/800  L_train=0.000023 (w*=0.000021)  phi_std=0.000002
      draw 400/800  L_train=0.000025 (w*=0.000021)  phi_std=0.000002
      draw 500/800  L_train=0.000027 (w*=0.000021)  phi_std=0.000002
      draw 600/800  L_train=0.000023 (w*=0.000021)  phi_std=0.000002
      draw 700/800  L_train=0.000025 (w*=0.000021)  phi_std=0.000002
      draw 800/800  L_train=0.000020 (w*=0.000021)  phi_std=0.000002
    chi[2,1]: mean=4.44e-09  std=2.64e-08  L_train mean=0.000023  L_train std=0.000002  L_train(w*)=0.000021
  layer=2 head=2
      draw 100/800  L_train=0.000019 (w*=0.000021)  phi_std=0.000001
      draw 200/800  L_train=0.000026 (w*=0.000021)  phi_std=0.000002
      draw 300/800  L_train=0.000026 (w*=0.000021)  phi_std=0.000002
      draw 400/800  L_train=0.000028 (w*=0.000021)  phi_std=0.000003
      draw 500/800  L_train=0.000021 (w*=0.000021)  phi_std=0.000002
      draw 600/800  L_train=0.000024 (w*=0.000021)  phi_std=0.000002
      draw 700/800  L_train=0.000025 (w*=0.000021)  phi_std=0.000002
      draw 800/800  L_train=0.000025 (w*=0.000021)  phi_std=0.000002
    chi[2,2]: mean=-6.73e-09  std=4.02e-08  L_train mean=0.000024  L_train std=0.000002  L_train(w*)=0.000021
  layer=2 head=3
      draw 100/800  L_train=0.000022 (w*=0.000021)  phi_std=0.000001
      draw 200/800  L_train=0.000021 (w*=0.000021)  phi_std=0.000001
      draw 300/800  L_train=0.000021 (w*=0.000021)  phi_std=0.000001
      draw 400/800  L_train=0.000021 (w*=0.000021)  phi_std=0.000001
      draw 500/800  L_train=0.000020 (w*=0.000021)  phi_std=0.000001
      draw 600/800  L_train=0.000024 (w*=0.000021)  phi_std=0.000002
      draw 700/800  L_train=0.000024 (w*=0.000021)  phi_std=0.000002
      draw 800/800  L_train=0.000022 (w*=0.000021)  phi_std=0.000002
    chi[2,3]: mean=-1.62e-09  std=1.85e-08  L_train mean=0.000021  L_train std=0.000002  L_train(w*)=0.000021
  Saved /root/id-predict-ood/cptsusceptibility/results/e19a7227_cpt.npy  shape=(3, 4, 200)

[24/25] model e31d4e8e
  layer=0 head=0
      draw 100/800  L_train=0.000000 (w*=0.000000)  phi_std=0.000000
      draw 200/800  L_train=0.000000 (w*=0.000000)  phi_std=0.000000
      draw 300/800  L_train=0.000000 (w*=0.000000)  phi_std=0.000000
      draw 400/800  L_train=0.000000 (w*=0.000000)  phi_std=0.000000
      draw 500/800  L_train=0.000000 (w*=0.000000)  phi_std=0.000000
      draw 600/800  L_train=0.000000 (w*=0.000000)  phi_std=0.000000
      draw 700/800  L_train=0.000000 (w*=0.000000)  phi_std=0.000000
      draw 800/800  L_train=0.000000 (w*=0.000000)  phi_std=0.000000
    chi[0,0]: mean=0.00e+00  std=0.00e+00  L_train mean=0.000000  L_train std=0.000000  L_train(w*)=0.000000
  layer=0 head=1
      draw 100/800  L_train=0.000000 (w*=0.000000)  phi_std=0.000000
      draw 200/800  L_train=0.000000 (w*=0.000000)  phi_std=0.000000
      draw 300/800  L_train=0.000000 (w*=0.000000)  phi_std=0.000000
      draw 400/800  L_train=0.000000 (w*=0.000000)  phi_std=0.000000
      draw 500/800  L_train=0.000000 (w*=0.000000)  phi_std=0.000000
      draw 600/800  L_train=0.000000 (w*=0.000000)  phi_std=0.000000
      draw 700/800  L_train=0.000000 (w*=0.000000)  phi_std=0.000000
      draw 800/800  L_train=0.000000 (w*=0.000000)  phi_std=0.000000
    chi[0,1]: mean=0.00e+00  std=0.00e+00  L_train mean=0.000000  L_train std=0.000000  L_train(w*)=0.000000
  layer=0 head=2
      draw 100/800  L_train=0.000000 (w*=0.000000)  phi_std=0.000000
      draw 200/800  L_train=0.000000 (w*=0.000000)  phi_std=0.000000
      draw 300/800  L_train=0.000000 (w*=0.000000)  phi_std=0.000000
      draw 400/800  L_train=0.000000 (w*=0.000000)  phi_std=0.000000
      draw 500/800  L_train=0.000000 (w*=0.000000)  phi_std=0.000000
      draw 600/800  L_train=0.000000 (w*=0.000000)  phi_std=0.000000
      draw 700/800  L_train=0.000000 (w*=0.000000)  phi_std=0.000000
      draw 800/800  L_train=0.000000 (w*=0.000000)  phi_std=0.000000
    chi[0,2]: mean=0.00e+00  std=0.00e+00  L_train mean=0.000000  L_train std=0.000000  L_train(w*)=0.000000
  layer=0 head=3
      draw 100/800  L_train=0.000000 (w*=0.000000)  phi_std=0.000000
      draw 200/800  L_train=0.000000 (w*=0.000000)  phi_std=0.000000
      draw 300/800  L_train=0.000000 (w*=0.000000)  phi_std=0.000000
      draw 400/800  L_train=0.000000 (w*=0.000000)  phi_std=0.000000
      draw 500/800  L_train=0.000000 (w*=0.000000)  phi_std=0.000000
      draw 600/800  L_train=0.000000 (w*=0.000000)  phi_std=0.000000
      draw 700/800  L_train=0.000000 (w*=0.000000)  phi_std=0.000000
      draw 800/800  L_train=0.000000 (w*=0.000000)  phi_std=0.000000
    chi[0,3]: mean=0.00e+00  std=0.00e+00  L_train mean=0.000000  L_train std=0.000000  L_train(w*)=0.000000
  layer=1 head=0
      draw 100/800  L_train=0.000000 (w*=0.000000)  phi_std=0.000000
      draw 200/800  L_train=0.000000 (w*=0.000000)  phi_std=0.000000
      draw 300/800  L_train=0.000000 (w*=0.000000)  phi_std=0.000000
      draw 400/800  L_train=0.000000 (w*=0.000000)  phi_std=0.000000
      draw 500/800  L_train=0.000000 (w*=0.000000)  phi_std=0.000000
      draw 600/800  L_train=0.000000 (w*=0.000000)  phi_std=0.000000
      draw 700/800  L_train=0.000000 (w*=0.000000)  phi_std=0.000000
      draw 800/800  L_train=0.000000 (w*=0.000000)  phi_std=0.000000
    chi[1,0]: mean=0.00e+00  std=0.00e+00  L_train mean=0.000000  L_train std=0.000000  L_train(w*)=0.000000
  layer=1 head=1
      draw 100/800  L_train=0.000000 (w*=0.000000)  phi_std=0.000000
      draw 200/800  L_train=0.000000 (w*=0.000000)  phi_std=0.000000
      draw 300/800  L_train=0.000000 (w*=0.000000)  phi_std=0.000000
      draw 400/800  L_train=0.000000 (w*=0.000000)  phi_std=0.000000
      draw 500/800  L_train=0.000000 (w*=0.000000)  phi_std=0.000000
      draw 600/800  L_train=0.000000 (w*=0.000000)  phi_std=0.000000
      draw 700/800  L_train=0.000000 (w*=0.000000)  phi_std=0.000000
      draw 800/800  L_train=0.000000 (w*=0.000000)  phi_std=0.000000
    chi[1,1]: mean=0.00e+00  std=0.00e+00  L_train mean=0.000000  L_train std=0.000000  L_train(w*)=0.000000
  layer=1 head=2
      draw 100/800  L_train=0.000000 (w*=0.000000)  phi_std=0.000000
      draw 200/800  L_train=0.000000 (w*=0.000000)  phi_std=0.000000
      draw 300/800  L_train=0.000000 (w*=0.000000)  phi_std=0.000000
      draw 400/800  L_train=0.000000 (w*=0.000000)  phi_std=0.000000
      draw 500/800  L_train=0.000000 (w*=0.000000)  phi_std=0.000000
      draw 600/800  L_train=0.000000 (w*=0.000000)  phi_std=0.000000
      draw 700/800  L_train=0.000000 (w*=0.000000)  phi_std=0.000000
      draw 800/800  L_train=0.000000 (w*=0.000000)  phi_std=0.000000
    chi[1,2]: mean=0.00e+00  std=0.00e+00  L_train mean=0.000000  L_train std=0.000000  L_train(w*)=0.000000
  layer=1 head=3
      draw 100/800  L_train=0.000000 (w*=0.000000)  phi_std=0.000000
      draw 200/800  L_train=0.000000 (w*=0.000000)  phi_std=0.000000
      draw 300/800  L_train=0.000000 (w*=0.000000)  phi_std=0.000000
      draw 400/800  L_train=0.000000 (w*=0.000000)  phi_std=0.000000
      draw 500/800  L_train=0.000000 (w*=0.000000)  phi_std=0.000000
      draw 600/800  L_train=0.000000 (w*=0.000000)  phi_std=0.000000
      draw 700/800  L_train=0.000000 (w*=0.000000)  phi_std=0.000000
      draw 800/800  L_train=0.000000 (w*=0.000000)  phi_std=0.000000
    chi[1,3]: mean=0.00e+00  std=0.00e+00  L_train mean=0.000000  L_train std=0.000000  L_train(w*)=0.000000
  layer=2 head=0
      draw 100/800  L_train=0.000000 (w*=0.000000)  phi_std=0.000000
      draw 200/800  L_train=0.000000 (w*=0.000000)  phi_std=0.000000
      draw 300/800  L_train=0.000000 (w*=0.000000)  phi_std=0.000000
      draw 400/800  L_train=0.000000 (w*=0.000000)  phi_std=0.000000
      draw 500/800  L_train=0.000000 (w*=0.000000)  phi_std=0.000000
      draw 600/800  L_train=0.000000 (w*=0.000000)  phi_std=0.000000
      draw 700/800  L_train=0.000000 (w*=0.000000)  phi_std=0.000000
      draw 800/800  L_train=0.000000 (w*=0.000000)  phi_std=0.000000
    chi[2,0]: mean=0.00e+00  std=0.00e+00  L_train mean=0.000000  L_train std=0.000000  L_train(w*)=0.000000
  layer=2 head=1
      draw 100/800  L_train=0.000000 (w*=0.000000)  phi_std=0.000000
      draw 200/800  L_train=0.000000 (w*=0.000000)  phi_std=0.000000
      draw 300/800  L_train=0.000000 (w*=0.000000)  phi_std=0.000000
      draw 400/800  L_train=0.000000 (w*=0.000000)  phi_std=0.000000
      draw 500/800  L_train=0.000000 (w*=0.000000)  phi_std=0.000000
      draw 600/800  L_train=0.000000 (w*=0.000000)  phi_std=0.000000
      draw 700/800  L_train=0.000000 (w*=0.000000)  phi_std=0.000000
      draw 800/800  L_train=0.000000 (w*=0.000000)  phi_std=0.000000
    chi[2,1]: mean=0.00e+00  std=0.00e+00  L_train mean=0.000000  L_train std=0.000000  L_train(w*)=0.000000
  layer=2 head=2
      draw 100/800  L_train=0.000000 (w*=0.000000)  phi_std=0.000000
      draw 200/800  L_train=0.000000 (w*=0.000000)  phi_std=0.000000
      draw 300/800  L_train=0.000000 (w*=0.000000)  phi_std=0.000000
      draw 400/800  L_train=0.000000 (w*=0.000000)  phi_std=0.000000
      draw 500/800  L_train=0.000000 (w*=0.000000)  phi_std=0.000000
      draw 600/800  L_train=0.000000 (w*=0.000000)  phi_std=0.000000
      draw 700/800  L_train=0.000000 (w*=0.000000)  phi_std=0.000000
      draw 800/800  L_train=0.000000 (w*=0.000000)  phi_std=0.000000
    chi[2,2]: mean=0.00e+00  std=0.00e+00  L_train mean=0.000000  L_train std=0.000000  L_train(w*)=0.000000
  layer=2 head=3
      draw 100/800  L_train=0.000000 (w*=0.000000)  phi_std=0.000000
      draw 200/800  L_train=0.000000 (w*=0.000000)  phi_std=0.000000
      draw 300/800  L_train=0.000000 (w*=0.000000)  phi_std=0.000000
      draw 400/800  L_train=0.000000 (w*=0.000000)  phi_std=0.000000
      draw 500/800  L_train=0.000000 (w*=0.000000)  phi_std=0.000000
      draw 600/800  L_train=0.000000 (w*=0.000000)  phi_std=0.000000
      draw 700/800  L_train=0.000000 (w*=0.000000)  phi_std=0.000000
      draw 800/800  L_train=0.000000 (w*=0.000000)  phi_std=0.000000
    chi[2,3]: mean=0.00e+00  std=0.00e+00  L_train mean=0.000000  L_train std=0.000000  L_train(w*)=0.000000
  Saved /root/id-predict-ood/cptsusceptibility/results/e31d4e8e_cpt.npy  shape=(3, 4, 200)

[25/25] model f82d1946
  layer=0 head=0
      draw 100/800  L_train=0.000000 (w*=0.000000)  phi_std=0.000000
      draw 200/800  L_train=0.000000 (w*=0.000000)  phi_std=0.000000
      draw 300/800  L_train=0.000000 (w*=0.000000)  phi_std=0.000000
      draw 400/800  L_train=0.000000 (w*=0.000000)  phi_std=0.000000
      draw 500/800  L_train=0.000000 (w*=0.000000)  phi_std=0.000000
      draw 600/800  L_train=0.000000 (w*=0.000000)  phi_std=0.000000
      draw 700/800  L_train=0.000000 (w*=0.000000)  phi_std=0.000000
      draw 800/800  L_train=0.000000 (w*=0.000000)  phi_std=0.000000
    chi[0,0]: mean=0.00e+00  std=0.00e+00  L_train mean=0.000000  L_train std=0.000000  L_train(w*)=0.000000
  layer=0 head=1
      draw 100/800  L_train=0.000000 (w*=0.000000)  phi_std=0.000000
      draw 200/800  L_train=0.000000 (w*=0.000000)  phi_std=0.000000
      draw 300/800  L_train=0.000000 (w*=0.000000)  phi_std=0.000000
      draw 400/800  L_train=0.000000 (w*=0.000000)  phi_std=0.000000
      draw 500/800  L_train=0.000000 (w*=0.000000)  phi_std=0.000000
      draw 600/800  L_train=0.000000 (w*=0.000000)  phi_std=0.000000
      draw 700/800  L_train=0.000000 (w*=0.000000)  phi_std=0.000000
      draw 800/800  L_train=0.000000 (w*=0.000000)  phi_std=0.000000
    chi[0,1]: mean=0.00e+00  std=0.00e+00  L_train mean=0.000000  L_train std=0.000000  L_train(w*)=0.000000
  layer=0 head=2
      draw 100/800  L_train=0.000000 (w*=0.000000)  phi_std=0.000000
      draw 200/800  L_train=0.000000 (w*=0.000000)  phi_std=0.000000
      draw 300/800  L_train=0.000000 (w*=0.000000)  phi_std=0.000000
      draw 400/800  L_train=0.000000 (w*=0.000000)  phi_std=0.000000
      draw 500/800  L_train=0.000000 (w*=0.000000)  phi_std=0.000000
      draw 600/800  L_train=0.000000 (w*=0.000000)  phi_std=0.000000
      draw 700/800  L_train=0.000000 (w*=0.000000)  phi_std=0.000000
      draw 800/800  L_train=0.000000 (w*=0.000000)  phi_std=0.000000
    chi[0,2]: mean=0.00e+00  std=0.00e+00  L_train mean=0.000000  L_train std=0.000000  L_train(w*)=0.000000
  layer=0 head=3
      draw 100/800  L_train=0.000000 (w*=0.000000)  phi_std=0.000000
      draw 200/800  L_train=0.000000 (w*=0.000000)  phi_std=0.000000
      draw 300/800  L_train=0.000000 (w*=0.000000)  phi_std=0.000000
      draw 400/800  L_train=0.000000 (w*=0.000000)  phi_std=0.000000
      draw 500/800  L_train=0.000000 (w*=0.000000)  phi_std=0.000000
      draw 600/800  L_train=0.000000 (w*=0.000000)  phi_std=0.000000
      draw 700/800  L_train=0.000000 (w*=0.000000)  phi_std=0.000000
      draw 800/800  L_train=0.000000 (w*=0.000000)  phi_std=0.000000
    chi[0,3]: mean=0.00e+00  std=0.00e+00  L_train mean=0.000000  L_train std=0.000000  L_train(w*)=0.000000
  layer=1 head=0
      draw 100/800  L_train=0.000000 (w*=0.000000)  phi_std=0.000000
      draw 200/800  L_train=0.000000 (w*=0.000000)  phi_std=0.000000
      draw 300/800  L_train=0.000000 (w*=0.000000)  phi_std=0.000000
      draw 400/800  L_train=0.000000 (w*=0.000000)  phi_std=0.000000
      draw 500/800  L_train=0.000000 (w*=0.000000)  phi_std=0.000000
      draw 600/800  L_train=0.000000 (w*=0.000000)  phi_std=0.000000
      draw 700/800  L_train=0.000000 (w*=0.000000)  phi_std=0.000000
      draw 800/800  L_train=0.000000 (w*=0.000000)  phi_std=0.000000
    chi[1,0]: mean=0.00e+00  std=0.00e+00  L_train mean=0.000000  L_train std=0.000000  L_train(w*)=0.000000
  layer=1 head=1
      draw 100/800  L_train=0.000000 (w*=0.000000)  phi_std=0.000000
      draw 200/800  L_train=0.000000 (w*=0.000000)  phi_std=0.000000
      draw 300/800  L_train=0.000000 (w*=0.000000)  phi_std=0.000000
      draw 400/800  L_train=0.000000 (w*=0.000000)  phi_std=0.000000
      draw 500/800  L_train=0.000000 (w*=0.000000)  phi_std=0.000000
      draw 600/800  L_train=0.000000 (w*=0.000000)  phi_std=0.000000
      draw 700/800  L_train=0.000000 (w*=0.000000)  phi_std=0.000000
      draw 800/800  L_train=0.000000 (w*=0.000000)  phi_std=0.000000
    chi[1,1]: mean=0.00e+00  std=0.00e+00  L_train mean=0.000000  L_train std=0.000000  L_train(w*)=0.000000
  layer=1 head=2
      draw 100/800  L_train=0.000000 (w*=0.000000)  phi_std=0.000000
      draw 200/800  L_train=0.000000 (w*=0.000000)  phi_std=0.000000
      draw 300/800  L_train=0.000000 (w*=0.000000)  phi_std=0.000000
      draw 400/800  L_train=0.000000 (w*=0.000000)  phi_std=0.000000
      draw 500/800  L_train=0.000000 (w*=0.000000)  phi_std=0.000000
      draw 600/800  L_train=0.000000 (w*=0.000000)  phi_std=0.000000
      draw 700/800  L_train=0.000000 (w*=0.000000)  phi_std=0.000000
      draw 800/800  L_train=0.000000 (w*=0.000000)  phi_std=0.000000
    chi[1,2]: mean=0.00e+00  std=0.00e+00  L_train mean=0.000000  L_train std=0.000000  L_train(w*)=0.000000
  layer=1 head=3
      draw 100/800  L_train=0.000000 (w*=0.000000)  phi_std=0.000000
      draw 200/800  L_train=0.000000 (w*=0.000000)  phi_std=0.000000
      draw 300/800  L_train=0.000000 (w*=0.000000)  phi_std=0.000000
      draw 400/800  L_train=0.000000 (w*=0.000000)  phi_std=0.000000
      draw 500/800  L_train=0.000000 (w*=0.000000)  phi_std=0.000000
      draw 600/800  L_train=0.000000 (w*=0.000000)  phi_std=0.000000
      draw 700/800  L_train=0.000000 (w*=0.000000)  phi_std=0.000000
      draw 800/800  L_train=0.000000 (w*=0.000000)  phi_std=0.000000
    chi[1,3]: mean=0.00e+00  std=0.00e+00  L_train mean=0.000000  L_train std=0.000000  L_train(w*)=0.000000
  layer=2 head=0
      draw 100/800  L_train=0.000000 (w*=0.000000)  phi_std=0.000000
      draw 200/800  L_train=0.000000 (w*=0.000000)  phi_std=0.000000
      draw 300/800  L_train=0.000000 (w*=0.000000)  phi_std=0.000000
      draw 400/800  L_train=0.000000 (w*=0.000000)  phi_std=0.000000
      draw 500/800  L_train=0.000000 (w*=0.000000)  phi_std=0.000000
      draw 600/800  L_train=0.000000 (w*=0.000000)  phi_std=0.000000
      draw 700/800  L_train=0.000000 (w*=0.000000)  phi_std=0.000000
      draw 800/800  L_train=0.000000 (w*=0.000000)  phi_std=0.000000
    chi[2,0]: mean=0.00e+00  std=0.00e+00  L_train mean=0.000000  L_train std=0.000000  L_train(w*)=0.000000
  layer=2 head=1
      draw 100/800  L_train=0.000000 (w*=0.000000)  phi_std=0.000000
      draw 200/800  L_train=0.000000 (w*=0.000000)  phi_std=0.000000
      draw 300/800  L_train=0.000000 (w*=0.000000)  phi_std=0.000000
      draw 400/800  L_train=0.000000 (w*=0.000000)  phi_std=0.000000
      draw 500/800  L_train=0.000000 (w*=0.000000)  phi_std=0.000000
      draw 600/800  L_train=0.000000 (w*=0.000000)  phi_std=0.000000
      draw 700/800  L_train=0.000000 (w*=0.000000)  phi_std=0.000000
      draw 800/800  L_train=0.000000 (w*=0.000000)  phi_std=0.000000
    chi[2,1]: mean=0.00e+00  std=0.00e+00  L_train mean=0.000000  L_train std=0.000000  L_train(w*)=0.000000
  layer=2 head=2
      draw 100/800  L_train=0.000000 (w*=0.000000)  phi_std=0.000000
      draw 200/800  L_train=0.000000 (w*=0.000000)  phi_std=0.000000
      draw 300/800  L_train=0.000000 (w*=0.000000)  phi_std=0.000000
      draw 400/800  L_train=0.000000 (w*=0.000000)  phi_std=0.000000
      draw 500/800  L_train=0.000000 (w*=0.000000)  phi_std=0.000000
      draw 600/800  L_train=0.000000 (w*=0.000000)  phi_std=0.000000
      draw 700/800  L_train=0.000000 (w*=0.000000)  phi_std=0.000000
      draw 800/800  L_train=0.000000 (w*=0.000000)  phi_std=0.000000
    chi[2,2]: mean=0.00e+00  std=0.00e+00  L_train mean=0.000000  L_train std=0.000000  L_train(w*)=0.000000
  layer=2 head=3
      draw 100/800  L_train=0.000000 (w*=0.000000)  phi_std=0.000000
      draw 200/800  L_train=0.000000 (w*=0.000000)  phi_std=0.000000
      draw 300/800  L_train=0.000000 (w*=0.000000)  phi_std=0.000000
      draw 400/800  L_train=0.000000 (w*=0.000000)  phi_std=0.000000
      draw 500/800  L_train=0.000000 (w*=0.000000)  phi_std=0.000000
      draw 600/800  L_train=0.000000 (w*=0.000000)  phi_std=0.000000
      draw 700/800  L_train=0.000000 (w*=0.000000)  phi_std=0.000000
      draw 800/800  L_train=0.000000 (w*=0.000000)  phi_std=0.000000
    chi[2,3]: mean=0.00e+00  std=0.00e+00  L_train mean=0.000000  L_train std=0.000000  L_train(w*)=0.000000
  Saved /root/id-predict-ood/cptsusceptibility/results/f82d1946_cpt.npy  shape=(3, 4, 200)

Done.
