Worker 1/2: 25/25 models pending
Loading L_n eval set (500 train samples, seed=99)...
Loading OOD probe set (200 samples)...
Loading full train set for SGLD gradient steps...
SGLD: eps=3e-06, gamma=5000.0, nbeta=100.0, steps=1000, burn_in=200, sgld_bs=256

[1/25] model 1266add2
  layer=0 head=0
      draw 100/800  L_train=0.000000 (w*=0.000000)  phi_std=0.000000
      draw 200/800  L_train=0.000000 (w*=0.000000)  phi_std=0.000000
      draw 300/800  L_train=0.000000 (w*=0.000000)  phi_std=0.000000
      draw 400/800  L_train=0.000000 (w*=0.000000)  phi_std=0.000000
      draw 500/800  L_train=0.000000 (w*=0.000000)  phi_std=0.000000
      draw 600/800  L_train=0.000000 (w*=0.000000)  phi_std=0.000000
      draw 700/800  L_train=0.000000 (w*=0.000000)  phi_std=0.000000
      draw 800/800  L_train=0.000000 (w*=0.000000)  phi_std=0.000000
    chi[0,0]: mean=4.88e-11  std=1.26e-10  L_train mean=0.000000  L_train std=0.000000  L_train(w*)=0.000000
  layer=0 head=1
      draw 100/800  L_train=0.000000 (w*=0.000000)  phi_std=0.000000
      draw 200/800  L_train=0.000000 (w*=0.000000)  phi_std=0.000000
      draw 300/800  L_train=0.000000 (w*=0.000000)  phi_std=0.000000
      draw 400/800  L_train=0.000000 (w*=0.000000)  phi_std=0.000000
      draw 500/800  L_train=0.000000 (w*=0.000000)  phi_std=0.000000
      draw 600/800  L_train=0.000000 (w*=0.000000)  phi_std=0.000000
      draw 700/800  L_train=0.000000 (w*=0.000000)  phi_std=0.000000
      draw 800/800  L_train=0.000000 (w*=0.000000)  phi_std=0.000000
    chi[0,1]: mean=5.03e-13  std=1.93e-12  L_train mean=0.000000  L_train std=0.000000  L_train(w*)=0.000000
  layer=0 head=2
      draw 100/800  L_train=0.000000 (w*=0.000000)  phi_std=0.000000
      draw 200/800  L_train=0.000000 (w*=0.000000)  phi_std=0.000000
      draw 300/800  L_train=0.000000 (w*=0.000000)  phi_std=0.000000
      draw 400/800  L_train=0.000000 (w*=0.000000)  phi_std=0.000000
      draw 500/800  L_train=0.000000 (w*=0.000000)  phi_std=0.000000
      draw 600/800  L_train=0.000000 (w*=0.000000)  phi_std=0.000000
      draw 700/800  L_train=0.000000 (w*=0.000000)  phi_std=0.000000
      draw 800/800  L_train=0.000000 (w*=0.000000)  phi_std=0.000000
    chi[0,2]: mean=1.09e-12  std=1.94e-12  L_train mean=0.000000  L_train std=0.000000  L_train(w*)=0.000000
  layer=0 head=3
      draw 100/800  L_train=0.000000 (w*=0.000000)  phi_std=0.000000
      draw 200/800  L_train=0.000000 (w*=0.000000)  phi_std=0.000000
      draw 300/800  L_train=0.000000 (w*=0.000000)  phi_std=0.000000
      draw 400/800  L_train=0.000000 (w*=0.000000)  phi_std=0.000000
      draw 500/800  L_train=0.000000 (w*=0.000000)  phi_std=0.000000
      draw 600/800  L_train=0.000000 (w*=0.000000)  phi_std=0.000000
      draw 700/800  L_train=0.000000 (w*=0.000000)  phi_std=0.000000
      draw 800/800  L_train=0.000000 (w*=0.000000)  phi_std=0.000000
    chi[0,3]: mean=0.00e+00  std=0.00e+00  L_train mean=0.000000  L_train std=0.000000  L_train(w*)=0.000000
  layer=1 head=0
      draw 100/800  L_train=0.000000 (w*=0.000000)  phi_std=0.000000
      draw 200/800  L_train=0.000000 (w*=0.000000)  phi_std=0.000000
      draw 300/800  L_train=0.000000 (w*=0.000000)  phi_std=0.000000
      draw 400/800  L_train=0.000000 (w*=0.000000)  phi_std=0.000000
      draw 500/800  L_train=0.000000 (w*=0.000000)  phi_std=0.000000
      draw 600/800  L_train=0.000000 (w*=0.000000)  phi_std=0.000000
      draw 700/800  L_train=0.000000 (w*=0.000000)  phi_std=0.000000
      draw 800/800  L_train=0.000000 (w*=0.000000)  phi_std=0.000000
    chi[1,0]: mean=0.00e+00  std=0.00e+00  L_train mean=0.000000  L_train std=0.000000  L_train(w*)=0.000000
  layer=1 head=1
      draw 100/800  L_train=0.000000 (w*=0.000000)  phi_std=0.000000
      draw 200/800  L_train=0.000000 (w*=0.000000)  phi_std=0.000000
      draw 300/800  L_train=0.000000 (w*=0.000000)  phi_std=0.000000
      draw 400/800  L_train=0.000000 (w*=0.000000)  phi_std=0.000000
      draw 500/800  L_train=0.000000 (w*=0.000000)  phi_std=0.000000
      draw 600/800  L_train=0.000000 (w*=0.000000)  phi_std=0.000000
      draw 700/800  L_train=0.000000 (w*=0.000000)  phi_std=0.000000
      draw 800/800  L_train=0.000000 (w*=0.000000)  phi_std=0.000000
    chi[1,1]: mean=0.00e+00  std=0.00e+00  L_train mean=0.000000  L_train std=0.000000  L_train(w*)=0.000000
  layer=1 head=2
      draw 100/800  L_train=0.000000 (w*=0.000000)  phi_std=0.000000
      draw 200/800  L_train=0.000000 (w*=0.000000)  phi_std=0.000000
      draw 300/800  L_train=0.000000 (w*=0.000000)  phi_std=0.000000
      draw 400/800  L_train=0.000000 (w*=0.000000)  phi_std=0.000000
      draw 500/800  L_train=0.000000 (w*=0.000000)  phi_std=0.000000
      draw 600/800  L_train=0.000000 (w*=0.000000)  phi_std=0.000000
      draw 700/800  L_train=0.000000 (w*=0.000000)  phi_std=0.000000
      draw 800/800  L_train=0.000000 (w*=0.000000)  phi_std=0.000000
    chi[1,2]: mean=0.00e+00  std=0.00e+00  L_train mean=0.000000  L_train std=0.000000  L_train(w*)=0.000000
  layer=1 head=3
      draw 100/800  L_train=0.000000 (w*=0.000000)  phi_std=0.000000
      draw 200/800  L_train=0.000000 (w*=0.000000)  phi_std=0.000000
      draw 300/800  L_train=0.000000 (w*=0.000000)  phi_std=0.000000
      draw 400/800  L_train=0.000000 (w*=0.000000)  phi_std=0.000000
      draw 500/800  L_train=0.000000 (w*=0.000000)  phi_std=0.000000
      draw 600/800  L_train=0.000000 (w*=0.000000)  phi_std=0.000000
      draw 700/800  L_train=0.000000 (w*=0.000000)  phi_std=0.000000
      draw 800/800  L_train=0.000000 (w*=0.000000)  phi_std=0.000000
    chi[1,3]: mean=0.00e+00  std=0.00e+00  L_train mean=0.000000  L_train std=0.000000  L_train(w*)=0.000000
  layer=2 head=0
      draw 100/800  L_train=0.000000 (w*=0.000000)  phi_std=0.000000
      draw 200/800  L_train=0.000000 (w*=0.000000)  phi_std=0.000000
      draw 300/800  L_train=0.000000 (w*=0.000000)  phi_std=0.000000
      draw 400/800  L_train=0.000000 (w*=0.000000)  phi_std=0.000000
      draw 500/800  L_train=0.000000 (w*=0.000000)  phi_std=0.000000
      draw 600/800  L_train=0.000000 (w*=0.000000)  phi_std=0.000000
      draw 700/800  L_train=0.000000 (w*=0.000000)  phi_std=0.000000
      draw 800/800  L_train=0.000000 (w*=0.000000)  phi_std=0.000000
    chi[2,0]: mean=0.00e+00  std=0.00e+00  L_train mean=0.000000  L_train std=0.000000  L_train(w*)=0.000000
  layer=2 head=1
      draw 100/800  L_train=0.000000 (w*=0.000000)  phi_std=0.000000
      draw 200/800  L_train=0.000000 (w*=0.000000)  phi_std=0.000000
      draw 300/800  L_train=0.000000 (w*=0.000000)  phi_std=0.000000
      draw 400/800  L_train=0.000000 (w*=0.000000)  phi_std=0.000000
      draw 500/800  L_train=0.000000 (w*=0.000000)  phi_std=0.000000
      draw 600/800  L_train=0.000000 (w*=0.000000)  phi_std=0.000000
      draw 700/800  L_train=0.000000 (w*=0.000000)  phi_std=0.000000
      draw 800/800  L_train=0.000000 (w*=0.000000)  phi_std=0.000000
    chi[2,1]: mean=0.00e+00  std=0.00e+00  L_train mean=0.000000  L_train std=0.000000  L_train(w*)=0.000000
  layer=2 head=2
      draw 100/800  L_train=0.000000 (w*=0.000000)  phi_std=0.000000
      draw 200/800  L_train=0.000000 (w*=0.000000)  phi_std=0.000000
      draw 300/800  L_train=0.000000 (w*=0.000000)  phi_std=0.000000
      draw 400/800  L_train=0.000000 (w*=0.000000)  phi_std=0.000000
      draw 500/800  L_train=0.000000 (w*=0.000000)  phi_std=0.000000
      draw 600/800  L_train=0.000000 (w*=0.000000)  phi_std=0.000000
      draw 700/800  L_train=0.000000 (w*=0.000000)  phi_std=0.000000
      draw 800/800  L_train=0.000000 (w*=0.000000)  phi_std=0.000000
    chi[2,2]: mean=0.00e+00  std=0.00e+00  L_train mean=0.000000  L_train std=0.000000  L_train(w*)=0.000000
  layer=2 head=3
      draw 100/800  L_train=0.000000 (w*=0.000000)  phi_std=0.000000
      draw 200/800  L_train=0.000000 (w*=0.000000)  phi_std=0.000000
      draw 300/800  L_train=0.000000 (w*=0.000000)  phi_std=0.000000
      draw 400/800  L_train=0.000000 (w*=0.000000)  phi_std=0.000000
      draw 500/800  L_train=0.000000 (w*=0.000000)  phi_std=0.000000
      draw 600/800  L_train=0.000000 (w*=0.000000)  phi_std=0.000000
      draw 700/800  L_train=0.000000 (w*=0.000000)  phi_std=0.000000
      draw 800/800  L_train=0.000000 (w*=0.000000)  phi_std=0.000000
    chi[2,3]: mean=0.00e+00  std=0.00e+00  L_train mean=0.000000  L_train std=0.000000  L_train(w*)=0.000000
  Saved /root/id-predict-ood/cptsusceptibility/results/1266add2_cpt.npy  shape=(3, 4, 200)

[2/25] model 21039a5f
  layer=0 head=0
      draw 100/800  L_train=0.000011 (w*=0.000009)  phi_std=0.000004
      draw 200/800  L_train=0.000015 (w*=0.000009)  phi_std=0.000005
      draw 300/800  L_train=0.000007 (w*=0.000009)  phi_std=0.000011
      draw 400/800  L_train=0.000011 (w*=0.000009)  phi_std=0.000009
      draw 500/800  L_train=0.000019 (w*=0.000009)  phi_std=0.000009
      draw 600/800  L_train=0.000018 (w*=0.000009)  phi_std=0.000010
      draw 700/800  L_train=0.000023 (w*=0.000009)  phi_std=0.000011
      draw 800/800  L_train=0.000021 (w*=0.000009)  phi_std=0.000012
    chi[0,0]: mean=2.48e-06  std=4.17e-06  L_train mean=0.000018  L_train std=0.000012  L_train(w*)=0.000009
  layer=0 head=1
      draw 100/800  L_train=0.000021 (w*=0.000009)  phi_std=0.000008
      draw 200/800  L_train=0.000014 (w*=0.000009)  phi_std=0.000012
      draw 300/800  L_train=0.000019 (w*=0.000009)  phi_std=0.000011
      draw 400/800  L_train=0.000046 (w*=0.000009)  phi_std=0.000031
      draw 500/800  L_train=0.000040 (w*=0.000009)  phi_std=0.000034
      draw 600/800  L_train=0.000034 (w*=0.000009)  phi_std=0.000032
      draw 700/800  L_train=0.000008 (w*=0.000009)  phi_std=0.000031
      draw 800/800  L_train=0.000023 (w*=0.000009)  phi_std=0.000031
    chi[0,1]: mean=3.13e-06  std=1.29e-05  L_train mean=0.000029  L_train std=0.000031  L_train(w*)=0.000009
  layer=0 head=2
      draw 100/800  L_train=0.000016 (w*=0.000009)  phi_std=0.000025
      draw 200/800  L_train=0.000016 (w*=0.000009)  phi_std=0.000019
      draw 300/800  L_train=0.000011 (w*=0.000009)  phi_std=0.000017
      draw 400/800  L_train=0.000009 (w*=0.000009)  phi_std=0.000017
      draw 500/800  L_train=0.001187 (w*=0.000009)  phi_std=0.000230
      draw 600/800  L_train=0.000018 (w*=0.000009)  phi_std=0.000251
      draw 700/800  L_train=0.000013 (w*=0.000009)  phi_std=0.000233
      draw 800/800  L_train=0.000027 (w*=0.000009)  phi_std=0.000220
    chi[0,2]: mean=3.04e-05  std=1.15e-04  L_train mean=0.000075  L_train std=0.000220  L_train(w*)=0.000009
  layer=0 head=3
      draw 100/800  L_train=0.000037 (w*=0.000009)  phi_std=0.000008
      draw 200/800  L_train=0.000011 (w*=0.000009)  phi_std=0.000011
      draw 300/800  L_train=0.000010 (w*=0.000009)  phi_std=0.000009
      draw 400/800  L_train=0.000010 (w*=0.000009)  phi_std=0.000008
      draw 500/800  L_train=0.000021 (w*=0.000009)  phi_std=0.000008
      draw 600/800  L_train=0.000014 (w*=0.000009)  phi_std=0.000007
      draw 700/800  L_train=0.000009 (w*=0.000009)  phi_std=0.000007
      draw 800/800  L_train=0.000010 (w*=0.000009)  phi_std=0.000006
    chi[0,3]: mean=2.59e-07  std=2.01e-06  L_train mean=0.000012  L_train std=0.000006  L_train(w*)=0.000009
  layer=1 head=0
      draw 100/800  L_train=0.000009 (w*=0.000009)  phi_std=0.000000
      draw 200/800  L_train=0.000009 (w*=0.000009)  phi_std=0.000000
      draw 300/800  L_train=0.000010 (w*=0.000009)  phi_std=0.000000
      draw 400/800  L_train=0.000009 (w*=0.000009)  phi_std=0.000000
      draw 500/800  L_train=0.000009 (w*=0.000009)  phi_std=0.000000
      draw 600/800  L_train=0.000009 (w*=0.000009)  phi_std=0.000000
      draw 700/800  L_train=0.000009 (w*=0.000009)  phi_std=0.000000
      draw 800/800  L_train=0.000009 (w*=0.000009)  phi_std=0.000000
    chi[1,0]: mean=3.31e-09  std=6.47e-09  L_train mean=0.000009  L_train std=0.000000  L_train(w*)=0.000009
  layer=1 head=1
      draw 100/800  L_train=0.000009 (w*=0.000009)  phi_std=0.000000
      draw 200/800  L_train=0.000009 (w*=0.000009)  phi_std=0.000000
      draw 300/800  L_train=0.000009 (w*=0.000009)  phi_std=0.000000
      draw 400/800  L_train=0.000009 (w*=0.000009)  phi_std=0.000000
      draw 500/800  L_train=0.000009 (w*=0.000009)  phi_std=0.000000
      draw 600/800  L_train=0.000009 (w*=0.000009)  phi_std=0.000000
      draw 700/800  L_train=0.000009 (w*=0.000009)  phi_std=0.000000
      draw 800/800  L_train=0.000009 (w*=0.000009)  phi_std=0.000000
    chi[1,1]: mean=2.27e-09  std=4.06e-09  L_train mean=0.000009  L_train std=0.000000  L_train(w*)=0.000009
  layer=1 head=2
      draw 100/800  L_train=0.000009 (w*=0.000009)  phi_std=0.000000
      draw 200/800  L_train=0.000009 (w*=0.000009)  phi_std=0.000000
      draw 300/800  L_train=0.000009 (w*=0.000009)  phi_std=0.000000
      draw 400/800  L_train=0.000009 (w*=0.000009)  phi_std=0.000000
      draw 500/800  L_train=0.000009 (w*=0.000009)  phi_std=0.000000
      draw 600/800  L_train=0.000009 (w*=0.000009)  phi_std=0.000000
      draw 700/800  L_train=0.000010 (w*=0.000009)  phi_std=0.000000
      draw 800/800  L_train=0.000009 (w*=0.000009)  phi_std=0.000000
    chi[1,2]: mean=2.90e-10  std=8.86e-10  L_train mean=0.000009  L_train std=0.000000  L_train(w*)=0.000009
  layer=1 head=3
      draw 100/800  L_train=0.000010 (w*=0.000009)  phi_std=0.000000
      draw 200/800  L_train=0.000009 (w*=0.000009)  phi_std=0.000000
      draw 300/800  L_train=0.000009 (w*=0.000009)  phi_std=0.000000
      draw 400/800  L_train=0.000009 (w*=0.000009)  phi_std=0.000000
      draw 500/800  L_train=0.000009 (w*=0.000009)  phi_std=0.000000
      draw 600/800  L_train=0.000009 (w*=0.000009)  phi_std=0.000000
      draw 700/800  L_train=0.000009 (w*=0.000009)  phi_std=0.000000
      draw 800/800  L_train=0.000009 (w*=0.000009)  phi_std=0.000000
    chi[1,3]: mean=-1.54e-11  std=1.84e-09  L_train mean=0.000009  L_train std=0.000000  L_train(w*)=0.000009
  layer=2 head=0
      draw 100/800  L_train=0.000009 (w*=0.000009)  phi_std=0.000000
      draw 200/800  L_train=0.000009 (w*=0.000009)  phi_std=0.000000
      draw 300/800  L_train=0.000009 (w*=0.000009)  phi_std=0.000000
      draw 400/800  L_train=0.000009 (w*=0.000009)  phi_std=0.000000
      draw 500/800  L_train=0.000009 (w*=0.000009)  phi_std=0.000000
      draw 600/800  L_train=0.000009 (w*=0.000009)  phi_std=0.000000
      draw 700/800  L_train=0.000009 (w*=0.000009)  phi_std=0.000000
      draw 800/800  L_train=0.000010 (w*=0.000009)  phi_std=0.000000
    chi[2,0]: mean=-8.17e-09  std=7.93e-09  L_train mean=0.000009  L_train std=0.000000  L_train(w*)=0.000009
  layer=2 head=1
      draw 100/800  L_train=0.000010 (w*=0.000009)  phi_std=0.000000
      draw 200/800  L_train=0.000009 (w*=0.000009)  phi_std=0.000000
      draw 300/800  L_train=0.000009 (w*=0.000009)  phi_std=0.000000
      draw 400/800  L_train=0.000009 (w*=0.000009)  phi_std=0.000000
      draw 500/800  L_train=0.000009 (w*=0.000009)  phi_std=0.000000
      draw 600/800  L_train=0.000009 (w*=0.000009)  phi_std=0.000000
      draw 700/800  L_train=0.000009 (w*=0.000009)  phi_std=0.000000
      draw 800/800  L_train=0.000010 (w*=0.000009)  phi_std=0.000000
    chi[2,1]: mean=4.84e-10  std=3.88e-09  L_train mean=0.000009  L_train std=0.000000  L_train(w*)=0.000009
  layer=2 head=2
      draw 100/800  L_train=0.000009 (w*=0.000009)  phi_std=0.000000
      draw 200/800  L_train=0.000010 (w*=0.000009)  phi_std=0.000000
      draw 300/800  L_train=0.000009 (w*=0.000009)  phi_std=0.000000
      draw 400/800  L_train=0.000009 (w*=0.000009)  phi_std=0.000000
      draw 500/800  L_train=0.000009 (w*=0.000009)  phi_std=0.000000
      draw 600/800  L_train=0.000009 (w*=0.000009)  phi_std=0.000000
      draw 700/800  L_train=0.000009 (w*=0.000009)  phi_std=0.000000
      draw 800/800  L_train=0.000010 (w*=0.000009)  phi_std=0.000000
    chi[2,2]: mean=-9.02e-09  std=1.06e-08  L_train mean=0.000009  L_train std=0.000000  L_train(w*)=0.000009
  layer=2 head=3
      draw 100/800  L_train=0.000009 (w*=0.000009)  phi_std=0.000000
      draw 200/800  L_train=0.000009 (w*=0.000009)  phi_std=0.000000
      draw 300/800  L_train=0.000009 (w*=0.000009)  phi_std=0.000000
      draw 400/800  L_train=0.000009 (w*=0.000009)  phi_std=0.000000
      draw 500/800  L_train=0.000009 (w*=0.000009)  phi_std=0.000000
      draw 600/800  L_train=0.000009 (w*=0.000009)  phi_std=0.000000
      draw 700/800  L_train=0.000009 (w*=0.000009)  phi_std=0.000000
      draw 800/800  L_train=0.000009 (w*=0.000009)  phi_std=0.000000
    chi[2,3]: mean=-1.29e-08  std=9.52e-09  L_train mean=0.000009  L_train std=0.000000  L_train(w*)=0.000009
  Saved /root/id-predict-ood/cptsusceptibility/results/21039a5f_cpt.npy  shape=(3, 4, 200)

[3/25] model 26bef1f1
  layer=0 head=0
      draw 100/800  L_train=0.000000 (w*=0.000000)  phi_std=0.000000
      draw 200/800  L_train=0.000000 (w*=0.000000)  phi_std=0.000000
      draw 300/800  L_train=0.000000 (w*=0.000000)  phi_std=0.000000
      draw 400/800  L_train=0.000000 (w*=0.000000)  phi_std=0.000000
      draw 500/800  L_train=0.000000 (w*=0.000000)  phi_std=0.000000
      draw 600/800  L_train=0.000000 (w*=0.000000)  phi_std=0.000000
      draw 700/800  L_train=0.000000 (w*=0.000000)  phi_std=0.000000
      draw 800/800  L_train=0.000000 (w*=0.000000)  phi_std=0.000000
    chi[0,0]: mean=0.00e+00  std=0.00e+00  L_train mean=0.000000  L_train std=0.000000  L_train(w*)=0.000000
  layer=0 head=1
      draw 100/800  L_train=0.000000 (w*=0.000000)  phi_std=0.000000
      draw 200/800  L_train=0.000000 (w*=0.000000)  phi_std=0.000000
      draw 300/800  L_train=0.000000 (w*=0.000000)  phi_std=0.000000
      draw 400/800  L_train=0.000000 (w*=0.000000)  phi_std=0.000000
      draw 500/800  L_train=0.000000 (w*=0.000000)  phi_std=0.000000
      draw 600/800  L_train=0.000000 (w*=0.000000)  phi_std=0.000000
      draw 700/800  L_train=0.000000 (w*=0.000000)  phi_std=0.000000
      draw 800/800  L_train=0.000000 (w*=0.000000)  phi_std=0.000000
    chi[0,1]: mean=0.00e+00  std=0.00e+00  L_train mean=0.000000  L_train std=0.000000  L_train(w*)=0.000000
  layer=0 head=2
      draw 100/800  L_train=0.000000 (w*=0.000000)  phi_std=0.000000
      draw 200/800  L_train=0.000000 (w*=0.000000)  phi_std=0.000000
      draw 300/800  L_train=0.000000 (w*=0.000000)  phi_std=0.000000
      draw 400/800  L_train=0.000000 (w*=0.000000)  phi_std=0.000000
      draw 500/800  L_train=0.000000 (w*=0.000000)  phi_std=0.000000
      draw 600/800  L_train=0.000000 (w*=0.000000)  phi_std=0.000000
      draw 700/800  L_train=0.000000 (w*=0.000000)  phi_std=0.000000
      draw 800/800  L_train=0.000000 (w*=0.000000)  phi_std=0.000000
    chi[0,2]: mean=0.00e+00  std=0.00e+00  L_train mean=0.000000  L_train std=0.000000  L_train(w*)=0.000000
  layer=0 head=3
      draw 100/800  L_train=0.000000 (w*=0.000000)  phi_std=0.000000
      draw 200/800  L_train=0.000000 (w*=0.000000)  phi_std=0.000000
      draw 300/800  L_train=0.000000 (w*=0.000000)  phi_std=0.000000
      draw 400/800  L_train=0.000000 (w*=0.000000)  phi_std=0.000000
      draw 500/800  L_train=0.000000 (w*=0.000000)  phi_std=0.000000
      draw 600/800  L_train=0.000000 (w*=0.000000)  phi_std=0.000000
      draw 700/800  L_train=0.000000 (w*=0.000000)  phi_std=0.000000
      draw 800/800  L_train=0.000000 (w*=0.000000)  phi_std=0.000000
    chi[0,3]: mean=0.00e+00  std=0.00e+00  L_train mean=0.000000  L_train std=0.000000  L_train(w*)=0.000000
  layer=1 head=0
      draw 100/800  L_train=0.000000 (w*=0.000000)  phi_std=0.000390
      draw 200/800  L_train=0.000000 (w*=0.000000)  phi_std=0.000277
      draw 300/800  L_train=0.000000 (w*=0.000000)  phi_std=0.000226
      draw 400/800  L_train=0.000000 (w*=0.000000)  phi_std=0.000196
      draw 500/800  L_train=0.000000 (w*=0.000000)  phi_std=0.000175
      draw 600/800  L_train=0.000000 (w*=0.000000)  phi_std=0.000442
      draw 700/800  L_train=0.000000 (w*=0.000000)  phi_std=0.000409
      draw 800/800  L_train=0.000000 (w*=0.000000)  phi_std=0.000383
    chi[1,0]: mean=1.88e-07  std=5.76e-07  L_train mean=0.000018  L_train std=0.000383  L_train(w*)=0.000000
  layer=1 head=1
      draw 100/800  L_train=0.000000 (w*=0.000000)  phi_std=0.000000
      draw 200/800  L_train=0.000000 (w*=0.000000)  phi_std=0.000000
      draw 300/800  L_train=0.000000 (w*=0.000000)  phi_std=0.000000
      draw 400/800  L_train=0.000000 (w*=0.000000)  phi_std=0.000000
      draw 500/800  L_train=0.000000 (w*=0.000000)  phi_std=0.000000
      draw 600/800  L_train=0.000000 (w*=0.000000)  phi_std=0.000000
      draw 700/800  L_train=0.000000 (w*=0.000000)  phi_std=0.000000
      draw 800/800  L_train=0.000000 (w*=0.000000)  phi_std=0.000000
    chi[1,1]: mean=0.00e+00  std=0.00e+00  L_train mean=0.000000  L_train std=0.000000  L_train(w*)=0.000000
  layer=1 head=2
      draw 100/800  L_train=0.000000 (w*=0.000000)  phi_std=0.000000
      draw 200/800  L_train=0.000000 (w*=0.000000)  phi_std=0.000000
      draw 300/800  L_train=0.000000 (w*=0.000000)  phi_std=0.000000
      draw 400/800  L_train=0.000000 (w*=0.000000)  phi_std=0.000027
      draw 500/800  L_train=0.000000 (w*=0.000000)  phi_std=0.000024
      draw 600/800  L_train=0.000000 (w*=0.000000)  phi_std=0.000022
      draw 700/800  L_train=0.000000 (w*=0.000000)  phi_std=0.000020
      draw 800/800  L_train=0.000000 (w*=0.000000)  phi_std=0.000019
    chi[1,2]: mean=8.02e-09  std=1.08e-07  L_train mean=0.000001  L_train std=0.000019  L_train(w*)=0.000000
  layer=1 head=3
      draw 100/800  L_train=0.000000 (w*=0.000000)  phi_std=0.000000
      draw 200/800  L_train=0.000000 (w*=0.000000)  phi_std=0.000000
      draw 300/800  L_train=0.000000 (w*=0.000000)  phi_std=0.000000
      draw 400/800  L_train=0.000000 (w*=0.000000)  phi_std=0.000000
      draw 500/800  L_train=0.000000 (w*=0.000000)  phi_std=0.000000
      draw 600/800  L_train=0.000000 (w*=0.000000)  phi_std=0.000000
      draw 700/800  L_train=0.000000 (w*=0.000000)  phi_std=0.000000
      draw 800/800  L_train=0.000000 (w*=0.000000)  phi_std=0.000000
    chi[1,3]: mean=2.55e-10  std=3.60e-09  L_train mean=0.000000  L_train std=0.000000  L_train(w*)=0.000000
  layer=2 head=0
      draw 100/800  L_train=0.000000 (w*=0.000000)  phi_std=0.000000
      draw 200/800  L_train=0.000000 (w*=0.000000)  phi_std=0.000000
      draw 300/800  L_train=0.000000 (w*=0.000000)  phi_std=0.000000
      draw 400/800  L_train=0.000000 (w*=0.000000)  phi_std=0.000000
      draw 500/800  L_train=0.000000 (w*=0.000000)  phi_std=0.000000
      draw 600/800  L_train=0.000000 (w*=0.000000)  phi_std=0.000000
      draw 700/800  L_train=0.000000 (w*=0.000000)  phi_std=0.000000
      draw 800/800  L_train=0.000000 (w*=0.000000)  phi_std=0.000000
    chi[2,0]: mean=0.00e+00  std=0.00e+00  L_train mean=0.000000  L_train std=0.000000  L_train(w*)=0.000000
  layer=2 head=1
      draw 100/800  L_train=0.000000 (w*=0.000000)  phi_std=0.000000
      draw 200/800  L_train=0.000000 (w*=0.000000)  phi_std=0.000000
      draw 300/800  L_train=0.000000 (w*=0.000000)  phi_std=0.000000
      draw 400/800  L_train=0.000000 (w*=0.000000)  phi_std=0.000000
      draw 500/800  L_train=0.000000 (w*=0.000000)  phi_std=0.000000
      draw 600/800  L_train=0.000000 (w*=0.000000)  phi_std=0.000000
      draw 700/800  L_train=0.000000 (w*=0.000000)  phi_std=0.000000
      draw 800/800  L_train=0.000000 (w*=0.000000)  phi_std=0.000000
    chi[2,1]: mean=0.00e+00  std=0.00e+00  L_train mean=0.000000  L_train std=0.000000  L_train(w*)=0.000000
  layer=2 head=2
      draw 100/800  L_train=0.000000 (w*=0.000000)  phi_std=0.000000
      draw 200/800  L_train=0.000000 (w*=0.000000)  phi_std=0.000000
      draw 300/800  L_train=0.000000 (w*=0.000000)  phi_std=0.000000
      draw 400/800  L_train=0.000000 (w*=0.000000)  phi_std=0.000000
      draw 500/800  L_train=0.000000 (w*=0.000000)  phi_std=0.000000
      draw 600/800  L_train=0.000000 (w*=0.000000)  phi_std=0.000000
      draw 700/800  L_train=0.000000 (w*=0.000000)  phi_std=0.000000
      draw 800/800  L_train=0.000000 (w*=0.000000)  phi_std=0.000000
    chi[2,2]: mean=0.00e+00  std=0.00e+00  L_train mean=0.000000  L_train std=0.000000  L_train(w*)=0.000000
  layer=2 head=3
      draw 100/800  L_train=0.000000 (w*=0.000000)  phi_std=0.000000
      draw 200/800  L_train=0.000000 (w*=0.000000)  phi_std=0.000000
      draw 300/800  L_train=0.000000 (w*=0.000000)  phi_std=0.000000
      draw 400/800  L_train=0.000000 (w*=0.000000)  phi_std=0.000000
      draw 500/800  L_train=0.000000 (w*=0.000000)  phi_std=0.000000
      draw 600/800  L_train=0.000000 (w*=0.000000)  phi_std=0.000000
      draw 700/800  L_train=0.000000 (w*=0.000000)  phi_std=0.000000
      draw 800/800  L_train=0.000000 (w*=0.000000)  phi_std=0.000000
    chi[2,3]: mean=0.00e+00  std=0.00e+00  L_train mean=0.000000  L_train std=0.000000  L_train(w*)=0.000000
  Saved /root/id-predict-ood/cptsusceptibility/results/26bef1f1_cpt.npy  shape=(3, 4, 200)

[4/25] model 2e8fd53c
  layer=0 head=0
      draw 100/800  L_train=0.000000 (w*=0.000000)  phi_std=0.000000
      draw 200/800  L_train=0.000000 (w*=0.000000)  phi_std=0.000000
      draw 300/800  L_train=0.000000 (w*=0.000000)  phi_std=0.000000
      draw 400/800  L_train=0.000000 (w*=0.000000)  phi_std=0.000000
      draw 500/800  L_train=0.000000 (w*=0.000000)  phi_std=0.000000
      draw 600/800  L_train=0.000000 (w*=0.000000)  phi_std=0.000000
      draw 700/800  L_train=0.000000 (w*=0.000000)  phi_std=0.000000
      draw 800/800  L_train=0.000000 (w*=0.000000)  phi_std=0.000000
    chi[0,0]: mean=0.00e+00  std=0.00e+00  L_train mean=0.000000  L_train std=0.000000  L_train(w*)=0.000000
  layer=0 head=1
      draw 100/800  L_train=0.000000 (w*=0.000000)  phi_std=0.000000
      draw 200/800  L_train=0.000000 (w*=0.000000)  phi_std=0.000000
      draw 300/800  L_train=0.000000 (w*=0.000000)  phi_std=0.000000
      draw 400/800  L_train=0.000000 (w*=0.000000)  phi_std=0.000000
      draw 500/800  L_train=0.000000 (w*=0.000000)  phi_std=0.000000
      draw 600/800  L_train=0.000000 (w*=0.000000)  phi_std=0.000000
      draw 700/800  L_train=0.000000 (w*=0.000000)  phi_std=0.000000
      draw 800/800  L_train=0.000000 (w*=0.000000)  phi_std=0.000000
    chi[0,1]: mean=0.00e+00  std=0.00e+00  L_train mean=0.000000  L_train std=0.000000  L_train(w*)=0.000000
  layer=0 head=2
      draw 100/800  L_train=0.000000 (w*=0.000000)  phi_std=0.000000
      draw 200/800  L_train=0.000000 (w*=0.000000)  phi_std=0.000000
      draw 300/800  L_train=0.000000 (w*=0.000000)  phi_std=0.000000
      draw 400/800  L_train=0.000000 (w*=0.000000)  phi_std=0.000000
      draw 500/800  L_train=0.000000 (w*=0.000000)  phi_std=0.000000
      draw 600/800  L_train=0.000000 (w*=0.000000)  phi_std=0.000000
      draw 700/800  L_train=0.000000 (w*=0.000000)  phi_std=0.000000
      draw 800/800  L_train=0.000000 (w*=0.000000)  phi_std=0.000000
    chi[0,2]: mean=0.00e+00  std=0.00e+00  L_train mean=0.000000  L_train std=0.000000  L_train(w*)=0.000000
  layer=0 head=3
      draw 100/800  L_train=0.000000 (w*=0.000000)  phi_std=0.000000
      draw 200/800  L_train=0.000000 (w*=0.000000)  phi_std=0.000000
      draw 300/800  L_train=0.000000 (w*=0.000000)  phi_std=0.000000
      draw 400/800  L_train=0.000000 (w*=0.000000)  phi_std=0.000000
      draw 500/800  L_train=0.000000 (w*=0.000000)  phi_std=0.000000
      draw 600/800  L_train=0.000000 (w*=0.000000)  phi_std=0.000000
      draw 700/800  L_train=0.000000 (w*=0.000000)  phi_std=0.000000
      draw 800/800  L_train=0.000000 (w*=0.000000)  phi_std=0.000000
    chi[0,3]: mean=0.00e+00  std=0.00e+00  L_train mean=0.000000  L_train std=0.000000  L_train(w*)=0.000000
  layer=1 head=0
      draw 100/800  L_train=0.000000 (w*=0.000000)  phi_std=0.000000
      draw 200/800  L_train=0.000000 (w*=0.000000)  phi_std=0.000000
      draw 300/800  L_train=0.000000 (w*=0.000000)  phi_std=0.000000
      draw 400/800  L_train=0.000000 (w*=0.000000)  phi_std=0.000000
      draw 500/800  L_train=0.000000 (w*=0.000000)  phi_std=0.000000
      draw 600/800  L_train=0.000000 (w*=0.000000)  phi_std=0.000000
      draw 700/800  L_train=0.000000 (w*=0.000000)  phi_std=0.000000
      draw 800/800  L_train=0.000000 (w*=0.000000)  phi_std=0.000000
    chi[1,0]: mean=0.00e+00  std=0.00e+00  L_train mean=0.000000  L_train std=0.000000  L_train(w*)=0.000000
  layer=1 head=1
      draw 100/800  L_train=0.000000 (w*=0.000000)  phi_std=0.000000
      draw 200/800  L_train=0.000000 (w*=0.000000)  phi_std=0.000000
      draw 300/800  L_train=0.000000 (w*=0.000000)  phi_std=0.000000
      draw 400/800  L_train=0.000000 (w*=0.000000)  phi_std=0.000000
      draw 500/800  L_train=0.000000 (w*=0.000000)  phi_std=0.000000
      draw 600/800  L_train=0.000000 (w*=0.000000)  phi_std=0.000000
      draw 700/800  L_train=0.000000 (w*=0.000000)  phi_std=0.000000
      draw 800/800  L_train=0.000000 (w*=0.000000)  phi_std=0.000000
    chi[1,1]: mean=0.00e+00  std=0.00e+00  L_train mean=0.000000  L_train std=0.000000  L_train(w*)=0.000000
  layer=1 head=2
      draw 100/800  L_train=0.000000 (w*=0.000000)  phi_std=0.000000
      draw 200/800  L_train=0.000000 (w*=0.000000)  phi_std=0.000000
      draw 300/800  L_train=0.000000 (w*=0.000000)  phi_std=0.000000
      draw 400/800  L_train=0.000000 (w*=0.000000)  phi_std=0.000000
      draw 500/800  L_train=0.000000 (w*=0.000000)  phi_std=0.000000
      draw 600/800  L_train=0.000000 (w*=0.000000)  phi_std=0.000000
      draw 700/800  L_train=0.000000 (w*=0.000000)  phi_std=0.000000
      draw 800/800  L_train=0.000000 (w*=0.000000)  phi_std=0.000000
    chi[1,2]: mean=0.00e+00  std=0.00e+00  L_train mean=0.000000  L_train std=0.000000  L_train(w*)=0.000000
  layer=1 head=3
      draw 100/800  L_train=0.000000 (w*=0.000000)  phi_std=0.000000
      draw 200/800  L_train=0.000000 (w*=0.000000)  phi_std=0.000000
      draw 300/800  L_train=0.000000 (w*=0.000000)  phi_std=0.000000
      draw 400/800  L_train=0.000000 (w*=0.000000)  phi_std=0.000000
      draw 500/800  L_train=0.000000 (w*=0.000000)  phi_std=0.000000
      draw 600/800  L_train=0.000000 (w*=0.000000)  phi_std=0.000000
      draw 700/800  L_train=0.000000 (w*=0.000000)  phi_std=0.000000
      draw 800/800  L_train=0.000000 (w*=0.000000)  phi_std=0.000000
    chi[1,3]: mean=0.00e+00  std=0.00e+00  L_train mean=0.000000  L_train std=0.000000  L_train(w*)=0.000000
  layer=2 head=0
      draw 100/800  L_train=0.000000 (w*=0.000000)  phi_std=0.000000
      draw 200/800  L_train=0.000000 (w*=0.000000)  phi_std=0.000000
      draw 300/800  L_train=0.000000 (w*=0.000000)  phi_std=0.000000
      draw 400/800  L_train=0.000000 (w*=0.000000)  phi_std=0.000000
      draw 500/800  L_train=0.000000 (w*=0.000000)  phi_std=0.000000
      draw 600/800  L_train=0.000000 (w*=0.000000)  phi_std=0.000000
      draw 700/800  L_train=0.000000 (w*=0.000000)  phi_std=0.000000
      draw 800/800  L_train=0.000000 (w*=0.000000)  phi_std=0.000000
    chi[2,0]: mean=0.00e+00  std=0.00e+00  L_train mean=0.000000  L_train std=0.000000  L_train(w*)=0.000000
  layer=2 head=1
      draw 100/800  L_train=0.000000 (w*=0.000000)  phi_std=0.000000
      draw 200/800  L_train=0.000000 (w*=0.000000)  phi_std=0.000000
      draw 300/800  L_train=0.000000 (w*=0.000000)  phi_std=0.000000
      draw 400/800  L_train=0.000000 (w*=0.000000)  phi_std=0.000000
      draw 500/800  L_train=0.000000 (w*=0.000000)  phi_std=0.000000
      draw 600/800  L_train=0.000000 (w*=0.000000)  phi_std=0.000000
      draw 700/800  L_train=0.000000 (w*=0.000000)  phi_std=0.000000
      draw 800/800  L_train=0.000000 (w*=0.000000)  phi_std=0.000000
    chi[2,1]: mean=0.00e+00  std=0.00e+00  L_train mean=0.000000  L_train std=0.000000  L_train(w*)=0.000000
  layer=2 head=2
      draw 100/800  L_train=0.000000 (w*=0.000000)  phi_std=0.000000
      draw 200/800  L_train=0.000000 (w*=0.000000)  phi_std=0.000000
      draw 300/800  L_train=0.000000 (w*=0.000000)  phi_std=0.000000
      draw 400/800  L_train=0.000000 (w*=0.000000)  phi_std=0.000000
      draw 500/800  L_train=0.000000 (w*=0.000000)  phi_std=0.000000
      draw 600/800  L_train=0.000000 (w*=0.000000)  phi_std=0.000000
      draw 700/800  L_train=0.000000 (w*=0.000000)  phi_std=0.000000
      draw 800/800  L_train=0.000000 (w*=0.000000)  phi_std=0.000000
    chi[2,2]: mean=0.00e+00  std=0.00e+00  L_train mean=0.000000  L_train std=0.000000  L_train(w*)=0.000000
  layer=2 head=3
      draw 100/800  L_train=0.000000 (w*=0.000000)  phi_std=0.000000
      draw 200/800  L_train=0.000000 (w*=0.000000)  phi_std=0.000000
      draw 300/800  L_train=0.000000 (w*=0.000000)  phi_std=0.000000
      draw 400/800  L_train=0.000000 (w*=0.000000)  phi_std=0.000000
      draw 500/800  L_train=0.000000 (w*=0.000000)  phi_std=0.000000
      draw 600/800  L_train=0.000000 (w*=0.000000)  phi_std=0.000000
      draw 700/800  L_train=0.000000 (w*=0.000000)  phi_std=0.000000
      draw 800/800  L_train=0.000000 (w*=0.000000)  phi_std=0.000000
    chi[2,3]: mean=0.00e+00  std=0.00e+00  L_train mean=0.000000  L_train std=0.000000  L_train(w*)=0.000000
  Saved /root/id-predict-ood/cptsusceptibility/results/2e8fd53c_cpt.npy  shape=(3, 4, 200)

[5/25] model 31c462fc
  layer=0 head=0
      draw 100/800  L_train=0.000005 (w*=0.000041)  phi_std=0.000043
      draw 200/800  L_train=0.001362 (w*=0.000041)  phi_std=0.000149
      draw 300/800  L_train=0.000008 (w*=0.000041)  phi_std=0.000303
      draw 400/800  L_train=0.016927 (w*=0.000041)  phi_std=0.002326
      draw 500/800  L_train=0.008920 (w*=0.000041)  phi_std=0.003774
      draw 600/800  L_train=0.000008 (w*=0.000041)  phi_std=0.004289
      draw 700/800  L_train=0.000047 (w*=0.000041)  phi_std=0.004067
      draw 800/800  L_train=0.000004 (w*=0.000041)  phi_std=0.003870
    chi[0,0]: mean=-1.81e-04  std=4.45e-04  L_train mean=0.001973  L_train std=0.003870  L_train(w*)=0.000041
  layer=0 head=1
      draw 100/800  L_train=0.002394 (w*=0.000041)  phi_std=0.000760
      draw 200/800  L_train=0.001871 (w*=0.000041)  phi_std=0.001302
      draw 300/800  L_train=0.000562 (w*=0.000041)  phi_std=0.001802
      draw 400/800  L_train=0.000144 (w*=0.000041)  phi_std=0.001693
      draw 500/800  L_train=0.000012 (w*=0.000041)  phi_std=0.001587
      draw 600/800  L_train=0.000005 (w*=0.000041)  phi_std=0.001498
      draw 700/800  L_train=0.000025 (w*=0.000041)  phi_std=0.001427
      draw 800/800  L_train=0.000006 (w*=0.000041)  phi_std=0.001363
    chi[0,1]: mean=-4.73e-05  std=1.37e-04  L_train mean=0.000749  L_train std=0.001363  L_train(w*)=0.000041
  layer=0 head=2
      draw 100/800  L_train=0.000005 (w*=0.000041)  phi_std=0.000013
      draw 200/800  L_train=0.000024 (w*=0.000041)  phi_std=0.000010
      draw 300/800  L_train=0.000005 (w*=0.000041)  phi_std=0.000012
      draw 400/800  L_train=0.000253 (w*=0.000041)  phi_std=0.000023
      draw 500/800  L_train=0.000031 (w*=0.000041)  phi_std=0.000028
      draw 600/800  L_train=0.000005 (w*=0.000041)  phi_std=0.000028
      draw 700/800  L_train=0.003430 (w*=0.000041)  phi_std=0.002421
      draw 800/800  L_train=0.000035 (w*=0.000041)  phi_std=0.002373
    chi[0,2]: mean=-9.99e-05  std=2.00e-04  L_train mean=0.000859  L_train std=0.002373  L_train(w*)=0.000041
  layer=0 head=3
      draw 100/800  L_train=0.000020 (w*=0.000041)  phi_std=0.000007
      draw 200/800  L_train=0.000170 (w*=0.000041)  phi_std=0.000062
      draw 300/800  L_train=0.000008 (w*=0.000041)  phi_std=0.000213
      draw 400/800  L_train=0.000189 (w*=0.000041)  phi_std=0.000228
      draw 500/800  L_train=0.000244 (w*=0.000041)  phi_std=0.000463
      draw 600/800  L_train=0.000005 (w*=0.000041)  phi_std=0.000445
      draw 700/800  L_train=0.000006 (w*=0.000041)  phi_std=0.000586
      draw 800/800  L_train=0.000008 (w*=0.000041)  phi_std=0.000554
    chi[0,3]: mean=-2.09e-05  std=3.73e-05  L_train mean=0.000233  L_train std=0.000554  L_train(w*)=0.000041
  layer=1 head=0
      draw 100/800  L_train=0.000008 (w*=0.000041)  phi_std=0.000435
      draw 200/800  L_train=0.000327 (w*=0.000041)  phi_std=0.000528
      draw 300/800  L_train=0.000432 (w*=0.000041)  phi_std=0.004872
      draw 400/800  L_train=0.000784 (w*=0.000041)  phi_std=0.005162
      draw 500/800  L_train=0.020950 (w*=0.000041)  phi_std=0.005363
      draw 600/800  L_train=0.015995 (w*=0.000041)  phi_std=0.006893
      draw 700/800  L_train=0.000041 (w*=0.000041)  phi_std=0.006922
      draw 800/800  L_train=0.000019 (w*=0.000041)  phi_std=0.006674
    chi[1,0]: mean=2.24e-03  std=3.76e-03  L_train mean=0.005932  L_train std=0.006674  L_train(w*)=0.000041
  layer=1 head=1
      draw 100/800  L_train=0.000012 (w*=0.000041)  phi_std=0.003717
      draw 200/800  L_train=0.000006 (w*=0.000041)  phi_std=0.003377
      draw 300/800  L_train=0.000068 (w*=0.000041)  phi_std=0.003027
      draw 400/800  L_train=0.002005 (w*=0.000041)  phi_std=0.002714
      draw 500/800  L_train=0.000018 (w*=0.000041)  phi_std=0.003218
      draw 600/800  L_train=0.000004 (w*=0.000041)  phi_std=0.003012
      draw 700/800  L_train=0.000005 (w*=0.000041)  phi_std=0.002885
      draw 800/800  L_train=0.000067 (w*=0.000041)  phi_std=0.002738
    chi[1,1]: mean=1.62e-04  std=1.03e-03  L_train mean=0.001282  L_train std=0.002738  L_train(w*)=0.000041
  layer=1 head=2
      draw 100/800  L_train=0.002408 (w*=0.000041)  phi_std=0.004718
      draw 200/800  L_train=0.002409 (w*=0.000041)  phi_std=0.006437
      draw 300/800  L_train=0.006905 (w*=0.000041)  phi_std=0.006824
      draw 400/800  L_train=0.006290 (w*=0.000041)  phi_std=0.006617
      draw 500/800  L_train=0.000004 (w*=0.000041)  phi_std=0.006889
      draw 600/800  L_train=0.003306 (w*=0.000041)  phi_std=0.007059
      draw 700/800  L_train=0.000014 (w*=0.000041)  phi_std=0.007187
      draw 800/800  L_train=0.010283 (w*=0.000041)  phi_std=0.007066
    chi[1,2]: mean=2.22e-03  std=3.93e-03  L_train mean=0.007123  L_train std=0.007066  L_train(w*)=0.000041
  layer=1 head=3
      draw 100/800  L_train=0.000956 (w*=0.000041)  phi_std=0.000806
      draw 200/800  L_train=0.000005 (w*=0.000041)  phi_std=0.000628
      draw 300/800  L_train=0.000005 (w*=0.000041)  phi_std=0.001185
      draw 400/800  L_train=0.000006 (w*=0.000041)  phi_std=0.001081
      draw 500/800  L_train=0.000029 (w*=0.000041)  phi_std=0.000976
      draw 600/800  L_train=0.000004 (w*=0.000041)  phi_std=0.000897
      draw 700/800  L_train=0.000135 (w*=0.000041)  phi_std=0.000835
      draw 800/800  L_train=0.000022 (w*=0.000041)  phi_std=0.000796
    chi[1,3]: mean=-9.12e-05  std=2.09e-04  L_train mean=0.000217  L_train std=0.000796  L_train(w*)=0.000041
  layer=2 head=0
      draw 100/800  L_train=0.000032 (w*=0.000041)  phi_std=0.000023
      draw 200/800  L_train=0.000039 (w*=0.000041)  phi_std=0.000025
      draw 300/800  L_train=0.000039 (w*=0.000041)  phi_std=0.000024
      draw 400/800  L_train=0.000022 (w*=0.000041)  phi_std=0.000024
      draw 500/800  L_train=0.000078 (w*=0.000041)  phi_std=0.000023
      draw 600/800  L_train=0.000021 (w*=0.000041)  phi_std=0.000027
      draw 700/800  L_train=0.000050 (w*=0.000041)  phi_std=0.000026
      draw 800/800  L_train=0.000092 (w*=0.000041)  phi_std=0.000025
    chi[2,0]: mean=1.51e-06  std=1.70e-06  L_train mean=0.000049  L_train std=0.000025  L_train(w*)=0.000041
  layer=2 head=1
      draw 100/800  L_train=0.000026 (w*=0.000041)  phi_std=0.000011
      draw 200/800  L_train=0.000058 (w*=0.000041)  phi_std=0.000009
      draw 300/800  L_train=0.000051 (w*=0.000041)  phi_std=0.000018
      draw 400/800  L_train=0.000018 (w*=0.000041)  phi_std=0.000016
      draw 500/800  L_train=0.000029 (w*=0.000041)  phi_std=0.000015
      draw 600/800  L_train=0.000019 (w*=0.000041)  phi_std=0.000015
      draw 700/800  L_train=0.000078 (w*=0.000041)  phi_std=0.000015
      draw 800/800  L_train=0.000039 (w*=0.000041)  phi_std=0.000018
    chi[2,1]: mean=8.93e-07  std=1.09e-06  L_train mean=0.000038  L_train std=0.000018  L_train(w*)=0.000041
  layer=2 head=2
      draw 100/800  L_train=0.000046 (w*=0.000041)  phi_std=0.000013
      draw 200/800  L_train=0.000042 (w*=0.000041)  phi_std=0.000013
      draw 300/800  L_train=0.000080 (w*=0.000041)  phi_std=0.000014
      draw 400/800  L_train=0.000046 (w*=0.000041)  phi_std=0.000014
      draw 500/800  L_train=0.000035 (w*=0.000041)  phi_std=0.000013
      draw 600/800  L_train=0.000027 (w*=0.000041)  phi_std=0.000016
      draw 700/800  L_train=0.000012 (w*=0.000041)  phi_std=0.000017
      draw 800/800  L_train=0.000087 (w*=0.000041)  phi_std=0.000018
    chi[2,2]: mean=1.09e-06  std=1.31e-06  L_train mean=0.000041  L_train std=0.000018  L_train(w*)=0.000041
  layer=2 head=3
      draw 100/800  L_train=0.000044 (w*=0.000041)  phi_std=0.000008
      draw 200/800  L_train=0.000083 (w*=0.000041)  phi_std=0.000013
      draw 300/800  L_train=0.000044 (w*=0.000041)  phi_std=0.000025
      draw 400/800  L_train=0.000041 (w*=0.000041)  phi_std=0.000022
      draw 500/800  L_train=0.000090 (w*=0.000041)  phi_std=0.000022
      draw 600/800  L_train=0.000033 (w*=0.000041)  phi_std=0.000023
      draw 700/800  L_train=0.000057 (w*=0.000041)  phi_std=0.000022
      draw 800/800  L_train=0.000050 (w*=0.000041)  phi_std=0.000021
    chi[2,3]: mean=1.42e-06  std=1.55e-06  L_train mean=0.000050  L_train std=0.000021  L_train(w*)=0.000041
  Saved /root/id-predict-ood/cptsusceptibility/results/31c462fc_cpt.npy  shape=(3, 4, 200)

[6/25] model 45648c24
  layer=0 head=0
      draw 100/800  L_train=0.000000 (w*=0.000000)  phi_std=0.000000
      draw 200/800  L_train=0.000000 (w*=0.000000)  phi_std=0.000000
      draw 300/800  L_train=0.000000 (w*=0.000000)  phi_std=0.000000
      draw 400/800  L_train=0.000000 (w*=0.000000)  phi_std=0.000000
      draw 500/800  L_train=0.000000 (w*=0.000000)  phi_std=0.000000
      draw 600/800  L_train=0.000000 (w*=0.000000)  phi_std=0.000000
      draw 700/800  L_train=0.000000 (w*=0.000000)  phi_std=0.000000
      draw 800/800  L_train=0.000000 (w*=0.000000)  phi_std=0.000000
    chi[0,0]: mean=0.00e+00  std=0.00e+00  L_train mean=0.000000  L_train std=0.000000  L_train(w*)=0.000000
  layer=0 head=1
      draw 100/800  L_train=0.000000 (w*=0.000000)  phi_std=0.000000
      draw 200/800  L_train=0.000000 (w*=0.000000)  phi_std=0.000000
      draw 300/800  L_train=0.000000 (w*=0.000000)  phi_std=0.000000
      draw 400/800  L_train=0.000000 (w*=0.000000)  phi_std=0.000000
      draw 500/800  L_train=0.000000 (w*=0.000000)  phi_std=0.000000
      draw 600/800  L_train=0.000000 (w*=0.000000)  phi_std=0.000000
      draw 700/800  L_train=0.000000 (w*=0.000000)  phi_std=0.000000
      draw 800/800  L_train=0.000000 (w*=0.000000)  phi_std=0.000000
    chi[0,1]: mean=0.00e+00  std=0.00e+00  L_train mean=0.000000  L_train std=0.000000  L_train(w*)=0.000000
  layer=0 head=2
      draw 100/800  L_train=0.000000 (w*=0.000000)  phi_std=0.000000
      draw 200/800  L_train=0.000000 (w*=0.000000)  phi_std=0.000000
      draw 300/800  L_train=0.000000 (w*=0.000000)  phi_std=0.000000
      draw 400/800  L_train=0.000000 (w*=0.000000)  phi_std=0.000000
      draw 500/800  L_train=0.000000 (w*=0.000000)  phi_std=0.000000
      draw 600/800  L_train=0.000000 (w*=0.000000)  phi_std=0.000000
      draw 700/800  L_train=0.000000 (w*=0.000000)  phi_std=0.000000
      draw 800/800  L_train=0.000000 (w*=0.000000)  phi_std=0.000000
    chi[0,2]: mean=0.00e+00  std=0.00e+00  L_train mean=0.000000  L_train std=0.000000  L_train(w*)=0.000000
  layer=0 head=3
      draw 100/800  L_train=0.000000 (w*=0.000000)  phi_std=0.000000
      draw 200/800  L_train=0.000000 (w*=0.000000)  phi_std=0.000000
      draw 300/800  L_train=0.000000 (w*=0.000000)  phi_std=0.000000
      draw 400/800  L_train=0.000000 (w*=0.000000)  phi_std=0.000000
      draw 500/800  L_train=0.000000 (w*=0.000000)  phi_std=0.000000
      draw 600/800  L_train=0.000000 (w*=0.000000)  phi_std=0.000000
      draw 700/800  L_train=0.000000 (w*=0.000000)  phi_std=0.000000
      draw 800/800  L_train=0.000000 (w*=0.000000)  phi_std=0.000000
    chi[0,3]: mean=0.00e+00  std=0.00e+00  L_train mean=0.000000  L_train std=0.000000  L_train(w*)=0.000000
  layer=1 head=0
      draw 100/800  L_train=0.000000 (w*=0.000000)  phi_std=0.000000
      draw 200/800  L_train=0.000000 (w*=0.000000)  phi_std=0.000000
      draw 300/800  L_train=0.000000 (w*=0.000000)  phi_std=0.000000
      draw 400/800  L_train=0.000000 (w*=0.000000)  phi_std=0.000000
      draw 500/800  L_train=0.000000 (w*=0.000000)  phi_std=0.000000
      draw 600/800  L_train=0.000000 (w*=0.000000)  phi_std=0.000000
      draw 700/800  L_train=0.000000 (w*=0.000000)  phi_std=0.000000
      draw 800/800  L_train=0.000000 (w*=0.000000)  phi_std=0.000000
    chi[1,0]: mean=0.00e+00  std=0.00e+00  L_train mean=0.000000  L_train std=0.000000  L_train(w*)=0.000000
  layer=1 head=1
      draw 100/800  L_train=0.000000 (w*=0.000000)  phi_std=0.000000
      draw 200/800  L_train=0.000000 (w*=0.000000)  phi_std=0.000000
      draw 300/800  L_train=0.000000 (w*=0.000000)  phi_std=0.000000
      draw 400/800  L_train=0.000000 (w*=0.000000)  phi_std=0.000000
      draw 500/800  L_train=0.000000 (w*=0.000000)  phi_std=0.000000
      draw 600/800  L_train=0.000000 (w*=0.000000)  phi_std=0.000000
      draw 700/800  L_train=0.000000 (w*=0.000000)  phi_std=0.000000
      draw 800/800  L_train=0.000000 (w*=0.000000)  phi_std=0.000000
    chi[1,1]: mean=3.51e-10  std=3.06e-10  L_train mean=0.000000  L_train std=0.000000  L_train(w*)=0.000000
  layer=1 head=2
      draw 100/800  L_train=0.000000 (w*=0.000000)  phi_std=0.000000
      draw 200/800  L_train=0.000000 (w*=0.000000)  phi_std=0.000000
      draw 300/800  L_train=0.000000 (w*=0.000000)  phi_std=0.000000
      draw 400/800  L_train=0.000000 (w*=0.000000)  phi_std=0.000000
      draw 500/800  L_train=0.000000 (w*=0.000000)  phi_std=0.000000
      draw 600/800  L_train=0.000000 (w*=0.000000)  phi_std=0.000000
      draw 700/800  L_train=0.000000 (w*=0.000000)  phi_std=0.000000
      draw 800/800  L_train=0.000000 (w*=0.000000)  phi_std=0.000000
    chi[1,2]: mean=0.00e+00  std=0.00e+00  L_train mean=0.000000  L_train std=0.000000  L_train(w*)=0.000000
  layer=1 head=3
      draw 100/800  L_train=0.000000 (w*=0.000000)  phi_std=0.000000
      draw 200/800  L_train=0.000000 (w*=0.000000)  phi_std=0.000000
      draw 300/800  L_train=0.000000 (w*=0.000000)  phi_std=0.000000
      draw 400/800  L_train=0.000000 (w*=0.000000)  phi_std=0.000000
      draw 500/800  L_train=0.000000 (w*=0.000000)  phi_std=0.000000
      draw 600/800  L_train=0.000000 (w*=0.000000)  phi_std=0.000000
      draw 700/800  L_train=0.000000 (w*=0.000000)  phi_std=0.000000
      draw 800/800  L_train=0.000000 (w*=0.000000)  phi_std=0.000000
    chi[1,3]: mean=0.00e+00  std=0.00e+00  L_train mean=0.000000  L_train std=0.000000  L_train(w*)=0.000000
  layer=2 head=0
      draw 100/800  L_train=0.000000 (w*=0.000000)  phi_std=0.000000
      draw 200/800  L_train=0.000000 (w*=0.000000)  phi_std=0.000000
      draw 300/800  L_train=0.000000 (w*=0.000000)  phi_std=0.000000
      draw 400/800  L_train=0.000000 (w*=0.000000)  phi_std=0.000000
      draw 500/800  L_train=0.000000 (w*=0.000000)  phi_std=0.000000
      draw 600/800  L_train=0.000000 (w*=0.000000)  phi_std=0.000000
      draw 700/800  L_train=0.000000 (w*=0.000000)  phi_std=0.000000
      draw 800/800  L_train=0.000000 (w*=0.000000)  phi_std=0.000000
    chi[2,0]: mean=0.00e+00  std=0.00e+00  L_train mean=0.000000  L_train std=0.000000  L_train(w*)=0.000000
  layer=2 head=1
      draw 100/800  L_train=0.000000 (w*=0.000000)  phi_std=0.000000
      draw 200/800  L_train=0.000000 (w*=0.000000)  phi_std=0.000000
      draw 300/800  L_train=0.000000 (w*=0.000000)  phi_std=0.000000
      draw 400/800  L_train=0.000000 (w*=0.000000)  phi_std=0.000000
      draw 500/800  L_train=0.000000 (w*=0.000000)  phi_std=0.000000
      draw 600/800  L_train=0.000000 (w*=0.000000)  phi_std=0.000000
      draw 700/800  L_train=0.000000 (w*=0.000000)  phi_std=0.000000
      draw 800/800  L_train=0.000000 (w*=0.000000)  phi_std=0.000000
    chi[2,1]: mean=0.00e+00  std=0.00e+00  L_train mean=0.000000  L_train std=0.000000  L_train(w*)=0.000000
  layer=2 head=2
      draw 100/800  L_train=0.000000 (w*=0.000000)  phi_std=0.000000
      draw 200/800  L_train=0.000000 (w*=0.000000)  phi_std=0.000000
      draw 300/800  L_train=0.000000 (w*=0.000000)  phi_std=0.000000
      draw 400/800  L_train=0.000000 (w*=0.000000)  phi_std=0.000000
      draw 500/800  L_train=0.000000 (w*=0.000000)  phi_std=0.000000
      draw 600/800  L_train=0.000000 (w*=0.000000)  phi_std=0.000000
      draw 700/800  L_train=0.000000 (w*=0.000000)  phi_std=0.000000
      draw 800/800  L_train=0.000000 (w*=0.000000)  phi_std=0.000000
    chi[2,2]: mean=0.00e+00  std=0.00e+00  L_train mean=0.000000  L_train std=0.000000  L_train(w*)=0.000000
  layer=2 head=3
      draw 100/800  L_train=0.000000 (w*=0.000000)  phi_std=0.000000
      draw 200/800  L_train=0.000000 (w*=0.000000)  phi_std=0.000000
      draw 300/800  L_train=0.000000 (w*=0.000000)  phi_std=0.000000
      draw 400/800  L_train=0.000000 (w*=0.000000)  phi_std=0.000000
      draw 500/800  L_train=0.000000 (w*=0.000000)  phi_std=0.000000
      draw 600/800  L_train=0.000000 (w*=0.000000)  phi_std=0.000000
      draw 700/800  L_train=0.000000 (w*=0.000000)  phi_std=0.000000
      draw 800/800  L_train=0.000000 (w*=0.000000)  phi_std=0.000000
    chi[2,3]: mean=0.00e+00  std=0.00e+00  L_train mean=0.000000  L_train std=0.000000  L_train(w*)=0.000000
  Saved /root/id-predict-ood/cptsusceptibility/results/45648c24_cpt.npy  shape=(3, 4, 200)

[7/25] model 4b4daef6
  layer=0 head=0
      draw 100/800  L_train=0.000000 (w*=0.000000)  phi_std=0.000000
      draw 200/800  L_train=0.000000 (w*=0.000000)  phi_std=0.000000
      draw 300/800  L_train=0.000000 (w*=0.000000)  phi_std=0.000000
      draw 400/800  L_train=0.000000 (w*=0.000000)  phi_std=0.000000
      draw 500/800  L_train=0.000000 (w*=0.000000)  phi_std=0.000000
      draw 600/800  L_train=0.000000 (w*=0.000000)  phi_std=0.000000
      draw 700/800  L_train=0.000000 (w*=0.000000)  phi_std=0.000000
      draw 800/800  L_train=0.000000 (w*=0.000000)  phi_std=0.000000
    chi[0,0]: mean=0.00e+00  std=0.00e+00  L_train mean=0.000000  L_train std=0.000000  L_train(w*)=0.000000
  layer=0 head=1
      draw 100/800  L_train=0.000000 (w*=0.000000)  phi_std=0.000000
      draw 200/800  L_train=0.000000 (w*=0.000000)  phi_std=0.000000
      draw 300/800  L_train=0.000000 (w*=0.000000)  phi_std=0.000000
      draw 400/800  L_train=0.000000 (w*=0.000000)  phi_std=0.000000
      draw 500/800  L_train=0.000000 (w*=0.000000)  phi_std=0.000000
      draw 600/800  L_train=0.000000 (w*=0.000000)  phi_std=0.000000
      draw 700/800  L_train=0.000000 (w*=0.000000)  phi_std=0.000000
      draw 800/800  L_train=0.000000 (w*=0.000000)  phi_std=0.000000
    chi[0,1]: mean=0.00e+00  std=0.00e+00  L_train mean=0.000000  L_train std=0.000000  L_train(w*)=0.000000
  layer=0 head=2
      draw 100/800  L_train=0.000000 (w*=0.000000)  phi_std=0.000000
      draw 200/800  L_train=0.000000 (w*=0.000000)  phi_std=0.000000
      draw 300/800  L_train=0.000000 (w*=0.000000)  phi_std=0.000000
      draw 400/800  L_train=0.000000 (w*=0.000000)  phi_std=0.000000
      draw 500/800  L_train=0.000000 (w*=0.000000)  phi_std=0.000000
      draw 600/800  L_train=0.000000 (w*=0.000000)  phi_std=0.000000
      draw 700/800  L_train=0.000000 (w*=0.000000)  phi_std=0.000000
      draw 800/800  L_train=0.000000 (w*=0.000000)  phi_std=0.000000
    chi[0,2]: mean=0.00e+00  std=0.00e+00  L_train mean=0.000000  L_train std=0.000000  L_train(w*)=0.000000
  layer=0 head=3
      draw 100/800  L_train=0.000000 (w*=0.000000)  phi_std=0.000000
      draw 200/800  L_train=0.000000 (w*=0.000000)  phi_std=0.000000
      draw 300/800  L_train=0.000000 (w*=0.000000)  phi_std=0.000000
      draw 400/800  L_train=0.000000 (w*=0.000000)  phi_std=0.000000
      draw 500/800  L_train=0.000000 (w*=0.000000)  phi_std=0.000000
      draw 600/800  L_train=0.000000 (w*=0.000000)  phi_std=0.000000
      draw 700/800  L_train=0.000000 (w*=0.000000)  phi_std=0.000000
      draw 800/800  L_train=0.000000 (w*=0.000000)  phi_std=0.000000
    chi[0,3]: mean=0.00e+00  std=0.00e+00  L_train mean=0.000000  L_train std=0.000000  L_train(w*)=0.000000
  layer=1 head=0
      draw 100/800  L_train=0.000000 (w*=0.000000)  phi_std=0.000000
      draw 200/800  L_train=0.000000 (w*=0.000000)  phi_std=0.000000
      draw 300/800  L_train=0.000000 (w*=0.000000)  phi_std=0.000000
      draw 400/800  L_train=0.000000 (w*=0.000000)  phi_std=0.000000
      draw 500/800  L_train=0.000000 (w*=0.000000)  phi_std=0.000000
      draw 600/800  L_train=0.000000 (w*=0.000000)  phi_std=0.000000
      draw 700/800  L_train=0.000000 (w*=0.000000)  phi_std=0.000000
      draw 800/800  L_train=0.000000 (w*=0.000000)  phi_std=0.000000
    chi[1,0]: mean=0.00e+00  std=0.00e+00  L_train mean=0.000000  L_train std=0.000000  L_train(w*)=0.000000
  layer=1 head=1
      draw 100/800  L_train=0.000000 (w*=0.000000)  phi_std=0.000000
      draw 200/800  L_train=0.000000 (w*=0.000000)  phi_std=0.000000
      draw 300/800  L_train=0.000000 (w*=0.000000)  phi_std=0.000000
      draw 400/800  L_train=0.000000 (w*=0.000000)  phi_std=0.000000
      draw 500/800  L_train=0.000000 (w*=0.000000)  phi_std=0.000000
      draw 600/800  L_train=0.000000 (w*=0.000000)  phi_std=0.000000
      draw 700/800  L_train=0.000000 (w*=0.000000)  phi_std=0.000000
      draw 800/800  L_train=0.000000 (w*=0.000000)  phi_std=0.000000
    chi[1,1]: mean=0.00e+00  std=0.00e+00  L_train mean=0.000000  L_train std=0.000000  L_train(w*)=0.000000
  layer=1 head=2
      draw 100/800  L_train=0.000000 (w*=0.000000)  phi_std=0.000000
      draw 200/800  L_train=0.000000 (w*=0.000000)  phi_std=0.000000
      draw 300/800  L_train=0.000000 (w*=0.000000)  phi_std=0.000000
      draw 400/800  L_train=0.000000 (w*=0.000000)  phi_std=0.000000
      draw 500/800  L_train=0.000000 (w*=0.000000)  phi_std=0.000000
      draw 600/800  L_train=0.000000 (w*=0.000000)  phi_std=0.000000
      draw 700/800  L_train=0.000000 (w*=0.000000)  phi_std=0.000000
      draw 800/800  L_train=0.000000 (w*=0.000000)  phi_std=0.000000
    chi[1,2]: mean=0.00e+00  std=0.00e+00  L_train mean=0.000000  L_train std=0.000000  L_train(w*)=0.000000
  layer=1 head=3
      draw 100/800  L_train=0.000000 (w*=0.000000)  phi_std=0.000000
      draw 200/800  L_train=0.000000 (w*=0.000000)  phi_std=0.000000
      draw 300/800  L_train=0.000000 (w*=0.000000)  phi_std=0.000000
      draw 400/800  L_train=0.000000 (w*=0.000000)  phi_std=0.000000
      draw 500/800  L_train=0.000000 (w*=0.000000)  phi_std=0.000000
      draw 600/800  L_train=0.000000 (w*=0.000000)  phi_std=0.000000
      draw 700/800  L_train=0.000000 (w*=0.000000)  phi_std=0.000000
      draw 800/800  L_train=0.000000 (w*=0.000000)  phi_std=0.000000
    chi[1,3]: mean=0.00e+00  std=0.00e+00  L_train mean=0.000000  L_train std=0.000000  L_train(w*)=0.000000
  layer=2 head=0
      draw 100/800  L_train=0.000000 (w*=0.000000)  phi_std=0.000000
      draw 200/800  L_train=0.000000 (w*=0.000000)  phi_std=0.000000
      draw 300/800  L_train=0.000000 (w*=0.000000)  phi_std=0.000000
      draw 400/800  L_train=0.000000 (w*=0.000000)  phi_std=0.000000
      draw 500/800  L_train=0.000000 (w*=0.000000)  phi_std=0.000000
      draw 600/800  L_train=0.000000 (w*=0.000000)  phi_std=0.000000
      draw 700/800  L_train=0.000000 (w*=0.000000)  phi_std=0.000000
      draw 800/800  L_train=0.000000 (w*=0.000000)  phi_std=0.000000
    chi[2,0]: mean=0.00e+00  std=0.00e+00  L_train mean=0.000000  L_train std=0.000000  L_train(w*)=0.000000
  layer=2 head=1
      draw 100/800  L_train=0.000000 (w*=0.000000)  phi_std=0.000000
      draw 200/800  L_train=0.000000 (w*=0.000000)  phi_std=0.000000
      draw 300/800  L_train=0.000000 (w*=0.000000)  phi_std=0.000000
      draw 400/800  L_train=0.000000 (w*=0.000000)  phi_std=0.000000
      draw 500/800  L_train=0.000000 (w*=0.000000)  phi_std=0.000000
      draw 600/800  L_train=0.000000 (w*=0.000000)  phi_std=0.000000
      draw 700/800  L_train=0.000000 (w*=0.000000)  phi_std=0.000000
      draw 800/800  L_train=0.000000 (w*=0.000000)  phi_std=0.000000
    chi[2,1]: mean=0.00e+00  std=0.00e+00  L_train mean=0.000000  L_train std=0.000000  L_train(w*)=0.000000
  layer=2 head=2
      draw 100/800  L_train=0.000000 (w*=0.000000)  phi_std=0.000000
      draw 200/800  L_train=0.000000 (w*=0.000000)  phi_std=0.000000
      draw 300/800  L_train=0.000000 (w*=0.000000)  phi_std=0.000000
      draw 400/800  L_train=0.000000 (w*=0.000000)  phi_std=0.000000
      draw 500/800  L_train=0.000000 (w*=0.000000)  phi_std=0.000000
      draw 600/800  L_train=0.000000 (w*=0.000000)  phi_std=0.000000
      draw 700/800  L_train=0.000000 (w*=0.000000)  phi_std=0.000000
      draw 800/800  L_train=0.000000 (w*=0.000000)  phi_std=0.000000
    chi[2,2]: mean=0.00e+00  std=0.00e+00  L_train mean=0.000000  L_train std=0.000000  L_train(w*)=0.000000
  layer=2 head=3
      draw 100/800  L_train=0.000000 (w*=0.000000)  phi_std=0.000000
      draw 200/800  L_train=0.000000 (w*=0.000000)  phi_std=0.000000
      draw 300/800  L_train=0.000000 (w*=0.000000)  phi_std=0.000000
      draw 400/800  L_train=0.000000 (w*=0.000000)  phi_std=0.000000
      draw 500/800  L_train=0.000000 (w*=0.000000)  phi_std=0.000000
      draw 600/800  L_train=0.000000 (w*=0.000000)  phi_std=0.000000
      draw 700/800  L_train=0.000000 (w*=0.000000)  phi_std=0.000000
      draw 800/800  L_train=0.000000 (w*=0.000000)  phi_std=0.000000
    chi[2,3]: mean=0.00e+00  std=0.00e+00  L_train mean=0.000000  L_train std=0.000000  L_train(w*)=0.000000
  Saved /root/id-predict-ood/cptsusceptibility/results/4b4daef6_cpt.npy  shape=(3, 4, 200)

[8/25] model 55557a85
  layer=0 head=0
      draw 100/800  L_train=0.000000 (w*=0.000000)  phi_std=0.000000
      draw 200/800  L_train=0.000000 (w*=0.000000)  phi_std=0.000000
      draw 300/800  L_train=0.000000 (w*=0.000000)  phi_std=0.000000
      draw 400/800  L_train=0.000000 (w*=0.000000)  phi_std=0.000000
      draw 500/800  L_train=0.000000 (w*=0.000000)  phi_std=0.000000
      draw 600/800  L_train=0.000000 (w*=0.000000)  phi_std=0.000000
      draw 700/800  L_train=0.000000 (w*=0.000000)  phi_std=0.000000
      draw 800/800  L_train=0.000000 (w*=0.000000)  phi_std=0.000000
    chi[0,0]: mean=-3.05e-11  std=8.31e-11  L_train mean=0.000000  L_train std=0.000000  L_train(w*)=0.000000
  layer=0 head=1
      draw 100/800  L_train=0.000000 (w*=0.000000)  phi_std=0.000000
      draw 200/800  L_train=0.000000 (w*=0.000000)  phi_std=0.000000
      draw 300/800  L_train=0.000000 (w*=0.000000)  phi_std=0.000000
      draw 400/800  L_train=0.000000 (w*=0.000000)  phi_std=0.000000
      draw 500/800  L_train=0.000000 (w*=0.000000)  phi_std=0.000000
      draw 600/800  L_train=0.000000 (w*=0.000000)  phi_std=0.000067
      draw 700/800  L_train=0.000000 (w*=0.000000)  phi_std=0.000062
      draw 800/800  L_train=0.000000 (w*=0.000000)  phi_std=0.000058
    chi[0,1]: mean=4.83e-06  std=1.12e-05  L_train mean=0.000003  L_train std=0.000058  L_train(w*)=0.000000
  layer=0 head=2
      draw 100/800  L_train=0.000000 (w*=0.000000)  phi_std=0.000011
      draw 200/800  L_train=0.000000 (w*=0.000000)  phi_std=0.000008
      draw 300/800  L_train=0.000000 (w*=0.000000)  phi_std=0.000006
      draw 400/800  L_train=0.000000 (w*=0.000000)  phi_std=0.000006
      draw 500/800  L_train=0.000000 (w*=0.000000)  phi_std=0.000005
      draw 600/800  L_train=0.000000 (w*=0.000000)  phi_std=0.000005
      draw 700/800  L_train=0.000000 (w*=0.000000)  phi_std=0.000004
      draw 800/800  L_train=0.000398 (w*=0.000000)  phi_std=0.000021
    chi[0,2]: mean=3.28e-06  std=6.49e-06  L_train mean=0.000002  L_train std=0.000021  L_train(w*)=0.000000
  layer=0 head=3
      draw 100/800  L_train=0.000000 (w*=0.000000)  phi_std=0.000000
      draw 200/800  L_train=0.000000 (w*=0.000000)  phi_std=0.000000
      draw 300/800  L_train=0.000000 (w*=0.000000)  phi_std=0.000000
      draw 400/800  L_train=0.000000 (w*=0.000000)  phi_std=0.000000
      draw 500/800  L_train=0.000000 (w*=0.000000)  phi_std=0.001097
      draw 600/800  L_train=0.000000 (w*=0.000000)  phi_std=0.001002
      draw 700/800  L_train=0.000000 (w*=0.000000)  phi_std=0.000928
      draw 800/800  L_train=0.000000 (w*=0.000000)  phi_std=0.000868
    chi[0,3]: mean=1.05e-04  std=2.23e-04  L_train mean=0.000060  L_train std=0.000868  L_train(w*)=0.000000
  layer=1 head=0
      draw 100/800  L_train=0.000000 (w*=0.000000)  phi_std=0.000000
      draw 200/800  L_train=0.000000 (w*=0.000000)  phi_std=0.000000
      draw 300/800  L_train=0.000000 (w*=0.000000)  phi_std=0.000000
      draw 400/800  L_train=0.000000 (w*=0.000000)  phi_std=0.000000
      draw 500/800  L_train=0.000000 (w*=0.000000)  phi_std=0.000000
      draw 600/800  L_train=0.000000 (w*=0.000000)  phi_std=0.000000
      draw 700/800  L_train=0.000000 (w*=0.000000)  phi_std=0.000129
      draw 800/800  L_train=0.000000 (w*=0.000000)  phi_std=0.000121
    chi[1,0]: mean=9.52e-06  std=2.09e-05  L_train mean=0.000006  L_train std=0.000121  L_train(w*)=0.000000
  layer=1 head=1
      draw 100/800  L_train=0.000000 (w*=0.000000)  phi_std=0.000000
      draw 200/800  L_train=0.000000 (w*=0.000000)  phi_std=0.000000
      draw 300/800  L_train=0.000000 (w*=0.000000)  phi_std=0.000000
      draw 400/800  L_train=0.000000 (w*=0.000000)  phi_std=0.000000
      draw 500/800  L_train=0.000000 (w*=0.000000)  phi_std=0.000000
      draw 600/800  L_train=0.000000 (w*=0.000000)  phi_std=0.000000
      draw 700/800  L_train=0.000000 (w*=0.000000)  phi_std=0.000000
      draw 800/800  L_train=0.000000 (w*=0.000000)  phi_std=0.000000
    chi[1,1]: mean=2.18e-12  std=1.92e-10  L_train mean=0.000000  L_train std=0.000000  L_train(w*)=0.000000
  layer=1 head=2
      draw 100/800  L_train=0.000000 (w*=0.000000)  phi_std=0.000000
      draw 200/800  L_train=0.000000 (w*=0.000000)  phi_std=0.000000
      draw 300/800  L_train=0.000000 (w*=0.000000)  phi_std=0.000000
      draw 400/800  L_train=0.000000 (w*=0.000000)  phi_std=0.001700
      draw 500/800  L_train=0.000000 (w*=0.000000)  phi_std=0.001524
      draw 600/800  L_train=0.000000 (w*=0.000000)  phi_std=0.001394
      draw 700/800  L_train=0.000000 (w*=0.000000)  phi_std=0.001292
      draw 800/800  L_train=0.000000 (w*=0.000000)  phi_std=0.001210
    chi[1,2]: mean=3.27e-04  std=5.99e-04  L_train mean=0.000134  L_train std=0.001210  L_train(w*)=0.000000
  layer=1 head=3
      draw 100/800  L_train=0.000000 (w*=0.000000)  phi_std=0.000002
      draw 200/800  L_train=0.000000 (w*=0.000000)  phi_std=0.000002
      draw 300/800  L_train=0.000000 (w*=0.000000)  phi_std=0.000001
      draw 400/800  L_train=0.000000 (w*=0.000000)  phi_std=0.000011
      draw 500/800  L_train=0.000000 (w*=0.000000)  phi_std=0.000010
      draw 600/800  L_train=0.000000 (w*=0.000000)  phi_std=0.000009
      draw 700/800  L_train=0.000000 (w*=0.000000)  phi_std=0.000009
      draw 800/800  L_train=0.000000 (w*=0.000000)  phi_std=0.000008
    chi[1,3]: mean=5.27e-07  std=1.31e-06  L_train mean=0.000000  L_train std=0.000008  L_train(w*)=0.000000
  layer=2 head=0
      draw 100/800  L_train=0.000000 (w*=0.000000)  phi_std=0.000000
      draw 200/800  L_train=0.000000 (w*=0.000000)  phi_std=0.000000
      draw 300/800  L_train=0.000000 (w*=0.000000)  phi_std=0.000000
      draw 400/800  L_train=0.000000 (w*=0.000000)  phi_std=0.000000
      draw 500/800  L_train=0.000000 (w*=0.000000)  phi_std=0.000000
      draw 600/800  L_train=0.000000 (w*=0.000000)  phi_std=0.000000
      draw 700/800  L_train=0.000000 (w*=0.000000)  phi_std=0.000000
      draw 800/800  L_train=0.000000 (w*=0.000000)  phi_std=0.000000
    chi[2,0]: mean=9.62e-12  std=2.38e-11  L_train mean=0.000000  L_train std=0.000000  L_train(w*)=0.000000
  layer=2 head=1
      draw 100/800  L_train=0.000000 (w*=0.000000)  phi_std=0.000000
      draw 200/800  L_train=0.000000 (w*=0.000000)  phi_std=0.000000
      draw 300/800  L_train=0.000000 (w*=0.000000)  phi_std=0.000000
      draw 400/800  L_train=0.000000 (w*=0.000000)  phi_std=0.000000
      draw 500/800  L_train=0.000000 (w*=0.000000)  phi_std=0.000000
      draw 600/800  L_train=0.000000 (w*=0.000000)  phi_std=0.000000
      draw 700/800  L_train=0.000000 (w*=0.000000)  phi_std=0.000000
      draw 800/800  L_train=0.000000 (w*=0.000000)  phi_std=0.000000
    chi[2,1]: mean=-1.80e-11  std=5.22e-11  L_train mean=0.000000  L_train std=0.000000  L_train(w*)=0.000000
  layer=2 head=2
      draw 100/800  L_train=0.000000 (w*=0.000000)  phi_std=0.000000
      draw 200/800  L_train=0.000000 (w*=0.000000)  phi_std=0.000000
      draw 300/800  L_train=0.000000 (w*=0.000000)  phi_std=0.000000
      draw 400/800  L_train=0.000000 (w*=0.000000)  phi_std=0.000000
      draw 500/800  L_train=0.000000 (w*=0.000000)  phi_std=0.000000
      draw 600/800  L_train=0.000000 (w*=0.000000)  phi_std=0.000000
      draw 700/800  L_train=0.000000 (w*=0.000000)  phi_std=0.000000
      draw 800/800  L_train=0.000000 (w*=0.000000)  phi_std=0.000000
    chi[2,2]: mean=3.84e-12  std=1.01e-11  L_train mean=0.000000  L_train std=0.000000  L_train(w*)=0.000000
  layer=2 head=3
      draw 100/800  L_train=0.000000 (w*=0.000000)  phi_std=0.000000
      draw 200/800  L_train=0.000000 (w*=0.000000)  phi_std=0.000000
      draw 300/800  L_train=0.000000 (w*=0.000000)  phi_std=0.000000
      draw 400/800  L_train=0.000000 (w*=0.000000)  phi_std=0.000000
      draw 500/800  L_train=0.000000 (w*=0.000000)  phi_std=0.000000
      draw 600/800  L_train=0.000000 (w*=0.000000)  phi_std=0.000000
      draw 700/800  L_train=0.000000 (w*=0.000000)  phi_std=0.000000
      draw 800/800  L_train=0.000000 (w*=0.000000)  phi_std=0.000000
    chi[2,3]: mean=3.15e-12  std=1.04e-11  L_train mean=0.000000  L_train std=0.000000  L_train(w*)=0.000000
  Saved /root/id-predict-ood/cptsusceptibility/results/55557a85_cpt.npy  shape=(3, 4, 200)

[9/25] model 5b40a223
  layer=0 head=0
      draw 100/800  L_train=0.000000 (w*=0.000000)  phi_std=0.000000
      draw 200/800  L_train=0.000000 (w*=0.000000)  phi_std=0.000000
      draw 300/800  L_train=0.000000 (w*=0.000000)  phi_std=0.000000
      draw 400/800  L_train=0.000000 (w*=0.000000)  phi_std=0.000000
      draw 500/800  L_train=0.000000 (w*=0.000000)  phi_std=0.000000
      draw 600/800  L_train=0.000000 (w*=0.000000)  phi_std=0.000000
      draw 700/800  L_train=0.000000 (w*=0.000000)  phi_std=0.000000
      draw 800/800  L_train=0.000000 (w*=0.000000)  phi_std=0.000000
    chi[0,0]: mean=0.00e+00  std=0.00e+00  L_train mean=0.000000  L_train std=0.000000  L_train(w*)=0.000000
  layer=0 head=1
      draw 100/800  L_train=0.000000 (w*=0.000000)  phi_std=0.000000
      draw 200/800  L_train=0.000000 (w*=0.000000)  phi_std=0.000000
      draw 300/800  L_train=0.000000 (w*=0.000000)  phi_std=0.000000
      draw 400/800  L_train=0.000000 (w*=0.000000)  phi_std=0.000000
      draw 500/800  L_train=0.000000 (w*=0.000000)  phi_std=0.000000
      draw 600/800  L_train=0.000000 (w*=0.000000)  phi_std=0.000000
      draw 700/800  L_train=0.000000 (w*=0.000000)  phi_std=0.000000
      draw 800/800  L_train=0.000000 (w*=0.000000)  phi_std=0.000000
    chi[0,1]: mean=0.00e+00  std=0.00e+00  L_train mean=0.000000  L_train std=0.000000  L_train(w*)=0.000000
  layer=0 head=2
      draw 100/800  L_train=0.000000 (w*=0.000000)  phi_std=0.000000
      draw 200/800  L_train=0.000000 (w*=0.000000)  phi_std=0.000276
      draw 300/800  L_train=0.000000 (w*=0.000000)  phi_std=0.007884
      draw 400/800  L_train=0.000000 (w*=0.000000)  phi_std=0.006910
      draw 500/800  L_train=0.000000 (w*=0.000000)  phi_std=0.006224
      draw 600/800  L_train=0.000000 (w*=0.000000)  phi_std=0.005708
      draw 700/800  L_train=0.000000 (w*=0.000000)  phi_std=0.005302
      draw 800/800  L_train=0.000000 (w*=0.000000)  phi_std=0.004972
    chi[0,2]: mean=1.72e-03  std=3.97e-03  L_train mean=0.000919  L_train std=0.004972  L_train(w*)=0.000000
  layer=0 head=3
      draw 100/800  L_train=0.000000 (w*=0.000000)  phi_std=0.000000
      draw 200/800  L_train=0.000000 (w*=0.000000)  phi_std=0.000000
      draw 300/800  L_train=0.000000 (w*=0.000000)  phi_std=0.000371
      draw 400/800  L_train=0.000000 (w*=0.000000)  phi_std=0.000322
      draw 500/800  L_train=0.000000 (w*=0.000000)  phi_std=0.000288
      draw 600/800  L_train=0.000000 (w*=0.000000)  phi_std=0.000263
      draw 700/800  L_train=0.000000 (w*=0.000000)  phi_std=0.000244
      draw 800/800  L_train=0.000000 (w*=0.000000)  phi_std=0.000228
    chi[0,3]: mean=3.21e-05  std=7.26e-05  L_train mean=0.000014  L_train std=0.000228  L_train(w*)=0.000000
  layer=1 head=0
      draw 100/800  L_train=0.000000 (w*=0.000000)  phi_std=0.000000
      draw 200/800  L_train=0.000000 (w*=0.000000)  phi_std=0.000000
      draw 300/800  L_train=0.000000 (w*=0.000000)  phi_std=0.000000
      draw 400/800  L_train=0.000000 (w*=0.000000)  phi_std=0.000000
      draw 500/800  L_train=0.000000 (w*=0.000000)  phi_std=0.000000
      draw 600/800  L_train=0.000000 (w*=0.000000)  phi_std=0.000000
      draw 700/800  L_train=0.000000 (w*=0.000000)  phi_std=0.000000
      draw 800/800  L_train=0.000000 (w*=0.000000)  phi_std=0.000000
    chi[1,0]: mean=0.00e+00  std=0.00e+00  L_train mean=0.000000  L_train std=0.000000  L_train(w*)=0.000000
  layer=1 head=1
      draw 100/800  L_train=0.000000 (w*=0.000000)  phi_std=0.000000
      draw 200/800  L_train=0.000000 (w*=0.000000)  phi_std=0.000000
      draw 300/800  L_train=0.000000 (w*=0.000000)  phi_std=0.000000
      draw 400/800  L_train=0.000000 (w*=0.000000)  phi_std=0.000000
      draw 500/800  L_train=0.000000 (w*=0.000000)  phi_std=0.000000
      draw 600/800  L_train=0.000000 (w*=0.000000)  phi_std=0.000000
      draw 700/800  L_train=0.000000 (w*=0.000000)  phi_std=0.000000
      draw 800/800  L_train=0.000000 (w*=0.000000)  phi_std=0.000000
    chi[1,1]: mean=0.00e+00  std=0.00e+00  L_train mean=0.000000  L_train std=0.000000  L_train(w*)=0.000000
  layer=1 head=2
      draw 100/800  L_train=0.000000 (w*=0.000000)  phi_std=0.000000
      draw 200/800  L_train=0.000000 (w*=0.000000)  phi_std=0.000000
      draw 300/800  L_train=0.000000 (w*=0.000000)  phi_std=0.000000
      draw 400/800  L_train=0.000000 (w*=0.000000)  phi_std=0.000000
      draw 500/800  L_train=0.000000 (w*=0.000000)  phi_std=0.000000
      draw 600/800  L_train=0.000000 (w*=0.000000)  phi_std=0.000000
      draw 700/800  L_train=0.000000 (w*=0.000000)  phi_std=0.000000
      draw 800/800  L_train=0.000000 (w*=0.000000)  phi_std=0.000000
    chi[1,2]: mean=0.00e+00  std=0.00e+00  L_train mean=0.000000  L_train std=0.000000  L_train(w*)=0.000000
  layer=1 head=3
      draw 100/800  L_train=0.000000 (w*=0.000000)  phi_std=0.000000
      draw 200/800  L_train=0.000000 (w*=0.000000)  phi_std=0.000000
      draw 300/800  L_train=0.000000 (w*=0.000000)  phi_std=0.000000
      draw 400/800  L_train=0.000000 (w*=0.000000)  phi_std=0.000000
      draw 500/800  L_train=0.000000 (w*=0.000000)  phi_std=0.000000
      draw 600/800  L_train=0.000000 (w*=0.000000)  phi_std=0.000000
      draw 700/800  L_train=0.000000 (w*=0.000000)  phi_std=0.000000
      draw 800/800  L_train=0.000000 (w*=0.000000)  phi_std=0.000000
    chi[1,3]: mean=0.00e+00  std=0.00e+00  L_train mean=0.000000  L_train std=0.000000  L_train(w*)=0.000000
  layer=2 head=0
      draw 100/800  L_train=0.000000 (w*=0.000000)  phi_std=0.000000
      draw 200/800  L_train=0.000000 (w*=0.000000)  phi_std=0.000000
      draw 300/800  L_train=0.000000 (w*=0.000000)  phi_std=0.000000
      draw 400/800  L_train=0.000000 (w*=0.000000)  phi_std=0.000000
      draw 500/800  L_train=0.000000 (w*=0.000000)  phi_std=0.000000
      draw 600/800  L_train=0.000000 (w*=0.000000)  phi_std=0.000000
      draw 700/800  L_train=0.000000 (w*=0.000000)  phi_std=0.000000
      draw 800/800  L_train=0.000000 (w*=0.000000)  phi_std=0.000000
    chi[2,0]: mean=0.00e+00  std=0.00e+00  L_train mean=0.000000  L_train std=0.000000  L_train(w*)=0.000000
  layer=2 head=1
      draw 100/800  L_train=0.000000 (w*=0.000000)  phi_std=0.000000
      draw 200/800  L_train=0.000000 (w*=0.000000)  phi_std=0.000000
      draw 300/800  L_train=0.000000 (w*=0.000000)  phi_std=0.000000
      draw 400/800  L_train=0.000000 (w*=0.000000)  phi_std=0.000000
      draw 500/800  L_train=0.000000 (w*=0.000000)  phi_std=0.000000
      draw 600/800  L_train=0.000000 (w*=0.000000)  phi_std=0.000000
      draw 700/800  L_train=0.000000 (w*=0.000000)  phi_std=0.000000
      draw 800/800  L_train=0.000000 (w*=0.000000)  phi_std=0.000000
    chi[2,1]: mean=0.00e+00  std=0.00e+00  L_train mean=0.000000  L_train std=0.000000  L_train(w*)=0.000000
  layer=2 head=2
      draw 100/800  L_train=0.000000 (w*=0.000000)  phi_std=0.000000
      draw 200/800  L_train=0.000000 (w*=0.000000)  phi_std=0.000000
      draw 300/800  L_train=0.000000 (w*=0.000000)  phi_std=0.000000
      draw 400/800  L_train=0.000000 (w*=0.000000)  phi_std=0.000000
      draw 500/800  L_train=0.000000 (w*=0.000000)  phi_std=0.000000
      draw 600/800  L_train=0.000000 (w*=0.000000)  phi_std=0.000000
      draw 700/800  L_train=0.000000 (w*=0.000000)  phi_std=0.000000
      draw 800/800  L_train=0.000000 (w*=0.000000)  phi_std=0.000000
    chi[2,2]: mean=0.00e+00  std=0.00e+00  L_train mean=0.000000  L_train std=0.000000  L_train(w*)=0.000000
  layer=2 head=3
      draw 100/800  L_train=0.000000 (w*=0.000000)  phi_std=0.000000
      draw 200/800  L_train=0.000000 (w*=0.000000)  phi_std=0.000000
      draw 300/800  L_train=0.000000 (w*=0.000000)  phi_std=0.000000
      draw 400/800  L_train=0.000000 (w*=0.000000)  phi_std=0.000000
      draw 500/800  L_train=0.000000 (w*=0.000000)  phi_std=0.000000
      draw 600/800  L_train=0.000000 (w*=0.000000)  phi_std=0.000000
      draw 700/800  L_train=0.000000 (w*=0.000000)  phi_std=0.000000
      draw 800/800  L_train=0.000000 (w*=0.000000)  phi_std=0.000000
    chi[2,3]: mean=0.00e+00  std=0.00e+00  L_train mean=0.000000  L_train std=0.000000  L_train(w*)=0.000000
  Saved /root/id-predict-ood/cptsusceptibility/results/5b40a223_cpt.npy  shape=(3, 4, 200)

[10/25] model 5cc90bef
  layer=0 head=0
      draw 100/800  L_train=0.000000 (w*=0.000000)  phi_std=0.000000
      draw 200/800  L_train=0.000000 (w*=0.000000)  phi_std=0.000000
      draw 300/800  L_train=0.000000 (w*=0.000000)  phi_std=0.000000
      draw 400/800  L_train=0.000000 (w*=0.000000)  phi_std=0.000000
      draw 500/800  L_train=0.000000 (w*=0.000000)  phi_std=0.000000
      draw 600/800  L_train=0.000000 (w*=0.000000)  phi_std=0.000000
      draw 700/800  L_train=0.000000 (w*=0.000000)  phi_std=0.000000
      draw 800/800  L_train=0.000000 (w*=0.000000)  phi_std=0.000000
    chi[0,0]: mean=0.00e+00  std=0.00e+00  L_train mean=0.000000  L_train std=0.000000  L_train(w*)=0.000000
  layer=0 head=1
      draw 100/800  L_train=0.000000 (w*=0.000000)  phi_std=0.000000
      draw 200/800  L_train=0.000000 (w*=0.000000)  phi_std=0.000000
      draw 300/800  L_train=0.000000 (w*=0.000000)  phi_std=0.000000
      draw 400/800  L_train=0.000000 (w*=0.000000)  phi_std=0.000000
      draw 500/800  L_train=0.000000 (w*=0.000000)  phi_std=0.000000
      draw 600/800  L_train=0.000000 (w*=0.000000)  phi_std=0.000000
      draw 700/800  L_train=0.000000 (w*=0.000000)  phi_std=0.000000
      draw 800/800  L_train=0.000000 (w*=0.000000)  phi_std=0.000000
    chi[0,1]: mean=0.00e+00  std=0.00e+00  L_train mean=0.000000  L_train std=0.000000  L_train(w*)=0.000000
  layer=0 head=2
      draw 100/800  L_train=0.000000 (w*=0.000000)  phi_std=0.000000
      draw 200/800  L_train=0.000000 (w*=0.000000)  phi_std=0.000000
      draw 300/800  L_train=0.000000 (w*=0.000000)  phi_std=0.000000
      draw 400/800  L_train=0.000000 (w*=0.000000)  phi_std=0.000000
      draw 500/800  L_train=0.000000 (w*=0.000000)  phi_std=0.000000
      draw 600/800  L_train=0.000000 (w*=0.000000)  phi_std=0.000000
      draw 700/800  L_train=0.000000 (w*=0.000000)  phi_std=0.000000
      draw 800/800  L_train=0.000000 (w*=0.000000)  phi_std=0.000000
    chi[0,2]: mean=0.00e+00  std=0.00e+00  L_train mean=0.000000  L_train std=0.000000  L_train(w*)=0.000000
  layer=0 head=3
      draw 100/800  L_train=0.000000 (w*=0.000000)  phi_std=0.000000
      draw 200/800  L_train=0.000000 (w*=0.000000)  phi_std=0.000000
      draw 300/800  L_train=0.000000 (w*=0.000000)  phi_std=0.000000
      draw 400/800  L_train=0.000000 (w*=0.000000)  phi_std=0.000000
      draw 500/800  L_train=0.000000 (w*=0.000000)  phi_std=0.000000
      draw 600/800  L_train=0.000000 (w*=0.000000)  phi_std=0.000000
      draw 700/800  L_train=0.000000 (w*=0.000000)  phi_std=0.000000
      draw 800/800  L_train=0.000000 (w*=0.000000)  phi_std=0.000000
    chi[0,3]: mean=0.00e+00  std=0.00e+00  L_train mean=0.000000  L_train std=0.000000  L_train(w*)=0.000000
  layer=1 head=0
      draw 100/800  L_train=0.000000 (w*=0.000000)  phi_std=0.000000
      draw 200/800  L_train=0.000000 (w*=0.000000)  phi_std=0.000000
      draw 300/800  L_train=0.000000 (w*=0.000000)  phi_std=0.000000
      draw 400/800  L_train=0.000000 (w*=0.000000)  phi_std=0.000000
      draw 500/800  L_train=0.000000 (w*=0.000000)  phi_std=0.000000
      draw 600/800  L_train=0.000000 (w*=0.000000)  phi_std=0.000000
      draw 700/800  L_train=0.000000 (w*=0.000000)  phi_std=0.000000
      draw 800/800  L_train=0.000000 (w*=0.000000)  phi_std=0.000000
    chi[1,0]: mean=0.00e+00  std=0.00e+00  L_train mean=0.000000  L_train std=0.000000  L_train(w*)=0.000000
  layer=1 head=1
      draw 100/800  L_train=0.000000 (w*=0.000000)  phi_std=0.000000
      draw 200/800  L_train=0.000000 (w*=0.000000)  phi_std=0.000000
      draw 300/800  L_train=0.000000 (w*=0.000000)  phi_std=0.000000
      draw 400/800  L_train=0.000000 (w*=0.000000)  phi_std=0.000000
      draw 500/800  L_train=0.000000 (w*=0.000000)  phi_std=0.000000
      draw 600/800  L_train=0.000000 (w*=0.000000)  phi_std=0.000000
      draw 700/800  L_train=0.000000 (w*=0.000000)  phi_std=0.000000
      draw 800/800  L_train=0.000000 (w*=0.000000)  phi_std=0.000000
    chi[1,1]: mean=0.00e+00  std=0.00e+00  L_train mean=0.000000  L_train std=0.000000  L_train(w*)=0.000000
  layer=1 head=2
      draw 100/800  L_train=0.000000 (w*=0.000000)  phi_std=0.000000
      draw 200/800  L_train=0.000000 (w*=0.000000)  phi_std=0.000000
      draw 300/800  L_train=0.000000 (w*=0.000000)  phi_std=0.000000
      draw 400/800  L_train=0.000000 (w*=0.000000)  phi_std=0.000000
      draw 500/800  L_train=0.000000 (w*=0.000000)  phi_std=0.000000
      draw 600/800  L_train=0.000000 (w*=0.000000)  phi_std=0.000000
      draw 700/800  L_train=0.000000 (w*=0.000000)  phi_std=0.000000
      draw 800/800  L_train=0.000000 (w*=0.000000)  phi_std=0.000000
    chi[1,2]: mean=0.00e+00  std=0.00e+00  L_train mean=0.000000  L_train std=0.000000  L_train(w*)=0.000000
  layer=1 head=3
      draw 100/800  L_train=0.000000 (w*=0.000000)  phi_std=0.000000
      draw 200/800  L_train=0.000000 (w*=0.000000)  phi_std=0.000000
      draw 300/800  L_train=0.000000 (w*=0.000000)  phi_std=0.000000
      draw 400/800  L_train=0.000000 (w*=0.000000)  phi_std=0.000000
      draw 500/800  L_train=0.000000 (w*=0.000000)  phi_std=0.000000
      draw 600/800  L_train=0.000000 (w*=0.000000)  phi_std=0.000000
      draw 700/800  L_train=0.000000 (w*=0.000000)  phi_std=0.000000
      draw 800/800  L_train=0.000000 (w*=0.000000)  phi_std=0.000000
    chi[1,3]: mean=0.00e+00  std=0.00e+00  L_train mean=0.000000  L_train std=0.000000  L_train(w*)=0.000000
  layer=2 head=0
      draw 100/800  L_train=0.000000 (w*=0.000000)  phi_std=0.000000
      draw 200/800  L_train=0.000000 (w*=0.000000)  phi_std=0.000000
      draw 300/800  L_train=0.000000 (w*=0.000000)  phi_std=0.000000
      draw 400/800  L_train=0.000000 (w*=0.000000)  phi_std=0.000000
      draw 500/800  L_train=0.000000 (w*=0.000000)  phi_std=0.000000
      draw 600/800  L_train=0.000000 (w*=0.000000)  phi_std=0.000000
      draw 700/800  L_train=0.000000 (w*=0.000000)  phi_std=0.000000
      draw 800/800  L_train=0.000000 (w*=0.000000)  phi_std=0.000000
    chi[2,0]: mean=0.00e+00  std=0.00e+00  L_train mean=0.000000  L_train std=0.000000  L_train(w*)=0.000000
  layer=2 head=1
      draw 100/800  L_train=0.000000 (w*=0.000000)  phi_std=0.000000
      draw 200/800  L_train=0.000000 (w*=0.000000)  phi_std=0.000000
      draw 300/800  L_train=0.000000 (w*=0.000000)  phi_std=0.000000
      draw 400/800  L_train=0.000000 (w*=0.000000)  phi_std=0.000000
      draw 500/800  L_train=0.000000 (w*=0.000000)  phi_std=0.000000
      draw 600/800  L_train=0.000000 (w*=0.000000)  phi_std=0.000000
      draw 700/800  L_train=0.000000 (w*=0.000000)  phi_std=0.000000
      draw 800/800  L_train=0.000000 (w*=0.000000)  phi_std=0.000000
    chi[2,1]: mean=0.00e+00  std=0.00e+00  L_train mean=0.000000  L_train std=0.000000  L_train(w*)=0.000000
  layer=2 head=2
      draw 100/800  L_train=0.000000 (w*=0.000000)  phi_std=0.000000
      draw 200/800  L_train=0.000000 (w*=0.000000)  phi_std=0.000000
      draw 300/800  L_train=0.000000 (w*=0.000000)  phi_std=0.000000
      draw 400/800  L_train=0.000000 (w*=0.000000)  phi_std=0.000000
      draw 500/800  L_train=0.000000 (w*=0.000000)  phi_std=0.000000
      draw 600/800  L_train=0.000000 (w*=0.000000)  phi_std=0.000000
      draw 700/800  L_train=0.000000 (w*=0.000000)  phi_std=0.000000
      draw 800/800  L_train=0.000000 (w*=0.000000)  phi_std=0.000000
    chi[2,2]: mean=0.00e+00  std=0.00e+00  L_train mean=0.000000  L_train std=0.000000  L_train(w*)=0.000000
  layer=2 head=3
      draw 100/800  L_train=0.000000 (w*=0.000000)  phi_std=0.000000
      draw 200/800  L_train=0.000000 (w*=0.000000)  phi_std=0.000000
      draw 300/800  L_train=0.000000 (w*=0.000000)  phi_std=0.000000
      draw 400/800  L_train=0.000000 (w*=0.000000)  phi_std=0.000000
      draw 500/800  L_train=0.000000 (w*=0.000000)  phi_std=0.000000
      draw 600/800  L_train=0.000000 (w*=0.000000)  phi_std=0.000000
      draw 700/800  L_train=0.000000 (w*=0.000000)  phi_std=0.000000
      draw 800/800  L_train=0.000000 (w*=0.000000)  phi_std=0.000000
    chi[2,3]: mean=0.00e+00  std=0.00e+00  L_train mean=0.000000  L_train std=0.000000  L_train(w*)=0.000000
  Saved /root/id-predict-ood/cptsusceptibility/results/5cc90bef_cpt.npy  shape=(3, 4, 200)

[11/25] model 74f334e4
  layer=0 head=0
      draw 100/800  L_train=0.000000 (w*=0.000000)  phi_std=0.000000
      draw 200/800  L_train=0.000000 (w*=0.000000)  phi_std=0.000000
      draw 300/800  L_train=0.000000 (w*=0.000000)  phi_std=0.000000
      draw 400/800  L_train=0.000000 (w*=0.000000)  phi_std=0.000000
      draw 500/800  L_train=0.000000 (w*=0.000000)  phi_std=0.000000
      draw 600/800  L_train=0.000000 (w*=0.000000)  phi_std=0.000000
      draw 700/800  L_train=0.000000 (w*=0.000000)  phi_std=0.000000
      draw 800/800  L_train=0.000000 (w*=0.000000)  phi_std=0.000000
    chi[0,0]: mean=5.18e-10  std=7.88e-10  L_train mean=0.000000  L_train std=0.000000  L_train(w*)=0.000000
  layer=0 head=1
      draw 100/800  L_train=0.000000 (w*=0.000000)  phi_std=0.000000
      draw 200/800  L_train=0.000000 (w*=0.000000)  phi_std=0.000271
      draw 300/800  L_train=0.000000 (w*=0.000000)  phi_std=0.000222
      draw 400/800  L_train=0.000000 (w*=0.000000)  phi_std=0.000193
      draw 500/800  L_train=0.000000 (w*=0.000000)  phi_std=0.000172
      draw 600/800  L_train=0.000000 (w*=0.000000)  phi_std=0.000158
      draw 700/800  L_train=0.000000 (w*=0.000000)  phi_std=0.000146
      draw 800/800  L_train=0.000000 (w*=0.000000)  phi_std=0.000137
    chi[0,1]: mean=-7.36e-06  std=2.82e-05  L_train mean=0.000011  L_train std=0.000137  L_train(w*)=0.000000
  layer=0 head=2
      draw 100/800  L_train=0.000000 (w*=0.000000)  phi_std=0.000000
      draw 200/800  L_train=0.000000 (w*=0.000000)  phi_std=0.000000
      draw 300/800  L_train=0.000000 (w*=0.000000)  phi_std=0.000000
      draw 400/800  L_train=0.000000 (w*=0.000000)  phi_std=0.000000
      draw 500/800  L_train=0.000000 (w*=0.000000)  phi_std=0.000000
      draw 600/800  L_train=0.000000 (w*=0.000000)  phi_std=0.000000
      draw 700/800  L_train=0.000000 (w*=0.000000)  phi_std=0.000000
      draw 800/800  L_train=0.000000 (w*=0.000000)  phi_std=0.000000
    chi[0,2]: mean=-4.51e-10  std=9.17e-10  L_train mean=0.000000  L_train std=0.000000  L_train(w*)=0.000000
  layer=0 head=3
      draw 100/800  L_train=0.000000 (w*=0.000000)  phi_std=0.000000
      draw 200/800  L_train=0.000000 (w*=0.000000)  phi_std=0.000000
      draw 300/800  L_train=0.000000 (w*=0.000000)  phi_std=0.000000
      draw 400/800  L_train=0.000000 (w*=0.000000)  phi_std=0.000000
      draw 500/800  L_train=0.000000 (w*=0.000000)  phi_std=0.000000
      draw 600/800  L_train=0.000000 (w*=0.000000)  phi_std=0.000000
      draw 700/800  L_train=0.000000 (w*=0.000000)  phi_std=0.000000
      draw 800/800  L_train=0.000000 (w*=0.000000)  phi_std=0.000000
    chi[0,3]: mean=8.85e-10  std=1.22e-09  L_train mean=0.000000  L_train std=0.000000  L_train(w*)=0.000000
  layer=1 head=0
      draw 100/800  L_train=0.000000 (w*=0.000000)  phi_std=0.000000
      draw 200/800  L_train=0.000000 (w*=0.000000)  phi_std=0.000000
      draw 300/800  L_train=0.000000 (w*=0.000000)  phi_std=0.000000
      draw 400/800  L_train=0.000000 (w*=0.000000)  phi_std=0.000000
      draw 500/800  L_train=0.000000 (w*=0.000000)  phi_std=0.000000
      draw 600/800  L_train=0.000000 (w*=0.000000)  phi_std=0.000000
      draw 700/800  L_train=0.000000 (w*=0.000000)  phi_std=0.000000
      draw 800/800  L_train=0.000000 (w*=0.000000)  phi_std=0.000000
    chi[1,0]: mean=-8.63e-14  std=1.13e-13  L_train mean=0.000000  L_train std=0.000000  L_train(w*)=0.000000
  layer=1 head=1
      draw 100/800  L_train=0.000000 (w*=0.000000)  phi_std=0.000000
      draw 200/800  L_train=0.000000 (w*=0.000000)  phi_std=0.000000
      draw 300/800  L_train=0.000000 (w*=0.000000)  phi_std=0.000000
      draw 400/800  L_train=0.000000 (w*=0.000000)  phi_std=0.000000
      draw 500/800  L_train=0.000000 (w*=0.000000)  phi_std=0.000000
      draw 600/800  L_train=0.000000 (w*=0.000000)  phi_std=0.000000
      draw 700/800  L_train=0.000000 (w*=0.000000)  phi_std=0.000000
      draw 800/800  L_train=0.000000 (w*=0.000000)  phi_std=0.000000
    chi[1,1]: mean=-1.41e-23  std=1.80e-22  L_train mean=0.000000  L_train std=0.000000  L_train(w*)=0.000000
  layer=1 head=2
      draw 100/800  L_train=0.000000 (w*=0.000000)  phi_std=0.000000
      draw 200/800  L_train=0.000000 (w*=0.000000)  phi_std=0.000000
      draw 300/800  L_train=0.000000 (w*=0.000000)  phi_std=0.000000
      draw 400/800  L_train=0.000000 (w*=0.000000)  phi_std=0.000000
      draw 500/800  L_train=0.000000 (w*=0.000000)  phi_std=0.000000
      draw 600/800  L_train=0.000000 (w*=0.000000)  phi_std=0.000000
      draw 700/800  L_train=0.000000 (w*=0.000000)  phi_std=0.000000
      draw 800/800  L_train=0.000000 (w*=0.000000)  phi_std=0.000000
    chi[1,2]: mean=2.13e-23  std=2.08e-22  L_train mean=0.000000  L_train std=0.000000  L_train(w*)=0.000000
  layer=1 head=3
      draw 100/800  L_train=0.000000 (w*=0.000000)  phi_std=0.000000
      draw 200/800  L_train=0.000000 (w*=0.000000)  phi_std=0.000000
      draw 300/800  L_train=0.000000 (w*=0.000000)  phi_std=0.000000
      draw 400/800  L_train=0.000000 (w*=0.000000)  phi_std=0.000000
      draw 500/800  L_train=0.000000 (w*=0.000000)  phi_std=0.000000
      draw 600/800  L_train=0.000000 (w*=0.000000)  phi_std=0.000000
      draw 700/800  L_train=0.000000 (w*=0.000000)  phi_std=0.000000
      draw 800/800  L_train=0.000000 (w*=0.000000)  phi_std=0.000000
    chi[1,3]: mean=2.18e-23  std=1.67e-22  L_train mean=0.000000  L_train std=0.000000  L_train(w*)=0.000000
  layer=2 head=0
      draw 100/800  L_train=0.000000 (w*=0.000000)  phi_std=0.000000
      draw 200/800  L_train=0.000000 (w*=0.000000)  phi_std=0.000000
      draw 300/800  L_train=0.000000 (w*=0.000000)  phi_std=0.000000
      draw 400/800  L_train=0.000000 (w*=0.000000)  phi_std=0.000000
      draw 500/800  L_train=0.000000 (w*=0.000000)  phi_std=0.000000
      draw 600/800  L_train=0.000000 (w*=0.000000)  phi_std=0.000000
      draw 700/800  L_train=0.000000 (w*=0.000000)  phi_std=0.000000
      draw 800/800  L_train=0.000000 (w*=0.000000)  phi_std=0.000000
    chi[2,0]: mean=2.68e-13  std=2.05e-12  L_train mean=0.000000  L_train std=0.000000  L_train(w*)=0.000000
  layer=2 head=1
      draw 100/800  L_train=0.000000 (w*=0.000000)  phi_std=0.000000
      draw 200/800  L_train=0.000000 (w*=0.000000)  phi_std=0.000000
      draw 300/800  L_train=0.000000 (w*=0.000000)  phi_std=0.000000
      draw 400/800  L_train=0.000000 (w*=0.000000)  phi_std=0.000000
      draw 500/800  L_train=0.000000 (w*=0.000000)  phi_std=0.000000
      draw 600/800  L_train=0.000000 (w*=0.000000)  phi_std=0.000000
      draw 700/800  L_train=0.000000 (w*=0.000000)  phi_std=0.000000
      draw 800/800  L_train=0.000000 (w*=0.000000)  phi_std=0.000000
    chi[2,1]: mean=-5.21e-13  std=2.13e-12  L_train mean=0.000000  L_train std=0.000000  L_train(w*)=0.000000
  layer=2 head=2
      draw 100/800  L_train=0.000000 (w*=0.000000)  phi_std=0.000000
      draw 200/800  L_train=0.000000 (w*=0.000000)  phi_std=0.000000
      draw 300/800  L_train=0.000000 (w*=0.000000)  phi_std=0.000000
      draw 400/800  L_train=0.000000 (w*=0.000000)  phi_std=0.000000
      draw 500/800  L_train=0.000000 (w*=0.000000)  phi_std=0.000000
      draw 600/800  L_train=0.000000 (w*=0.000000)  phi_std=0.000000
      draw 700/800  L_train=0.000000 (w*=0.000000)  phi_std=0.000000
      draw 800/800  L_train=0.000000 (w*=0.000000)  phi_std=0.000000
    chi[2,2]: mean=-1.07e-11  std=1.34e-11  L_train mean=0.000000  L_train std=0.000000  L_train(w*)=0.000000
  layer=2 head=3
      draw 100/800  L_train=0.000000 (w*=0.000000)  phi_std=0.000000
      draw 200/800  L_train=0.000000 (w*=0.000000)  phi_std=0.000000
      draw 300/800  L_train=0.000000 (w*=0.000000)  phi_std=0.000000
      draw 400/800  L_train=0.000000 (w*=0.000000)  phi_std=0.000000
      draw 500/800  L_train=0.000000 (w*=0.000000)  phi_std=0.000000
      draw 600/800  L_train=0.000000 (w*=0.000000)  phi_std=0.000000
      draw 700/800  L_train=0.000000 (w*=0.000000)  phi_std=0.000000
      draw 800/800  L_train=0.000000 (w*=0.000000)  phi_std=0.000000
    chi[2,3]: mean=-1.95e-12  std=2.55e-12  L_train mean=0.000000  L_train std=0.000000  L_train(w*)=0.000000
  Saved /root/id-predict-ood/cptsusceptibility/results/74f334e4_cpt.npy  shape=(3, 4, 200)

[12/25] model 7ef20fd6
  layer=0 head=0
      draw 100/800  L_train=0.000000 (w*=0.000000)  phi_std=0.000000
      draw 200/800  L_train=0.000000 (w*=0.000000)  phi_std=0.000000
      draw 300/800  L_train=0.000000 (w*=0.000000)  phi_std=0.000000
      draw 400/800  L_train=0.000000 (w*=0.000000)  phi_std=0.000000
      draw 500/800  L_train=0.000000 (w*=0.000000)  phi_std=0.000000
      draw 600/800  L_train=0.000000 (w*=0.000000)  phi_std=0.000000
      draw 700/800  L_train=0.000000 (w*=0.000000)  phi_std=0.000000
      draw 800/800  L_train=0.000000 (w*=0.000000)  phi_std=0.000000
    chi[0,0]: mean=0.00e+00  std=0.00e+00  L_train mean=0.000000  L_train std=0.000000  L_train(w*)=0.000000
  layer=0 head=1
      draw 100/800  L_train=0.000000 (w*=0.000000)  phi_std=0.000000
      draw 200/800  L_train=0.000000 (w*=0.000000)  phi_std=0.000000
      draw 300/800  L_train=0.000000 (w*=0.000000)  phi_std=0.000000
      draw 400/800  L_train=0.000000 (w*=0.000000)  phi_std=0.000000
      draw 500/800  L_train=0.000000 (w*=0.000000)  phi_std=0.000000
      draw 600/800  L_train=0.000000 (w*=0.000000)  phi_std=0.000000
      draw 700/800  L_train=0.000000 (w*=0.000000)  phi_std=0.000000
      draw 800/800  L_train=0.000000 (w*=0.000000)  phi_std=0.000000
    chi[0,1]: mean=3.36e-13  std=1.02e-12  L_train mean=0.000000  L_train std=0.000000  L_train(w*)=0.000000
  layer=0 head=2
      draw 100/800  L_train=0.000000 (w*=0.000000)  phi_std=0.000000
      draw 200/800  L_train=0.000000 (w*=0.000000)  phi_std=0.000000
      draw 300/800  L_train=0.000000 (w*=0.000000)  phi_std=0.000000
      draw 400/800  L_train=0.000000 (w*=0.000000)  phi_std=0.000000
      draw 500/800  L_train=0.000000 (w*=0.000000)  phi_std=0.000000
      draw 600/800  L_train=0.000000 (w*=0.000000)  phi_std=0.000000
      draw 700/800  L_train=0.000000 (w*=0.000000)  phi_std=0.000000
      draw 800/800  L_train=0.000000 (w*=0.000000)  phi_std=0.000000
    chi[0,2]: mean=0.00e+00  std=0.00e+00  L_train mean=0.000000  L_train std=0.000000  L_train(w*)=0.000000
  layer=0 head=3
      draw 100/800  L_train=0.000000 (w*=0.000000)  phi_std=0.000000
      draw 200/800  L_train=0.000000 (w*=0.000000)  phi_std=0.000000
      draw 300/800  L_train=0.000000 (w*=0.000000)  phi_std=0.000000
      draw 400/800  L_train=0.000000 (w*=0.000000)  phi_std=0.000000
      draw 500/800  L_train=0.000000 (w*=0.000000)  phi_std=0.000000
      draw 600/800  L_train=0.000000 (w*=0.000000)  phi_std=0.000000
      draw 700/800  L_train=0.000000 (w*=0.000000)  phi_std=0.000000
      draw 800/800  L_train=0.000000 (w*=0.000000)  phi_std=0.000000
    chi[0,3]: mean=0.00e+00  std=0.00e+00  L_train mean=0.000000  L_train std=0.000000  L_train(w*)=0.000000
  layer=1 head=0
      draw 100/800  L_train=0.000000 (w*=0.000000)  phi_std=0.000000
      draw 200/800  L_train=0.000000 (w*=0.000000)  phi_std=0.000000
      draw 300/800  L_train=0.000000 (w*=0.000000)  phi_std=0.000000
      draw 400/800  L_train=0.000000 (w*=0.000000)  phi_std=0.000000
      draw 500/800  L_train=0.000000 (w*=0.000000)  phi_std=0.000000
      draw 600/800  L_train=0.000000 (w*=0.000000)  phi_std=0.000000
      draw 700/800  L_train=0.000000 (w*=0.000000)  phi_std=0.000000
      draw 800/800  L_train=0.000000 (w*=0.000000)  phi_std=0.000000
    chi[1,0]: mean=0.00e+00  std=0.00e+00  L_train mean=0.000000  L_train std=0.000000  L_train(w*)=0.000000
  layer=1 head=1
      draw 100/800  L_train=0.000000 (w*=0.000000)  phi_std=0.000000
      draw 200/800  L_train=0.000000 (w*=0.000000)  phi_std=0.000000
      draw 300/800  L_train=0.000000 (w*=0.000000)  phi_std=0.000000
      draw 400/800  L_train=0.000000 (w*=0.000000)  phi_std=0.000000
      draw 500/800  L_train=0.000000 (w*=0.000000)  phi_std=0.000000
      draw 600/800  L_train=0.000000 (w*=0.000000)  phi_std=0.000000
      draw 700/800  L_train=0.000000 (w*=0.000000)  phi_std=0.000000
      draw 800/800  L_train=0.000000 (w*=0.000000)  phi_std=0.000000
    chi[1,1]: mean=0.00e+00  std=0.00e+00  L_train mean=0.000000  L_train std=0.000000  L_train(w*)=0.000000
  layer=1 head=2
      draw 100/800  L_train=0.000000 (w*=0.000000)  phi_std=0.000000
      draw 200/800  L_train=0.000000 (w*=0.000000)  phi_std=0.000000
      draw 300/800  L_train=0.000000 (w*=0.000000)  phi_std=0.000000
      draw 400/800  L_train=0.000000 (w*=0.000000)  phi_std=0.000000
      draw 500/800  L_train=0.000000 (w*=0.000000)  phi_std=0.000000
      draw 600/800  L_train=0.000000 (w*=0.000000)  phi_std=0.000000
      draw 700/800  L_train=0.000000 (w*=0.000000)  phi_std=0.000000
      draw 800/800  L_train=0.000000 (w*=0.000000)  phi_std=0.000000
    chi[1,2]: mean=1.54e-10  std=5.83e-10  L_train mean=0.000000  L_train std=0.000000  L_train(w*)=0.000000
  layer=1 head=3
      draw 100/800  L_train=0.000000 (w*=0.000000)  phi_std=0.000000
      draw 200/800  L_train=0.000000 (w*=0.000000)  phi_std=0.000000
      draw 300/800  L_train=0.000000 (w*=0.000000)  phi_std=0.000000
      draw 400/800  L_train=0.000000 (w*=0.000000)  phi_std=0.000000
      draw 500/800  L_train=0.000000 (w*=0.000000)  phi_std=0.000000
      draw 600/800  L_train=0.000000 (w*=0.000000)  phi_std=0.000000
      draw 700/800  L_train=0.000000 (w*=0.000000)  phi_std=0.000000
      draw 800/800  L_train=0.000000 (w*=0.000000)  phi_std=0.000000
    chi[1,3]: mean=0.00e+00  std=0.00e+00  L_train mean=0.000000  L_train std=0.000000  L_train(w*)=0.000000
  layer=2 head=0
      draw 100/800  L_train=0.000000 (w*=0.000000)  phi_std=0.000000
      draw 200/800  L_train=0.000000 (w*=0.000000)  phi_std=0.000000
      draw 300/800  L_train=0.000000 (w*=0.000000)  phi_std=0.000000
      draw 400/800  L_train=0.000000 (w*=0.000000)  phi_std=0.000000
      draw 500/800  L_train=0.000000 (w*=0.000000)  phi_std=0.000000
      draw 600/800  L_train=0.000000 (w*=0.000000)  phi_std=0.000000
      draw 700/800  L_train=0.000000 (w*=0.000000)  phi_std=0.000000
      draw 800/800  L_train=0.000000 (w*=0.000000)  phi_std=0.000000
    chi[2,0]: mean=0.00e+00  std=0.00e+00  L_train mean=0.000000  L_train std=0.000000  L_train(w*)=0.000000
  layer=2 head=1
      draw 100/800  L_train=0.000000 (w*=0.000000)  phi_std=0.000000
      draw 200/800  L_train=0.000000 (w*=0.000000)  phi_std=0.000000
      draw 300/800  L_train=0.000000 (w*=0.000000)  phi_std=0.000000
      draw 400/800  L_train=0.000000 (w*=0.000000)  phi_std=0.000000
      draw 500/800  L_train=0.000000 (w*=0.000000)  phi_std=0.000000
      draw 600/800  L_train=0.000000 (w*=0.000000)  phi_std=0.000000
      draw 700/800  L_train=0.000000 (w*=0.000000)  phi_std=0.000000
      draw 800/800  L_train=0.000000 (w*=0.000000)  phi_std=0.000000
    chi[2,1]: mean=0.00e+00  std=0.00e+00  L_train mean=0.000000  L_train std=0.000000  L_train(w*)=0.000000
  layer=2 head=2
      draw 100/800  L_train=0.000000 (w*=0.000000)  phi_std=0.000000
      draw 200/800  L_train=0.000000 (w*=0.000000)  phi_std=0.000000
      draw 300/800  L_train=0.000000 (w*=0.000000)  phi_std=0.000000
      draw 400/800  L_train=0.000000 (w*=0.000000)  phi_std=0.000000
      draw 500/800  L_train=0.000000 (w*=0.000000)  phi_std=0.000000
      draw 600/800  L_train=0.000000 (w*=0.000000)  phi_std=0.000000
      draw 700/800  L_train=0.000000 (w*=0.000000)  phi_std=0.000000
      draw 800/800  L_train=0.000000 (w*=0.000000)  phi_std=0.000000
    chi[2,2]: mean=0.00e+00  std=0.00e+00  L_train mean=0.000000  L_train std=0.000000  L_train(w*)=0.000000
  layer=2 head=3
      draw 100/800  L_train=0.000000 (w*=0.000000)  phi_std=0.000000
      draw 200/800  L_train=0.000000 (w*=0.000000)  phi_std=0.000000
      draw 300/800  L_train=0.000000 (w*=0.000000)  phi_std=0.000000
      draw 400/800  L_train=0.000000 (w*=0.000000)  phi_std=0.000000
      draw 500/800  L_train=0.000000 (w*=0.000000)  phi_std=0.000000
      draw 600/800  L_train=0.000000 (w*=0.000000)  phi_std=0.000000
      draw 700/800  L_train=0.000000 (w*=0.000000)  phi_std=0.000000
      draw 800/800  L_train=0.000000 (w*=0.000000)  phi_std=0.000000
    chi[2,3]: mean=0.00e+00  std=0.00e+00  L_train mean=0.000000  L_train std=0.000000  L_train(w*)=0.000000
  Saved /root/id-predict-ood/cptsusceptibility/results/7ef20fd6_cpt.npy  shape=(3, 4, 200)

[13/25] model 80b6c3f3
  layer=0 head=0
      draw 100/800  L_train=0.000001 (w*=0.000001)  phi_std=0.000000
      draw 200/800  L_train=0.000001 (w*=0.000001)  phi_std=0.000000
      draw 300/800  L_train=0.000001 (w*=0.000001)  phi_std=0.000000
      draw 400/800  L_train=0.000001 (w*=0.000001)  phi_std=0.000000
      draw 500/800  L_train=0.000002 (w*=0.000001)  phi_std=0.000002
      draw 600/800  L_train=0.000001 (w*=0.000001)  phi_std=0.000001
      draw 700/800  L_train=0.000001 (w*=0.000001)  phi_std=0.000001
      draw 800/800  L_train=0.000001 (w*=0.000001)  phi_std=0.000001
    chi[0,0]: mean=2.76e-07  std=5.03e-07  L_train mean=0.000002  L_train std=0.000001  L_train(w*)=0.000001
  layer=0 head=1
      draw 100/800  L_train=0.000001 (w*=0.000001)  phi_std=0.000000
      draw 200/800  L_train=0.000001 (w*=0.000001)  phi_std=0.000000
      draw 300/800  L_train=0.000002 (w*=0.000001)  phi_std=0.000000
      draw 400/800  L_train=0.000001 (w*=0.000001)  phi_std=0.000000
      draw 500/800  L_train=0.000001 (w*=0.000001)  phi_std=0.000000
      draw 600/800  L_train=0.000003 (w*=0.000001)  phi_std=0.000001
      draw 700/800  L_train=0.000002 (w*=0.000001)  phi_std=0.000001
      draw 800/800  L_train=0.000001 (w*=0.000001)  phi_std=0.000001
    chi[0,1]: mean=9.69e-08  std=1.82e-07  L_train mean=0.000002  L_train std=0.000001  L_train(w*)=0.000001
  layer=0 head=2
      draw 100/800  L_train=0.000002 (w*=0.000001)  phi_std=0.000000
      draw 200/800  L_train=0.000001 (w*=0.000001)  phi_std=0.000000
      draw 300/800  L_train=0.000002 (w*=0.000001)  phi_std=0.000000
      draw 400/800  L_train=0.000002 (w*=0.000001)  phi_std=0.000000
      draw 500/800  L_train=0.000002 (w*=0.000001)  phi_std=0.000001
      draw 600/800  L_train=0.000001 (w*=0.000001)  phi_std=0.000004
      draw 700/800  L_train=0.000001 (w*=0.000001)  phi_std=0.000004
      draw 800/800  L_train=0.000001 (w*=0.000001)  phi_std=0.000003
    chi[0,2]: mean=6.69e-07  std=1.27e-06  L_train mean=0.000002  L_train std=0.000003  L_train(w*)=0.000001
  layer=0 head=3
      draw 100/800  L_train=0.000001 (w*=0.000001)  phi_std=0.000007
      draw 200/800  L_train=0.000002 (w*=0.000001)  phi_std=0.000005
      draw 300/800  L_train=0.000002 (w*=0.000001)  phi_std=0.000004
      draw 400/800  L_train=0.000001 (w*=0.000001)  phi_std=0.000004
      draw 500/800  L_train=0.000002 (w*=0.000001)  phi_std=0.000003
      draw 600/800  L_train=0.000002 (w*=0.000001)  phi_std=0.000003
      draw 700/800  L_train=0.000001 (w*=0.000001)  phi_std=0.000003
      draw 800/800  L_train=0.000001 (w*=0.000001)  phi_std=0.000003
    chi[0,3]: mean=4.01e-07  std=7.28e-07  L_train mean=0.000002  L_train std=0.000003  L_train(w*)=0.000001
  layer=1 head=0
      draw 100/800  L_train=0.000001 (w*=0.000001)  phi_std=0.000000
      draw 200/800  L_train=0.000001 (w*=0.000001)  phi_std=0.000000
      draw 300/800  L_train=0.000001 (w*=0.000001)  phi_std=0.000000
      draw 400/800  L_train=0.000001 (w*=0.000001)  phi_std=0.000000
      draw 500/800  L_train=0.000001 (w*=0.000001)  phi_std=0.000000
      draw 600/800  L_train=0.000001 (w*=0.000001)  phi_std=0.000000
      draw 700/800  L_train=0.000001 (w*=0.000001)  phi_std=0.000000
      draw 800/800  L_train=0.000001 (w*=0.000001)  phi_std=0.000000
    chi[1,0]: mean=-3.45e-09  std=6.61e-09  L_train mean=0.000001  L_train std=0.000000  L_train(w*)=0.000001
  layer=1 head=1
      draw 100/800  L_train=0.000001 (w*=0.000001)  phi_std=0.000000
      draw 200/800  L_train=0.000001 (w*=0.000001)  phi_std=0.000000
      draw 300/800  L_train=0.000001 (w*=0.000001)  phi_std=0.000000
      draw 400/800  L_train=0.000001 (w*=0.000001)  phi_std=0.000000
      draw 500/800  L_train=0.000001 (w*=0.000001)  phi_std=0.000000
      draw 600/800  L_train=0.000001 (w*=0.000001)  phi_std=0.000000
      draw 700/800  L_train=0.000001 (w*=0.000001)  phi_std=0.000000
      draw 800/800  L_train=0.000001 (w*=0.000001)  phi_std=0.000000
    chi[1,1]: mean=4.63e-10  std=8.69e-10  L_train mean=0.000001  L_train std=0.000000  L_train(w*)=0.000001
  layer=1 head=2
      draw 100/800  L_train=0.000001 (w*=0.000001)  phi_std=0.000000
      draw 200/800  L_train=0.000001 (w*=0.000001)  phi_std=0.000000
      draw 300/800  L_train=0.000001 (w*=0.000001)  phi_std=0.000000
      draw 400/800  L_train=0.000001 (w*=0.000001)  phi_std=0.000000
      draw 500/800  L_train=0.000001 (w*=0.000001)  phi_std=0.000000
      draw 600/800  L_train=0.000001 (w*=0.000001)  phi_std=0.000000
      draw 700/800  L_train=0.000001 (w*=0.000001)  phi_std=0.000000
      draw 800/800  L_train=0.000001 (w*=0.000001)  phi_std=0.000000
    chi[1,2]: mean=-1.87e-09  std=3.30e-09  L_train mean=0.000001  L_train std=0.000000  L_train(w*)=0.000001
  layer=1 head=3
      draw 100/800  L_train=0.000001 (w*=0.000001)  phi_std=0.000000
      draw 200/800  L_train=0.000001 (w*=0.000001)  phi_std=0.000000
      draw 300/800  L_train=0.000001 (w*=0.000001)  phi_std=0.000000
      draw 400/800  L_train=0.000001 (w*=0.000001)  phi_std=0.000000
      draw 500/800  L_train=0.000001 (w*=0.000001)  phi_std=0.000000
      draw 600/800  L_train=0.000001 (w*=0.000001)  phi_std=0.000000
      draw 700/800  L_train=0.000001 (w*=0.000001)  phi_std=0.000000
      draw 800/800  L_train=0.000001 (w*=0.000001)  phi_std=0.000000
    chi[1,3]: mean=1.42e-09  std=2.61e-09  L_train mean=0.000001  L_train std=0.000000  L_train(w*)=0.000001
  layer=2 head=0
      draw 100/800  L_train=0.000001 (w*=0.000001)  phi_std=0.000000
      draw 200/800  L_train=0.000001 (w*=0.000001)  phi_std=0.000000
      draw 300/800  L_train=0.000001 (w*=0.000001)  phi_std=0.000000
      draw 400/800  L_train=0.000001 (w*=0.000001)  phi_std=0.000000
      draw 500/800  L_train=0.000001 (w*=0.000001)  phi_std=0.000000
      draw 600/800  L_train=0.000001 (w*=0.000001)  phi_std=0.000000
      draw 700/800  L_train=0.000001 (w*=0.000001)  phi_std=0.000000
      draw 800/800  L_train=0.000001 (w*=0.000001)  phi_std=0.000000
    chi[2,0]: mean=5.47e-11  std=4.72e-10  L_train mean=0.000001  L_train std=0.000000  L_train(w*)=0.000001
  layer=2 head=1
      draw 100/800  L_train=0.000001 (w*=0.000001)  phi_std=0.000000
      draw 200/800  L_train=0.000001 (w*=0.000001)  phi_std=0.000000
      draw 300/800  L_train=0.000001 (w*=0.000001)  phi_std=0.000000
      draw 400/800  L_train=0.000001 (w*=0.000001)  phi_std=0.000000
      draw 500/800  L_train=0.000001 (w*=0.000001)  phi_std=0.000000
      draw 600/800  L_train=0.000001 (w*=0.000001)  phi_std=0.000000
      draw 700/800  L_train=0.000001 (w*=0.000001)  phi_std=0.000000
      draw 800/800  L_train=0.000001 (w*=0.000001)  phi_std=0.000000
    chi[2,1]: mean=3.54e-11  std=2.14e-10  L_train mean=0.000001  L_train std=0.000000  L_train(w*)=0.000001
  layer=2 head=2
      draw 100/800  L_train=0.000001 (w*=0.000001)  phi_std=0.000000
      draw 200/800  L_train=0.000001 (w*=0.000001)  phi_std=0.000000
      draw 300/800  L_train=0.000001 (w*=0.000001)  phi_std=0.000000
      draw 400/800  L_train=0.000001 (w*=0.000001)  phi_std=0.000000
      draw 500/800  L_train=0.000001 (w*=0.000001)  phi_std=0.000000
      draw 600/800  L_train=0.000001 (w*=0.000001)  phi_std=0.000000
      draw 700/800  L_train=0.000001 (w*=0.000001)  phi_std=0.000000
      draw 800/800  L_train=0.000001 (w*=0.000001)  phi_std=0.000000
    chi[2,2]: mean=1.54e-10  std=3.79e-10  L_train mean=0.000001  L_train std=0.000000  L_train(w*)=0.000001
  layer=2 head=3
      draw 100/800  L_train=0.000001 (w*=0.000001)  phi_std=0.000000
      draw 200/800  L_train=0.000001 (w*=0.000001)  phi_std=0.000000
      draw 300/800  L_train=0.000001 (w*=0.000001)  phi_std=0.000000
      draw 400/800  L_train=0.000001 (w*=0.000001)  phi_std=0.000000
      draw 500/800  L_train=0.000001 (w*=0.000001)  phi_std=0.000000
      draw 600/800  L_train=0.000001 (w*=0.000001)  phi_std=0.000000
      draw 700/800  L_train=0.000001 (w*=0.000001)  phi_std=0.000000
      draw 800/800  L_train=0.000001 (w*=0.000001)  phi_std=0.000000
    chi[2,3]: mean=1.70e-10  std=5.27e-10  L_train mean=0.000001  L_train std=0.000000  L_train(w*)=0.000001
  Saved /root/id-predict-ood/cptsusceptibility/results/80b6c3f3_cpt.npy  shape=(3, 4, 200)

[14/25] model 89bf143b
  layer=0 head=0
      draw 100/800  L_train=0.000000 (w*=0.000000)  phi_std=0.000000
      draw 200/800  L_train=0.000000 (w*=0.000000)  phi_std=0.000000
      draw 300/800  L_train=0.000000 (w*=0.000000)  phi_std=0.000000
      draw 400/800  L_train=0.000000 (w*=0.000000)  phi_std=0.000000
      draw 500/800  L_train=0.000000 (w*=0.000000)  phi_std=0.000000
      draw 600/800  L_train=0.000000 (w*=0.000000)  phi_std=0.000000
      draw 700/800  L_train=0.000000 (w*=0.000000)  phi_std=0.000000
      draw 800/800  L_train=0.000000 (w*=0.000000)  phi_std=0.000000
    chi[0,0]: mean=0.00e+00  std=0.00e+00  L_train mean=0.000000  L_train std=0.000000  L_train(w*)=0.000000
  layer=0 head=1
      draw 100/800  L_train=0.000000 (w*=0.000000)  phi_std=0.000000
      draw 200/800  L_train=0.000000 (w*=0.000000)  phi_std=0.000000
      draw 300/800  L_train=0.000000 (w*=0.000000)  phi_std=0.000000
      draw 400/800  L_train=0.000000 (w*=0.000000)  phi_std=0.000000
      draw 500/800  L_train=0.000000 (w*=0.000000)  phi_std=0.000000
      draw 600/800  L_train=0.000000 (w*=0.000000)  phi_std=0.000000
      draw 700/800  L_train=0.000000 (w*=0.000000)  phi_std=0.000000
      draw 800/800  L_train=0.000000 (w*=0.000000)  phi_std=0.000000
    chi[0,1]: mean=0.00e+00  std=0.00e+00  L_train mean=0.000000  L_train std=0.000000  L_train(w*)=0.000000
  layer=0 head=2
      draw 100/800  L_train=0.000000 (w*=0.000000)  phi_std=0.000000
      draw 200/800  L_train=0.000000 (w*=0.000000)  phi_std=0.000000
      draw 300/800  L_train=0.000000 (w*=0.000000)  phi_std=0.000000
      draw 400/800  L_train=0.000000 (w*=0.000000)  phi_std=0.000000
      draw 500/800  L_train=0.000000 (w*=0.000000)  phi_std=0.000000
      draw 600/800  L_train=0.000000 (w*=0.000000)  phi_std=0.000000
      draw 700/800  L_train=0.000000 (w*=0.000000)  phi_std=0.000000
      draw 800/800  L_train=0.000000 (w*=0.000000)  phi_std=0.000000
    chi[0,2]: mean=0.00e+00  std=0.00e+00  L_train mean=0.000000  L_train std=0.000000  L_train(w*)=0.000000
  layer=0 head=3
      draw 100/800  L_train=0.000000 (w*=0.000000)  phi_std=0.000000
      draw 200/800  L_train=0.000000 (w*=0.000000)  phi_std=0.000000
      draw 300/800  L_train=0.000000 (w*=0.000000)  phi_std=0.000000
      draw 400/800  L_train=0.000000 (w*=0.000000)  phi_std=0.000000
      draw 500/800  L_train=0.000000 (w*=0.000000)  phi_std=0.000000
      draw 600/800  L_train=0.000000 (w*=0.000000)  phi_std=0.000000
      draw 700/800  L_train=0.000000 (w*=0.000000)  phi_std=0.000000
      draw 800/800  L_train=0.000000 (w*=0.000000)  phi_std=0.000000
    chi[0,3]: mean=0.00e+00  std=0.00e+00  L_train mean=0.000000  L_train std=0.000000  L_train(w*)=0.000000
  layer=1 head=0
      draw 100/800  L_train=0.000000 (w*=0.000000)  phi_std=0.000000
      draw 200/800  L_train=0.000000 (w*=0.000000)  phi_std=0.000000
      draw 300/800  L_train=0.000000 (w*=0.000000)  phi_std=0.000000
      draw 400/800  L_train=0.000000 (w*=0.000000)  phi_std=0.000000
      draw 500/800  L_train=0.000000 (w*=0.000000)  phi_std=0.000000
      draw 600/800  L_train=0.000000 (w*=0.000000)  phi_std=0.000000
      draw 700/800  L_train=0.000000 (w*=0.000000)  phi_std=0.000000
      draw 800/800  L_train=0.000000 (w*=0.000000)  phi_std=0.000000
    chi[1,0]: mean=0.00e+00  std=0.00e+00  L_train mean=0.000000  L_train std=0.000000  L_train(w*)=0.000000
  layer=1 head=1
      draw 100/800  L_train=0.000000 (w*=0.000000)  phi_std=0.000000
      draw 200/800  L_train=0.000000 (w*=0.000000)  phi_std=0.000000
      draw 300/800  L_train=0.000000 (w*=0.000000)  phi_std=0.000000
      draw 400/800  L_train=0.000000 (w*=0.000000)  phi_std=0.000000
      draw 500/800  L_train=0.000000 (w*=0.000000)  phi_std=0.000000
      draw 600/800  L_train=0.000000 (w*=0.000000)  phi_std=0.000000
      draw 700/800  L_train=0.000000 (w*=0.000000)  phi_std=0.000000
      draw 800/800  L_train=0.000000 (w*=0.000000)  phi_std=0.000000
    chi[1,1]: mean=0.00e+00  std=0.00e+00  L_train mean=0.000000  L_train std=0.000000  L_train(w*)=0.000000
  layer=1 head=2
      draw 100/800  L_train=0.000000 (w*=0.000000)  phi_std=0.000000
      draw 200/800  L_train=0.000000 (w*=0.000000)  phi_std=0.000000
      draw 300/800  L_train=0.000000 (w*=0.000000)  phi_std=0.000000
      draw 400/800  L_train=0.000000 (w*=0.000000)  phi_std=0.000000
      draw 500/800  L_train=0.000000 (w*=0.000000)  phi_std=0.000000
      draw 600/800  L_train=0.000000 (w*=0.000000)  phi_std=0.000000
      draw 700/800  L_train=0.000000 (w*=0.000000)  phi_std=0.000000
      draw 800/800  L_train=0.000000 (w*=0.000000)  phi_std=0.000000
    chi[1,2]: mean=0.00e+00  std=0.00e+00  L_train mean=0.000000  L_train std=0.000000  L_train(w*)=0.000000
  layer=1 head=3
      draw 100/800  L_train=0.000000 (w*=0.000000)  phi_std=0.000000
      draw 200/800  L_train=0.000000 (w*=0.000000)  phi_std=0.000000
      draw 300/800  L_train=0.000000 (w*=0.000000)  phi_std=0.000000
      draw 400/800  L_train=0.000000 (w*=0.000000)  phi_std=0.000000
      draw 500/800  L_train=0.000000 (w*=0.000000)  phi_std=0.000000
      draw 600/800  L_train=0.000000 (w*=0.000000)  phi_std=0.000000
      draw 700/800  L_train=0.000000 (w*=0.000000)  phi_std=0.000000
      draw 800/800  L_train=0.000000 (w*=0.000000)  phi_std=0.000000
    chi[1,3]: mean=0.00e+00  std=0.00e+00  L_train mean=0.000000  L_train std=0.000000  L_train(w*)=0.000000
  layer=2 head=0
      draw 100/800  L_train=0.000000 (w*=0.000000)  phi_std=0.000000
      draw 200/800  L_train=0.000000 (w*=0.000000)  phi_std=0.000000
      draw 300/800  L_train=0.000000 (w*=0.000000)  phi_std=0.000000
      draw 400/800  L_train=0.000000 (w*=0.000000)  phi_std=0.000000
      draw 500/800  L_train=0.000000 (w*=0.000000)  phi_std=0.000000
      draw 600/800  L_train=0.000000 (w*=0.000000)  phi_std=0.000000
      draw 700/800  L_train=0.000000 (w*=0.000000)  phi_std=0.000000
      draw 800/800  L_train=0.000000 (w*=0.000000)  phi_std=0.000000
    chi[2,0]: mean=0.00e+00  std=0.00e+00  L_train mean=0.000000  L_train std=0.000000  L_train(w*)=0.000000
  layer=2 head=1
      draw 100/800  L_train=0.000000 (w*=0.000000)  phi_std=0.000000
      draw 200/800  L_train=0.000000 (w*=0.000000)  phi_std=0.000000
      draw 300/800  L_train=0.000000 (w*=0.000000)  phi_std=0.000000
      draw 400/800  L_train=0.000000 (w*=0.000000)  phi_std=0.000000
      draw 500/800  L_train=0.000000 (w*=0.000000)  phi_std=0.000000
      draw 600/800  L_train=0.000000 (w*=0.000000)  phi_std=0.000000
      draw 700/800  L_train=0.000000 (w*=0.000000)  phi_std=0.000000
      draw 800/800  L_train=0.000000 (w*=0.000000)  phi_std=0.000000
    chi[2,1]: mean=0.00e+00  std=0.00e+00  L_train mean=0.000000  L_train std=0.000000  L_train(w*)=0.000000
  layer=2 head=2
      draw 100/800  L_train=0.000000 (w*=0.000000)  phi_std=0.000000
      draw 200/800  L_train=0.000000 (w*=0.000000)  phi_std=0.000000
      draw 300/800  L_train=0.000000 (w*=0.000000)  phi_std=0.000000
      draw 400/800  L_train=0.000000 (w*=0.000000)  phi_std=0.000000
      draw 500/800  L_train=0.000000 (w*=0.000000)  phi_std=0.000000
      draw 600/800  L_train=0.000000 (w*=0.000000)  phi_std=0.000000
      draw 700/800  L_train=0.000000 (w*=0.000000)  phi_std=0.000000
      draw 800/800  L_train=0.000000 (w*=0.000000)  phi_std=0.000000
    chi[2,2]: mean=0.00e+00  std=0.00e+00  L_train mean=0.000000  L_train std=0.000000  L_train(w*)=0.000000
  layer=2 head=3
      draw 100/800  L_train=0.000000 (w*=0.000000)  phi_std=0.000000
      draw 200/800  L_train=0.000000 (w*=0.000000)  phi_std=0.000000
      draw 300/800  L_train=0.000000 (w*=0.000000)  phi_std=0.000000
      draw 400/800  L_train=0.000000 (w*=0.000000)  phi_std=0.000000
      draw 500/800  L_train=0.000000 (w*=0.000000)  phi_std=0.000000
      draw 600/800  L_train=0.000000 (w*=0.000000)  phi_std=0.000000
      draw 700/800  L_train=0.000000 (w*=0.000000)  phi_std=0.000000
      draw 800/800  L_train=0.000000 (w*=0.000000)  phi_std=0.000000
    chi[2,3]: mean=0.00e+00  std=0.00e+00  L_train mean=0.000000  L_train std=0.000000  L_train(w*)=0.000000
  Saved /root/id-predict-ood/cptsusceptibility/results/89bf143b_cpt.npy  shape=(3, 4, 200)

[15/25] model 8c900cd9
  layer=0 head=0
      draw 100/800  L_train=0.000000 (w*=0.000000)  phi_std=0.000000
      draw 200/800  L_train=0.000000 (w*=0.000000)  phi_std=0.000000
      draw 300/800  L_train=0.000000 (w*=0.000000)  phi_std=0.000000
      draw 400/800  L_train=0.000000 (w*=0.000000)  phi_std=0.000000
      draw 500/800  L_train=0.000000 (w*=0.000000)  phi_std=0.000000
      draw 600/800  L_train=0.000000 (w*=0.000000)  phi_std=0.000000
      draw 700/800  L_train=0.000000 (w*=0.000000)  phi_std=0.000000
      draw 800/800  L_train=0.000000 (w*=0.000000)  phi_std=0.000000
    chi[0,0]: mean=0.00e+00  std=0.00e+00  L_train mean=0.000000  L_train std=0.000000  L_train(w*)=0.000000
  layer=0 head=1
      draw 100/800  L_train=0.000000 (w*=0.000000)  phi_std=0.000000
      draw 200/800  L_train=0.000000 (w*=0.000000)  phi_std=0.000000
      draw 300/800  L_train=0.000000 (w*=0.000000)  phi_std=0.000000
      draw 400/800  L_train=0.000000 (w*=0.000000)  phi_std=0.000000
      draw 500/800  L_train=0.000000 (w*=0.000000)  phi_std=0.000000
      draw 600/800  L_train=0.000000 (w*=0.000000)  phi_std=0.000000
      draw 700/800  L_train=0.000000 (w*=0.000000)  phi_std=0.000000
      draw 800/800  L_train=0.000000 (w*=0.000000)  phi_std=0.000000
    chi[0,1]: mean=0.00e+00  std=0.00e+00  L_train mean=0.000000  L_train std=0.000000  L_train(w*)=0.000000
  layer=0 head=2
      draw 100/800  L_train=0.000000 (w*=0.000000)  phi_std=0.000000
      draw 200/800  L_train=0.000000 (w*=0.000000)  phi_std=0.000000
      draw 300/800  L_train=0.000000 (w*=0.000000)  phi_std=0.000000
      draw 400/800  L_train=0.000000 (w*=0.000000)  phi_std=0.000000
      draw 500/800  L_train=0.000000 (w*=0.000000)  phi_std=0.000000
      draw 600/800  L_train=0.000000 (w*=0.000000)  phi_std=0.000000
      draw 700/800  L_train=0.000000 (w*=0.000000)  phi_std=0.000000
      draw 800/800  L_train=0.000000 (w*=0.000000)  phi_std=0.000000
    chi[0,2]: mean=0.00e+00  std=0.00e+00  L_train mean=0.000000  L_train std=0.000000  L_train(w*)=0.000000
  layer=0 head=3
      draw 100/800  L_train=0.000000 (w*=0.000000)  phi_std=0.000000
      draw 200/800  L_train=0.000000 (w*=0.000000)  phi_std=0.000000
      draw 300/800  L_train=0.000000 (w*=0.000000)  phi_std=0.000000
      draw 400/800  L_train=0.000000 (w*=0.000000)  phi_std=0.000000
      draw 500/800  L_train=0.000000 (w*=0.000000)  phi_std=0.000000
      draw 600/800  L_train=0.000000 (w*=0.000000)  phi_std=0.000000
      draw 700/800  L_train=0.000000 (w*=0.000000)  phi_std=0.000000
      draw 800/800  L_train=0.000000 (w*=0.000000)  phi_std=0.000000
    chi[0,3]: mean=0.00e+00  std=0.00e+00  L_train mean=0.000000  L_train std=0.000000  L_train(w*)=0.000000
  layer=1 head=0
      draw 100/800  L_train=0.000000 (w*=0.000000)  phi_std=0.000000
      draw 200/800  L_train=0.000000 (w*=0.000000)  phi_std=0.000000
      draw 300/800  L_train=0.000000 (w*=0.000000)  phi_std=0.000000
      draw 400/800  L_train=0.000000 (w*=0.000000)  phi_std=0.000000
      draw 500/800  L_train=0.000000 (w*=0.000000)  phi_std=0.000000
      draw 600/800  L_train=0.000000 (w*=0.000000)  phi_std=0.000000
      draw 700/800  L_train=0.000000 (w*=0.000000)  phi_std=0.000000
      draw 800/800  L_train=0.000000 (w*=0.000000)  phi_std=0.000000
    chi[1,0]: mean=0.00e+00  std=0.00e+00  L_train mean=0.000000  L_train std=0.000000  L_train(w*)=0.000000
  layer=1 head=1
      draw 100/800  L_train=0.000000 (w*=0.000000)  phi_std=0.000000
      draw 200/800  L_train=0.000000 (w*=0.000000)  phi_std=0.000000
      draw 300/800  L_train=0.000000 (w*=0.000000)  phi_std=0.000000
      draw 400/800  L_train=0.000000 (w*=0.000000)  phi_std=0.000000
      draw 500/800  L_train=0.000000 (w*=0.000000)  phi_std=0.000000
      draw 600/800  L_train=0.000000 (w*=0.000000)  phi_std=0.000000
      draw 700/800  L_train=0.000000 (w*=0.000000)  phi_std=0.000000
      draw 800/800  L_train=0.000000 (w*=0.000000)  phi_std=0.000000
    chi[1,1]: mean=0.00e+00  std=0.00e+00  L_train mean=0.000000  L_train std=0.000000  L_train(w*)=0.000000
  layer=1 head=2
      draw 100/800  L_train=0.000000 (w*=0.000000)  phi_std=0.000000
      draw 200/800  L_train=0.000000 (w*=0.000000)  phi_std=0.000000
      draw 300/800  L_train=0.000000 (w*=0.000000)  phi_std=0.000000
      draw 400/800  L_train=0.000000 (w*=0.000000)  phi_std=0.000000
      draw 500/800  L_train=0.000000 (w*=0.000000)  phi_std=0.000000
      draw 600/800  L_train=0.000000 (w*=0.000000)  phi_std=0.000000
      draw 700/800  L_train=0.000000 (w*=0.000000)  phi_std=0.000000
      draw 800/800  L_train=0.000000 (w*=0.000000)  phi_std=0.000000
    chi[1,2]: mean=0.00e+00  std=0.00e+00  L_train mean=0.000000  L_train std=0.000000  L_train(w*)=0.000000
  layer=1 head=3
      draw 100/800  L_train=0.000000 (w*=0.000000)  phi_std=0.000000
      draw 200/800  L_train=0.000000 (w*=0.000000)  phi_std=0.000000
      draw 300/800  L_train=0.000000 (w*=0.000000)  phi_std=0.000000
      draw 400/800  L_train=0.000000 (w*=0.000000)  phi_std=0.000000
      draw 500/800  L_train=0.000000 (w*=0.000000)  phi_std=0.000000
      draw 600/800  L_train=0.000000 (w*=0.000000)  phi_std=0.000000
      draw 700/800  L_train=0.000000 (w*=0.000000)  phi_std=0.000000
      draw 800/800  L_train=0.000000 (w*=0.000000)  phi_std=0.000000
    chi[1,3]: mean=0.00e+00  std=0.00e+00  L_train mean=0.000000  L_train std=0.000000  L_train(w*)=0.000000
  layer=2 head=0
      draw 100/800  L_train=0.000000 (w*=0.000000)  phi_std=0.000000
      draw 200/800  L_train=0.000000 (w*=0.000000)  phi_std=0.000000
      draw 300/800  L_train=0.000000 (w*=0.000000)  phi_std=0.000000
      draw 400/800  L_train=0.000000 (w*=0.000000)  phi_std=0.000000
      draw 500/800  L_train=0.000000 (w*=0.000000)  phi_std=0.000000
      draw 600/800  L_train=0.000000 (w*=0.000000)  phi_std=0.000000
      draw 700/800  L_train=0.000000 (w*=0.000000)  phi_std=0.000000
      draw 800/800  L_train=0.000000 (w*=0.000000)  phi_std=0.000000
    chi[2,0]: mean=0.00e+00  std=0.00e+00  L_train mean=0.000000  L_train std=0.000000  L_train(w*)=0.000000
  layer=2 head=1
      draw 100/800  L_train=0.000000 (w*=0.000000)  phi_std=0.000000
      draw 200/800  L_train=0.000000 (w*=0.000000)  phi_std=0.000000
      draw 300/800  L_train=0.000000 (w*=0.000000)  phi_std=0.000000
      draw 400/800  L_train=0.000000 (w*=0.000000)  phi_std=0.000000
      draw 500/800  L_train=0.000000 (w*=0.000000)  phi_std=0.000000
      draw 600/800  L_train=0.000000 (w*=0.000000)  phi_std=0.000000
      draw 700/800  L_train=0.000000 (w*=0.000000)  phi_std=0.000000
      draw 800/800  L_train=0.000000 (w*=0.000000)  phi_std=0.000000
    chi[2,1]: mean=0.00e+00  std=0.00e+00  L_train mean=0.000000  L_train std=0.000000  L_train(w*)=0.000000
  layer=2 head=2
      draw 100/800  L_train=0.000000 (w*=0.000000)  phi_std=0.000000
      draw 200/800  L_train=0.000000 (w*=0.000000)  phi_std=0.000000
      draw 300/800  L_train=0.000000 (w*=0.000000)  phi_std=0.000000
      draw 400/800  L_train=0.000000 (w*=0.000000)  phi_std=0.000000
      draw 500/800  L_train=0.000000 (w*=0.000000)  phi_std=0.000000
      draw 600/800  L_train=0.000000 (w*=0.000000)  phi_std=0.000000
      draw 700/800  L_train=0.000000 (w*=0.000000)  phi_std=0.000000
      draw 800/800  L_train=0.000000 (w*=0.000000)  phi_std=0.000000
    chi[2,2]: mean=0.00e+00  std=0.00e+00  L_train mean=0.000000  L_train std=0.000000  L_train(w*)=0.000000
  layer=2 head=3
      draw 100/800  L_train=0.000000 (w*=0.000000)  phi_std=0.000000
      draw 200/800  L_train=0.000000 (w*=0.000000)  phi_std=0.000000
      draw 300/800  L_train=0.000000 (w*=0.000000)  phi_std=0.000000
      draw 400/800  L_train=0.000000 (w*=0.000000)  phi_std=0.000000
      draw 500/800  L_train=0.000000 (w*=0.000000)  phi_std=0.000000
      draw 600/800  L_train=0.000000 (w*=0.000000)  phi_std=0.000000
      draw 700/800  L_train=0.000000 (w*=0.000000)  phi_std=0.000000
      draw 800/800  L_train=0.000000 (w*=0.000000)  phi_std=0.000000
    chi[2,3]: mean=0.00e+00  std=0.00e+00  L_train mean=0.000000  L_train std=0.000000  L_train(w*)=0.000000
  Saved /root/id-predict-ood/cptsusceptibility/results/8c900cd9_cpt.npy  shape=(3, 4, 200)

[16/25] model 91a28cba
  layer=0 head=0
      draw 100/800  L_train=0.000014 (w*=0.000010)  phi_std=0.000001
      draw 200/800  L_train=0.000011 (w*=0.000010)  phi_std=0.000002
      draw 300/800  L_train=0.000011 (w*=0.000010)  phi_std=0.000003
      draw 400/800  L_train=0.000014 (w*=0.000010)  phi_std=0.000002
      draw 500/800  L_train=0.000014 (w*=0.000010)  phi_std=0.000004
      draw 600/800  L_train=0.000010 (w*=0.000010)  phi_std=0.000004
      draw 700/800  L_train=0.000011 (w*=0.000010)  phi_std=0.000004
      draw 800/800  L_train=0.000010 (w*=0.000010)  phi_std=0.000004
    chi[0,0]: mean=2.12e-07  std=1.20e-06  L_train mean=0.000014  L_train std=0.000004  L_train(w*)=0.000010
  layer=0 head=1
      draw 100/800  L_train=0.000010 (w*=0.000010)  phi_std=0.000001
      draw 200/800  L_train=0.000010 (w*=0.000010)  phi_std=0.000001
      draw 300/800  L_train=0.000011 (w*=0.000010)  phi_std=0.000001
      draw 400/800  L_train=0.000011 (w*=0.000010)  phi_std=0.000001
      draw 500/800  L_train=0.000013 (w*=0.000010)  phi_std=0.000002
      draw 600/800  L_train=0.000013 (w*=0.000010)  phi_std=0.000002
      draw 700/800  L_train=0.000019 (w*=0.000010)  phi_std=0.000002
      draw 800/800  L_train=0.000026 (w*=0.000010)  phi_std=0.000004
    chi[0,1]: mean=1.58e-07  std=9.20e-07  L_train mean=0.000013  L_train std=0.000004  L_train(w*)=0.000010
  layer=0 head=2
      draw 100/800  L_train=0.000011 (w*=0.000010)  phi_std=0.000002
      draw 200/800  L_train=0.000014 (w*=0.000010)  phi_std=0.000002
      draw 300/800  L_train=0.000013 (w*=0.000010)  phi_std=0.000003
      draw 400/800  L_train=0.000011 (w*=0.000010)  phi_std=0.000003
      draw 500/800  L_train=0.000013 (w*=0.000010)  phi_std=0.000002
      draw 600/800  L_train=0.000011 (w*=0.000010)  phi_std=0.000002
      draw 700/800  L_train=0.000014 (w*=0.000010)  phi_std=0.000002
      draw 800/800  L_train=0.000011 (w*=0.000010)  phi_std=0.000002
    chi[0,2]: mean=1.02e-08  std=4.73e-07  L_train mean=0.000012  L_train std=0.000002  L_train(w*)=0.000010
  layer=0 head=3
      draw 100/800  L_train=0.000009 (w*=0.000010)  phi_std=0.000004
      draw 200/800  L_train=0.000010 (w*=0.000010)  phi_std=0.000003
      draw 300/800  L_train=0.000011 (w*=0.000010)  phi_std=0.000003
      draw 400/800  L_train=0.000017 (w*=0.000010)  phi_std=0.000003
      draw 500/800  L_train=0.000017 (w*=0.000010)  phi_std=0.000004
      draw 600/800  L_train=0.000015 (w*=0.000010)  phi_std=0.000004
      draw 700/800  L_train=0.000018 (w*=0.000010)  phi_std=0.000004
      draw 800/800  L_train=0.000012 (w*=0.000010)  phi_std=0.000004
    chi[0,3]: mean=6.60e-07  std=1.35e-06  L_train mean=0.000013  L_train std=0.000004  L_train(w*)=0.000010
  layer=1 head=0
      draw 100/800  L_train=0.000010 (w*=0.000010)  phi_std=0.000000
      draw 200/800  L_train=0.000010 (w*=0.000010)  phi_std=0.000001
      draw 300/800  L_train=0.000010 (w*=0.000010)  phi_std=0.000000
      draw 400/800  L_train=0.000010 (w*=0.000010)  phi_std=0.000000
      draw 500/800  L_train=0.000011 (w*=0.000010)  phi_std=0.000000
      draw 600/800  L_train=0.000010 (w*=0.000010)  phi_std=0.000000
      draw 700/800  L_train=0.000010 (w*=0.000010)  phi_std=0.000000
      draw 800/800  L_train=0.000011 (w*=0.000010)  phi_std=0.000000
    chi[1,0]: mean=-4.73e-09  std=9.26e-09  L_train mean=0.000010  L_train std=0.000000  L_train(w*)=0.000010
  layer=1 head=1
      draw 100/800  L_train=0.000010 (w*=0.000010)  phi_std=0.000000
      draw 200/800  L_train=0.000011 (w*=0.000010)  phi_std=0.000000
      draw 300/800  L_train=0.000011 (w*=0.000010)  phi_std=0.000000
      draw 400/800  L_train=0.000011 (w*=0.000010)  phi_std=0.000000
      draw 500/800  L_train=0.000011 (w*=0.000010)  phi_std=0.000000
      draw 600/800  L_train=0.000012 (w*=0.000010)  phi_std=0.000000
      draw 700/800  L_train=0.000011 (w*=0.000010)  phi_std=0.000000
      draw 800/800  L_train=0.000011 (w*=0.000010)  phi_std=0.000000
    chi[1,1]: mean=-2.95e-09  std=6.71e-09  L_train mean=0.000011  L_train std=0.000000  L_train(w*)=0.000010
  layer=1 head=2
      draw 100/800  L_train=0.000010 (w*=0.000010)  phi_std=0.000000
      draw 200/800  L_train=0.000010 (w*=0.000010)  phi_std=0.000000
      draw 300/800  L_train=0.000010 (w*=0.000010)  phi_std=0.000000
      draw 400/800  L_train=0.000010 (w*=0.000010)  phi_std=0.000000
      draw 500/800  L_train=0.000010 (w*=0.000010)  phi_std=0.000000
      draw 600/800  L_train=0.000010 (w*=0.000010)  phi_std=0.000000
      draw 700/800  L_train=0.000010 (w*=0.000010)  phi_std=0.000000
      draw 800/800  L_train=0.000010 (w*=0.000010)  phi_std=0.000000
    chi[1,2]: mean=-4.27e-09  std=7.84e-09  L_train mean=0.000010  L_train std=0.000000  L_train(w*)=0.000010
  layer=1 head=3
      draw 100/800  L_train=0.000011 (w*=0.000010)  phi_std=0.000000
      draw 200/800  L_train=0.000011 (w*=0.000010)  phi_std=0.000000
      draw 300/800  L_train=0.000011 (w*=0.000010)  phi_std=0.000001
      draw 400/800  L_train=0.000011 (w*=0.000010)  phi_std=0.000000
      draw 500/800  L_train=0.000010 (w*=0.000010)  phi_std=0.000001
      draw 600/800  L_train=0.000010 (w*=0.000010)  phi_std=0.000001
      draw 700/800  L_train=0.000010 (w*=0.000010)  phi_std=0.000001
      draw 800/800  L_train=0.000010 (w*=0.000010)  phi_std=0.000001
    chi[1,3]: mean=-1.12e-08  std=2.79e-08  L_train mean=0.000011  L_train std=0.000001  L_train(w*)=0.000010
  layer=2 head=0
      draw 100/800  L_train=0.000012 (w*=0.000010)  phi_std=0.000000
      draw 200/800  L_train=0.000011 (w*=0.000010)  phi_std=0.000001
      draw 300/800  L_train=0.000011 (w*=0.000010)  phi_std=0.000001
      draw 400/800  L_train=0.000011 (w*=0.000010)  phi_std=0.000001
      draw 500/800  L_train=0.000011 (w*=0.000010)  phi_std=0.000001
      draw 600/800  L_train=0.000010 (w*=0.000010)  phi_std=0.000001
      draw 700/800  L_train=0.000011 (w*=0.000010)  phi_std=0.000001
      draw 800/800  L_train=0.000010 (w*=0.000010)  phi_std=0.000001
    chi[2,0]: mean=-4.06e-09  std=7.22e-09  L_train mean=0.000011  L_train std=0.000001  L_train(w*)=0.000010
  layer=2 head=1
      draw 100/800  L_train=0.000010 (w*=0.000010)  phi_std=0.000000
      draw 200/800  L_train=0.000009 (w*=0.000010)  phi_std=0.000000
      draw 300/800  L_train=0.000011 (w*=0.000010)  phi_std=0.000001
      draw 400/800  L_train=0.000011 (w*=0.000010)  phi_std=0.000001
      draw 500/800  L_train=0.000012 (w*=0.000010)  phi_std=0.000001
      draw 600/800  L_train=0.000013 (w*=0.000010)  phi_std=0.000001
      draw 700/800  L_train=0.000013 (w*=0.000010)  phi_std=0.000001
      draw 800/800  L_train=0.000010 (w*=0.000010)  phi_std=0.000001
    chi[2,1]: mean=-3.48e-08  std=4.67e-08  L_train mean=0.000011  L_train std=0.000001  L_train(w*)=0.000010
  layer=2 head=2
      draw 100/800  L_train=0.000011 (w*=0.000010)  phi_std=0.000000
      draw 200/800  L_train=0.000010 (w*=0.000010)  phi_std=0.000000
      draw 300/800  L_train=0.000010 (w*=0.000010)  phi_std=0.000000
      draw 400/800  L_train=0.000010 (w*=0.000010)  phi_std=0.000000
      draw 500/800  L_train=0.000011 (w*=0.000010)  phi_std=0.000000
      draw 600/800  L_train=0.000011 (w*=0.000010)  phi_std=0.000000
      draw 700/800  L_train=0.000010 (w*=0.000010)  phi_std=0.000000
      draw 800/800  L_train=0.000011 (w*=0.000010)  phi_std=0.000000
    chi[2,2]: mean=-1.60e-09  std=3.24e-09  L_train mean=0.000010  L_train std=0.000000  L_train(w*)=0.000010
  layer=2 head=3
      draw 100/800  L_train=0.000011 (w*=0.000010)  phi_std=0.000000
      draw 200/800  L_train=0.000010 (w*=0.000010)  phi_std=0.000000
      draw 300/800  L_train=0.000012 (w*=0.000010)  phi_std=0.000000
      draw 400/800  L_train=0.000011 (w*=0.000010)  phi_std=0.000000
      draw 500/800  L_train=0.000011 (w*=0.000010)  phi_std=0.000000
      draw 600/800  L_train=0.000010 (w*=0.000010)  phi_std=0.000001
      draw 700/800  L_train=0.000011 (w*=0.000010)  phi_std=0.000001
      draw 800/800  L_train=0.000010 (w*=0.000010)  phi_std=0.000001
    chi[2,3]: mean=-4.81e-09  std=8.31e-09  L_train mean=0.000011  L_train std=0.000001  L_train(w*)=0.000010
  Saved /root/id-predict-ood/cptsusceptibility/results/91a28cba_cpt.npy  shape=(3, 4, 200)

[17/25] model 982c9695
  layer=0 head=0
      draw 100/800  L_train=0.000009 (w*=0.000008)  phi_std=0.000001
      draw 200/800  L_train=0.000010 (w*=0.000008)  phi_std=0.000001
      draw 300/800  L_train=0.000009 (w*=0.000008)  phi_std=0.000001
      draw 400/800  L_train=0.000010 (w*=0.000008)  phi_std=0.000001
      draw 500/800  L_train=0.000010 (w*=0.000008)  phi_std=0.000001
      draw 600/800  L_train=0.000007 (w*=0.000008)  phi_std=0.000001
      draw 700/800  L_train=0.000008 (w*=0.000008)  phi_std=0.000001
      draw 800/800  L_train=0.000009 (w*=0.000008)  phi_std=0.000001
    chi[0,0]: mean=8.29e-08  std=6.06e-08  L_train mean=0.000009  L_train std=0.000001  L_train(w*)=0.000008
  layer=0 head=1
      draw 100/800  L_train=0.000008 (w*=0.000008)  phi_std=0.000001
      draw 200/800  L_train=0.000007 (w*=0.000008)  phi_std=0.000001
      draw 300/800  L_train=0.000007 (w*=0.000008)  phi_std=0.000001
      draw 400/800  L_train=0.000008 (w*=0.000008)  phi_std=0.000001
      draw 500/800  L_train=0.000010 (w*=0.000008)  phi_std=0.000001
      draw 600/800  L_train=0.000007 (w*=0.000008)  phi_std=0.000001
      draw 700/800  L_train=0.000007 (w*=0.000008)  phi_std=0.000001
      draw 800/800  L_train=0.000008 (w*=0.000008)  phi_std=0.000001
    chi[0,1]: mean=-9.79e-08  std=1.35e-07  L_train mean=0.000008  L_train std=0.000001  L_train(w*)=0.000008
  layer=0 head=2
      draw 100/800  L_train=0.000008 (w*=0.000008)  phi_std=0.000000
      draw 200/800  L_train=0.000007 (w*=0.000008)  phi_std=0.000000
      draw 300/800  L_train=0.000008 (w*=0.000008)  phi_std=0.000000
      draw 400/800  L_train=0.000007 (w*=0.000008)  phi_std=0.000001
      draw 500/800  L_train=0.000006 (w*=0.000008)  phi_std=0.000001
      draw 600/800  L_train=0.000008 (w*=0.000008)  phi_std=0.000001
      draw 700/800  L_train=0.000007 (w*=0.000008)  phi_std=0.000001
      draw 800/800  L_train=0.000008 (w*=0.000008)  phi_std=0.000001
    chi[0,2]: mean=-3.10e-09  std=2.07e-08  L_train mean=0.000008  L_train std=0.000001  L_train(w*)=0.000008
  layer=0 head=3
      draw 100/800  L_train=0.000007 (w*=0.000008)  phi_std=0.000001
      draw 200/800  L_train=0.000007 (w*=0.000008)  phi_std=0.000001
      draw 300/800  L_train=0.000007 (w*=0.000008)  phi_std=0.000001
      draw 400/800  L_train=0.000008 (w*=0.000008)  phi_std=0.000001
      draw 500/800  L_train=0.000008 (w*=0.000008)  phi_std=0.000001
      draw 600/800  L_train=0.000008 (w*=0.000008)  phi_std=0.000001
      draw 700/800  L_train=0.000007 (w*=0.000008)  phi_std=0.000001
      draw 800/800  L_train=0.000006 (w*=0.000008)  phi_std=0.000001
    chi[0,3]: mean=-2.36e-08  std=4.68e-08  L_train mean=0.000007  L_train std=0.000001  L_train(w*)=0.000008
  layer=1 head=0
      draw 100/800  L_train=0.000010 (w*=0.000008)  phi_std=0.000002
      draw 200/800  L_train=0.000007 (w*=0.000008)  phi_std=0.000003
      draw 300/800  L_train=0.000007 (w*=0.000008)  phi_std=0.000007
      draw 400/800  L_train=0.000008 (w*=0.000008)  phi_std=0.000006
      draw 500/800  L_train=0.000025 (w*=0.000008)  phi_std=0.000006
      draw 600/800  L_train=0.000010 (w*=0.000008)  phi_std=0.000006
      draw 700/800  L_train=0.000008 (w*=0.000008)  phi_std=0.000006
      draw 800/800  L_train=0.000011 (w*=0.000008)  phi_std=0.000005
    chi[1,0]: mean=9.09e-07  std=6.04e-07  L_train mean=0.000010  L_train std=0.000005  L_train(w*)=0.000008
  layer=1 head=1
      draw 100/800  L_train=0.000010 (w*=0.000008)  phi_std=0.000001
      draw 200/800  L_train=0.000010 (w*=0.000008)  phi_std=0.000003
      draw 300/800  L_train=0.000052 (w*=0.000008)  phi_std=0.000029
      draw 400/800  L_train=0.000017 (w*=0.000008)  phi_std=0.000026
      draw 500/800  L_train=0.000013 (w*=0.000008)  phi_std=0.000023
      draw 600/800  L_train=0.000011 (w*=0.000008)  phi_std=0.000022
      draw 700/800  L_train=0.000008 (w*=0.000008)  phi_std=0.000020
      draw 800/800  L_train=0.000008 (w*=0.000008)  phi_std=0.000019
    chi[1,1]: mean=4.35e-06  std=2.62e-06  L_train mean=0.000015  L_train std=0.000019  L_train(w*)=0.000008
  layer=1 head=2
      draw 100/800  L_train=0.000008 (w*=0.000008)  phi_std=0.000001
      draw 200/800  L_train=0.000010 (w*=0.000008)  phi_std=0.000001
      draw 300/800  L_train=0.000012 (w*=0.000008)  phi_std=0.000002
      draw 400/800  L_train=0.000007 (w*=0.000008)  phi_std=0.000002
      draw 500/800  L_train=0.000013 (w*=0.000008)  phi_std=0.000002
      draw 600/800  L_train=0.000009 (w*=0.000008)  phi_std=0.000002
      draw 700/800  L_train=0.000007 (w*=0.000008)  phi_std=0.000002
      draw 800/800  L_train=0.000008 (w*=0.000008)  phi_std=0.000002
    chi[1,2]: mean=1.24e-07  std=9.21e-08  L_train mean=0.000009  L_train std=0.000002  L_train(w*)=0.000008
  layer=1 head=3
      draw 100/800  L_train=0.000007 (w*=0.000008)  phi_std=0.000006
      draw 200/800  L_train=0.000007 (w*=0.000008)  phi_std=0.000005
      draw 300/800  L_train=0.000008 (w*=0.000008)  phi_std=0.000004
      draw 400/800  L_train=0.000006 (w*=0.000008)  phi_std=0.000004
      draw 500/800  L_train=0.000007 (w*=0.000008)  phi_std=0.000004
      draw 600/800  L_train=0.000007 (w*=0.000008)  phi_std=0.000003
      draw 700/800  L_train=0.000008 (w*=0.000008)  phi_std=0.000004
      draw 800/800  L_train=0.000010 (w*=0.000008)  phi_std=0.000004
    chi[1,3]: mean=3.72e-07  std=3.45e-07  L_train mean=0.000009  L_train std=0.000004  L_train(w*)=0.000008
  layer=2 head=0
      draw 100/800  L_train=0.000007 (w*=0.000008)  phi_std=0.000000
      draw 200/800  L_train=0.000007 (w*=0.000008)  phi_std=0.000000
      draw 300/800  L_train=0.000007 (w*=0.000008)  phi_std=0.000000
      draw 400/800  L_train=0.000008 (w*=0.000008)  phi_std=0.000000
      draw 500/800  L_train=0.000009 (w*=0.000008)  phi_std=0.000000
      draw 600/800  L_train=0.000007 (w*=0.000008)  phi_std=0.000001
      draw 700/800  L_train=0.000009 (w*=0.000008)  phi_std=0.000001
      draw 800/800  L_train=0.000008 (w*=0.000008)  phi_std=0.000001
    chi[2,0]: mean=-2.01e-08  std=1.88e-08  L_train mean=0.000008  L_train std=0.000001  L_train(w*)=0.000008
  layer=2 head=1
      draw 100/800  L_train=0.000007 (w*=0.000008)  phi_std=0.000000
      draw 200/800  L_train=0.000007 (w*=0.000008)  phi_std=0.000000
      draw 300/800  L_train=0.000008 (w*=0.000008)  phi_std=0.000000
      draw 400/800  L_train=0.000008 (w*=0.000008)  phi_std=0.000000
      draw 500/800  L_train=0.000008 (w*=0.000008)  phi_std=0.000000
      draw 600/800  L_train=0.000007 (w*=0.000008)  phi_std=0.000000
      draw 700/800  L_train=0.000007 (w*=0.000008)  phi_std=0.000000
      draw 800/800  L_train=0.000008 (w*=0.000008)  phi_std=0.000000
    chi[2,1]: mean=-3.33e-09  std=1.34e-08  L_train mean=0.000007  L_train std=0.000000  L_train(w*)=0.000008
  layer=2 head=2
      draw 100/800  L_train=0.000008 (w*=0.000008)  phi_std=0.000000
      draw 200/800  L_train=0.000008 (w*=0.000008)  phi_std=0.000000
      draw 300/800  L_train=0.000008 (w*=0.000008)  phi_std=0.000000
      draw 400/800  L_train=0.000007 (w*=0.000008)  phi_std=0.000000
      draw 500/800  L_train=0.000009 (w*=0.000008)  phi_std=0.000000
      draw 600/800  L_train=0.000008 (w*=0.000008)  phi_std=0.000001
      draw 700/800  L_train=0.000006 (w*=0.000008)  phi_std=0.000001
      draw 800/800  L_train=0.000007 (w*=0.000008)  phi_std=0.000001
    chi[2,2]: mean=-3.53e-08  std=3.27e-08  L_train mean=0.000008  L_train std=0.000001  L_train(w*)=0.000008
  layer=2 head=3
      draw 100/800  L_train=0.000008 (w*=0.000008)  phi_std=0.000000
      draw 200/800  L_train=0.000008 (w*=0.000008)  phi_std=0.000000
      draw 300/800  L_train=0.000008 (w*=0.000008)  phi_std=0.000000
      draw 400/800  L_train=0.000008 (w*=0.000008)  phi_std=0.000000
      draw 500/800  L_train=0.000008 (w*=0.000008)  phi_std=0.000000
      draw 600/800  L_train=0.000008 (w*=0.000008)  phi_std=0.000000
      draw 700/800  L_train=0.000008 (w*=0.000008)  phi_std=0.000000
      draw 800/800  L_train=0.000008 (w*=0.000008)  phi_std=0.000000
    chi[2,3]: mean=-4.82e-09  std=7.73e-09  L_train mean=0.000008  L_train std=0.000000  L_train(w*)=0.000008
  Saved /root/id-predict-ood/cptsusceptibility/results/982c9695_cpt.npy  shape=(3, 4, 200)

[18/25] model a38ff96a
  layer=0 head=0
      draw 100/800  L_train=0.000001 (w*=0.000001)  phi_std=0.000000
      draw 200/800  L_train=0.000001 (w*=0.000001)  phi_std=0.000000
      draw 300/800  L_train=0.000001 (w*=0.000001)  phi_std=0.000000
      draw 400/800  L_train=0.000001 (w*=0.000001)  phi_std=0.000000
      draw 500/800  L_train=0.000001 (w*=0.000001)  phi_std=0.000000
      draw 600/800  L_train=0.000001 (w*=0.000001)  phi_std=0.000000
      draw 700/800  L_train=0.000001 (w*=0.000001)  phi_std=0.000000
      draw 800/800  L_train=0.000001 (w*=0.000001)  phi_std=0.000000
    chi[0,0]: mean=1.01e-09  std=9.90e-09  L_train mean=0.000001  L_train std=0.000000  L_train(w*)=0.000001
  layer=0 head=1
      draw 100/800  L_train=0.000001 (w*=0.000001)  phi_std=0.000000
      draw 200/800  L_train=0.000001 (w*=0.000001)  phi_std=0.000000
      draw 300/800  L_train=0.000001 (w*=0.000001)  phi_std=0.000000
      draw 400/800  L_train=0.000001 (w*=0.000001)  phi_std=0.000000
      draw 500/800  L_train=0.000001 (w*=0.000001)  phi_std=0.000000
      draw 600/800  L_train=0.000001 (w*=0.000001)  phi_std=0.000000
      draw 700/800  L_train=0.000001 (w*=0.000001)  phi_std=0.000000
      draw 800/800  L_train=0.000001 (w*=0.000001)  phi_std=0.000000
    chi[0,1]: mean=4.53e-10  std=4.44e-09  L_train mean=0.000001  L_train std=0.000000  L_train(w*)=0.000001
  layer=0 head=2
      draw 100/800  L_train=0.000001 (w*=0.000001)  phi_std=0.000000
      draw 200/800  L_train=0.000001 (w*=0.000001)  phi_std=0.000000
      draw 300/800  L_train=0.000001 (w*=0.000001)  phi_std=0.000000
      draw 400/800  L_train=0.000001 (w*=0.000001)  phi_std=0.000000
      draw 500/800  L_train=0.000001 (w*=0.000001)  phi_std=0.000000
      draw 600/800  L_train=0.000001 (w*=0.000001)  phi_std=0.000000
      draw 700/800  L_train=0.000001 (w*=0.000001)  phi_std=0.000000
      draw 800/800  L_train=0.000001 (w*=0.000001)  phi_std=0.000000
    chi[0,2]: mean=6.08e-10  std=1.09e-08  L_train mean=0.000001  L_train std=0.000000  L_train(w*)=0.000001
  layer=0 head=3
      draw 100/800  L_train=0.000001 (w*=0.000001)  phi_std=0.000000
      draw 200/800  L_train=0.000001 (w*=0.000001)  phi_std=0.000000
      draw 300/800  L_train=0.000001 (w*=0.000001)  phi_std=0.000000
      draw 400/800  L_train=0.000001 (w*=0.000001)  phi_std=0.000000
      draw 500/800  L_train=0.000001 (w*=0.000001)  phi_std=0.000000
      draw 600/800  L_train=0.000001 (w*=0.000001)  phi_std=0.000000
      draw 700/800  L_train=0.000001 (w*=0.000001)  phi_std=0.000000
      draw 800/800  L_train=0.000001 (w*=0.000001)  phi_std=0.000000
    chi[0,3]: mean=4.06e-10  std=4.13e-09  L_train mean=0.000001  L_train std=0.000000  L_train(w*)=0.000001
  layer=1 head=0
      draw 100/800  L_train=0.000001 (w*=0.000001)  phi_std=0.000000
      draw 200/800  L_train=0.000001 (w*=0.000001)  phi_std=0.000000
      draw 300/800  L_train=0.000001 (w*=0.000001)  phi_std=0.000000
      draw 400/800  L_train=0.000001 (w*=0.000001)  phi_std=0.000000
      draw 500/800  L_train=0.000001 (w*=0.000001)  phi_std=0.000000
      draw 600/800  L_train=0.000001 (w*=0.000001)  phi_std=0.000000
      draw 700/800  L_train=0.000001 (w*=0.000001)  phi_std=0.000000
      draw 800/800  L_train=0.000001 (w*=0.000001)  phi_std=0.000000
    chi[1,0]: mean=7.77e-12  std=7.84e-11  L_train mean=0.000001  L_train std=0.000000  L_train(w*)=0.000001
  layer=1 head=1
      draw 100/800  L_train=0.000001 (w*=0.000001)  phi_std=0.000000
      draw 200/800  L_train=0.000001 (w*=0.000001)  phi_std=0.000000
      draw 300/800  L_train=0.000001 (w*=0.000001)  phi_std=0.000000
      draw 400/800  L_train=0.000001 (w*=0.000001)  phi_std=0.000000
      draw 500/800  L_train=0.000001 (w*=0.000001)  phi_std=0.000000
      draw 600/800  L_train=0.000001 (w*=0.000001)  phi_std=0.000000
      draw 700/800  L_train=0.000001 (w*=0.000001)  phi_std=0.000000
      draw 800/800  L_train=0.000001 (w*=0.000001)  phi_std=0.000000
    chi[1,1]: mean=8.45e-12  std=9.46e-11  L_train mean=0.000001  L_train std=0.000000  L_train(w*)=0.000001
  layer=1 head=2
      draw 100/800  L_train=0.000001 (w*=0.000001)  phi_std=0.000000
      draw 200/800  L_train=0.000001 (w*=0.000001)  phi_std=0.000000
      draw 300/800  L_train=0.000001 (w*=0.000001)  phi_std=0.000000
      draw 400/800  L_train=0.000001 (w*=0.000001)  phi_std=0.000000
      draw 500/800  L_train=0.000001 (w*=0.000001)  phi_std=0.000000
      draw 600/800  L_train=0.000001 (w*=0.000001)  phi_std=0.000000
      draw 700/800  L_train=0.000001 (w*=0.000001)  phi_std=0.000000
      draw 800/800  L_train=0.000001 (w*=0.000001)  phi_std=0.000000
    chi[1,2]: mean=4.64e-12  std=4.56e-11  L_train mean=0.000001  L_train std=0.000000  L_train(w*)=0.000001
  layer=1 head=3
      draw 100/800  L_train=0.000001 (w*=0.000001)  phi_std=0.000000
      draw 200/800  L_train=0.000001 (w*=0.000001)  phi_std=0.000000
      draw 300/800  L_train=0.000001 (w*=0.000001)  phi_std=0.000000
      draw 400/800  L_train=0.000001 (w*=0.000001)  phi_std=0.000000
      draw 500/800  L_train=0.000001 (w*=0.000001)  phi_std=0.000000
      draw 600/800  L_train=0.000001 (w*=0.000001)  phi_std=0.000000
      draw 700/800  L_train=0.000001 (w*=0.000001)  phi_std=0.000000
      draw 800/800  L_train=0.000001 (w*=0.000001)  phi_std=0.000000
    chi[1,3]: mean=5.13e-12  std=5.17e-11  L_train mean=0.000001  L_train std=0.000000  L_train(w*)=0.000001
  layer=2 head=0
      draw 100/800  L_train=0.000001 (w*=0.000001)  phi_std=0.000000
      draw 200/800  L_train=0.000001 (w*=0.000001)  phi_std=0.000000
      draw 300/800  L_train=0.000001 (w*=0.000001)  phi_std=0.000000
      draw 400/800  L_train=0.000001 (w*=0.000001)  phi_std=0.000000
      draw 500/800  L_train=0.000001 (w*=0.000001)  phi_std=0.000000
      draw 600/800  L_train=0.000001 (w*=0.000001)  phi_std=0.000000
      draw 700/800  L_train=0.000001 (w*=0.000001)  phi_std=0.000000
      draw 800/800  L_train=0.000001 (w*=0.000001)  phi_std=0.000000
    chi[2,0]: mean=1.60e-10  std=1.77e-09  L_train mean=0.000001  L_train std=0.000000  L_train(w*)=0.000001
  layer=2 head=1
      draw 100/800  L_train=0.000001 (w*=0.000001)  phi_std=0.000000
      draw 200/800  L_train=0.000001 (w*=0.000001)  phi_std=0.000000
      draw 300/800  L_train=0.000001 (w*=0.000001)  phi_std=0.000000
      draw 400/800  L_train=0.000001 (w*=0.000001)  phi_std=0.000000
      draw 500/800  L_train=0.000001 (w*=0.000001)  phi_std=0.000000
      draw 600/800  L_train=0.000001 (w*=0.000001)  phi_std=0.000000
      draw 700/800  L_train=0.000001 (w*=0.000001)  phi_std=0.000000
      draw 800/800  L_train=0.000001 (w*=0.000001)  phi_std=0.000000
    chi[2,1]: mean=1.82e-10  std=1.67e-09  L_train mean=0.000001  L_train std=0.000000  L_train(w*)=0.000001
  layer=2 head=2
      draw 100/800  L_train=0.000001 (w*=0.000001)  phi_std=0.000000
      draw 200/800  L_train=0.000001 (w*=0.000001)  phi_std=0.000000
      draw 300/800  L_train=0.000001 (w*=0.000001)  phi_std=0.000000
      draw 400/800  L_train=0.000001 (w*=0.000001)  phi_std=0.000000
      draw 500/800  L_train=0.000001 (w*=0.000001)  phi_std=0.000000
      draw 600/800  L_train=0.000001 (w*=0.000001)  phi_std=0.000000
      draw 700/800  L_train=0.000001 (w*=0.000001)  phi_std=0.000000
      draw 800/800  L_train=0.000001 (w*=0.000001)  phi_std=0.000000
    chi[2,2]: mean=1.50e-10  std=1.39e-09  L_train mean=0.000001  L_train std=0.000000  L_train(w*)=0.000001
  layer=2 head=3
      draw 100/800  L_train=0.000001 (w*=0.000001)  phi_std=0.000000
      draw 200/800  L_train=0.000001 (w*=0.000001)  phi_std=0.000000
      draw 300/800  L_train=0.000001 (w*=0.000001)  phi_std=0.000000
      draw 400/800  L_train=0.000001 (w*=0.000001)  phi_std=0.000000
      draw 500/800  L_train=0.000001 (w*=0.000001)  phi_std=0.000000
      draw 600/800  L_train=0.000001 (w*=0.000001)  phi_std=0.000000
      draw 700/800  L_train=0.000001 (w*=0.000001)  phi_std=0.000000
      draw 800/800  L_train=0.000001 (w*=0.000001)  phi_std=0.000000
    chi[2,3]: mean=9.99e-11  std=9.86e-10  L_train mean=0.000001  L_train std=0.000000  L_train(w*)=0.000001
  Saved /root/id-predict-ood/cptsusceptibility/results/a38ff96a_cpt.npy  shape=(3, 4, 200)

[19/25] model ad3e7663
  layer=0 head=0
      draw 100/800  L_train=0.000035 (w*=0.000037)  phi_std=0.000002
      draw 200/800  L_train=0.000039 (w*=0.000037)  phi_std=0.000002
      draw 300/800  L_train=0.000036 (w*=0.000037)  phi_std=0.000002
      draw 400/800  L_train=0.000038 (w*=0.000037)  phi_std=0.000002
      draw 500/800  L_train=0.000034 (w*=0.000037)  phi_std=0.000002
      draw 600/800  L_train=0.000037 (w*=0.000037)  phi_std=0.000002
      draw 700/800  L_train=0.000038 (w*=0.000037)  phi_std=0.000002
      draw 800/800  L_train=0.000036 (w*=0.000037)  phi_std=0.000002
    chi[0,0]: mean=-2.39e-08  std=1.06e-07  L_train mean=0.000036  L_train std=0.000002  L_train(w*)=0.000037
  layer=0 head=1
      draw 100/800  L_train=0.000034 (w*=0.000037)  phi_std=0.000002
      draw 200/800  L_train=0.000045 (w*=0.000037)  phi_std=0.000003
      draw 300/800  L_train=0.000040 (w*=0.000037)  phi_std=0.000005
      draw 400/800  L_train=0.000039 (w*=0.000037)  phi_std=0.000004
      draw 500/800  L_train=0.000038 (w*=0.000037)  phi_std=0.000004
      draw 600/800  L_train=0.000050 (w*=0.000037)  phi_std=0.000004
      draw 700/800  L_train=0.000036 (w*=0.000037)  phi_std=0.000004
      draw 800/800  L_train=0.000042 (w*=0.000037)  phi_std=0.000004
    chi[0,1]: mean=-1.14e-07  std=4.90e-07  L_train mean=0.000038  L_train std=0.000004  L_train(w*)=0.000037
  layer=0 head=2
      draw 100/800  L_train=0.000036 (w*=0.000037)  phi_std=0.000001
      draw 200/800  L_train=0.000036 (w*=0.000037)  phi_std=0.000003
      draw 300/800  L_train=0.000037 (w*=0.000037)  phi_std=0.000002
      draw 400/800  L_train=0.000032 (w*=0.000037)  phi_std=0.000002
      draw 500/800  L_train=0.000036 (w*=0.000037)  phi_std=0.000003
      draw 600/800  L_train=0.000036 (w*=0.000037)  phi_std=0.000002
      draw 700/800  L_train=0.000036 (w*=0.000037)  phi_std=0.000002
      draw 800/800  L_train=0.000036 (w*=0.000037)  phi_std=0.000002
    chi[0,2]: mean=-6.70e-09  std=5.96e-08  L_train mean=0.000036  L_train std=0.000002  L_train(w*)=0.000037
  layer=0 head=3
      draw 100/800  L_train=0.000036 (w*=0.000037)  phi_std=0.000001
      draw 200/800  L_train=0.000038 (w*=0.000037)  phi_std=0.000001
      draw 300/800  L_train=0.000039 (w*=0.000037)  phi_std=0.000001
      draw 400/800  L_train=0.000035 (w*=0.000037)  phi_std=0.000001
      draw 500/800  L_train=0.000034 (w*=0.000037)  phi_std=0.000001
      draw 600/800  L_train=0.000035 (w*=0.000037)  phi_std=0.000001
      draw 700/800  L_train=0.000034 (w*=0.000037)  phi_std=0.000001
      draw 800/800  L_train=0.000037 (w*=0.000037)  phi_std=0.000002
    chi[0,3]: mean=-1.76e-08  std=7.51e-08  L_train mean=0.000036  L_train std=0.000002  L_train(w*)=0.000037
  layer=1 head=0
      draw 100/800  L_train=0.000065 (w*=0.000037)  phi_std=0.000018
      draw 200/800  L_train=0.000033 (w*=0.000037)  phi_std=0.000588
      draw 300/800  L_train=0.000027 (w*=0.000037)  phi_std=0.000489
      draw 400/800  L_train=0.000045 (w*=0.000037)  phi_std=0.000501
      draw 500/800  L_train=0.000033 (w*=0.000037)  phi_std=0.000451
      draw 600/800  L_train=0.001791 (w*=0.000037)  phi_std=0.001095
      draw 700/800  L_train=0.002850 (w*=0.000037)  phi_std=0.001192
      draw 800/800  L_train=0.000041 (w*=0.000037)  phi_std=0.001127
    chi[1,0]: mean=-1.51e-05  std=8.66e-05  L_train mean=0.000478  L_train std=0.001127  L_train(w*)=0.000037
  layer=1 head=1
      draw 100/800  L_train=0.000045 (w*=0.000037)  phi_std=0.000173
      draw 200/800  L_train=0.000053 (w*=0.000037)  phi_std=0.000132
      draw 300/800  L_train=0.000027 (w*=0.000037)  phi_std=0.000600
      draw 400/800  L_train=0.000666 (w*=0.000037)  phi_std=0.000597
      draw 500/800  L_train=0.000119 (w*=0.000037)  phi_std=0.000582
      draw 600/800  L_train=0.000035 (w*=0.000037)  phi_std=0.000538
      draw 700/800  L_train=0.000029 (w*=0.000037)  phi_std=0.000502
      draw 800/800  L_train=0.000069 (w*=0.000037)  phi_std=0.000472
    chi[1,1]: mean=-9.32e-06  std=3.05e-05  L_train mean=0.000173  L_train std=0.000472  L_train(w*)=0.000037
  layer=1 head=2
      draw 100/800  L_train=0.000037 (w*=0.000037)  phi_std=0.000036
      draw 200/800  L_train=0.000049 (w*=0.000037)  phi_std=0.000027
      draw 300/800  L_train=0.000203 (w*=0.000037)  phi_std=0.000356
      draw 400/800  L_train=0.000070 (w*=0.000037)  phi_std=0.002116
      draw 500/800  L_train=0.000043 (w*=0.000037)  phi_std=0.001918
      draw 600/800  L_train=0.000038 (w*=0.000037)  phi_std=0.001768
      draw 700/800  L_train=0.000032 (w*=0.000037)  phi_std=0.001648
      draw 800/800  L_train=0.000033 (w*=0.000037)  phi_std=0.001549
    chi[1,2]: mean=-5.48e-05  std=1.91e-04  L_train mean=0.000447  L_train std=0.001549  L_train(w*)=0.000037
  layer=1 head=3
      draw 100/800  L_train=0.000063 (w*=0.000037)  phi_std=0.000753
      draw 200/800  L_train=0.000068 (w*=0.000037)  phi_std=0.000621
      draw 300/800  L_train=0.000038 (w*=0.000037)  phi_std=0.000525
      draw 400/800  L_train=0.000032 (w*=0.000037)  phi_std=0.000463
      draw 500/800  L_train=0.000052 (w*=0.000037)  phi_std=0.000419
      draw 600/800  L_train=0.000033 (w*=0.000037)  phi_std=0.000385
      draw 700/800  L_train=0.000037 (w*=0.000037)  phi_std=0.000358
      draw 800/800  L_train=0.000034 (w*=0.000037)  phi_std=0.000336
    chi[1,3]: mean=-1.04e-05  std=3.21e-05  L_train mean=0.000120  L_train std=0.000336  L_train(w*)=0.000037
  layer=2 head=0
      draw 100/800  L_train=0.000043 (w*=0.000037)  phi_std=0.000005
      draw 200/800  L_train=0.000036 (w*=0.000037)  phi_std=0.000004
      draw 300/800  L_train=0.000030 (w*=0.000037)  phi_std=0.000004
      draw 400/800  L_train=0.000039 (w*=0.000037)  phi_std=0.000005
      draw 500/800  L_train=0.000053 (w*=0.000037)  phi_std=0.000006
      draw 600/800  L_train=0.000046 (w*=0.000037)  phi_std=0.000006
      draw 700/800  L_train=0.000035 (w*=0.000037)  phi_std=0.000006
      draw 800/800  L_train=0.000046 (w*=0.000037)  phi_std=0.000006
    chi[2,0]: mean=1.30e-07  std=3.58e-07  L_train mean=0.000038  L_train std=0.000006  L_train(w*)=0.000037
  layer=2 head=1
      draw 100/800  L_train=0.000056 (w*=0.000037)  phi_std=0.000006
      draw 200/800  L_train=0.000058 (w*=0.000037)  phi_std=0.000006
      draw 300/800  L_train=0.000044 (w*=0.000037)  phi_std=0.000005
      draw 400/800  L_train=0.000043 (w*=0.000037)  phi_std=0.000008
      draw 500/800  L_train=0.000044 (w*=0.000037)  phi_std=0.000007
      draw 600/800  L_train=0.000046 (w*=0.000037)  phi_std=0.000007
      draw 700/800  L_train=0.000028 (w*=0.000037)  phi_std=0.000008
      draw 800/800  L_train=0.000031 (w*=0.000037)  phi_std=0.000009
    chi[2,1]: mean=2.39e-07  std=6.67e-07  L_train mean=0.000043  L_train std=0.000009  L_train(w*)=0.000037
  layer=2 head=2
      draw 100/800  L_train=0.000031 (w*=0.000037)  phi_std=0.000003
      draw 200/800  L_train=0.000032 (w*=0.000037)  phi_std=0.000004
      draw 300/800  L_train=0.000032 (w*=0.000037)  phi_std=0.000005
      draw 400/800  L_train=0.000046 (w*=0.000037)  phi_std=0.000005
      draw 500/800  L_train=0.000036 (w*=0.000037)  phi_std=0.000006
      draw 600/800  L_train=0.000032 (w*=0.000037)  phi_std=0.000006
      draw 700/800  L_train=0.000045 (w*=0.000037)  phi_std=0.000005
      draw 800/800  L_train=0.000045 (w*=0.000037)  phi_std=0.000006
    chi[2,2]: mean=1.12e-07  std=3.09e-07  L_train mean=0.000039  L_train std=0.000006  L_train(w*)=0.000037
  layer=2 head=3
      draw 100/800  L_train=0.000034 (w*=0.000037)  phi_std=0.000003
      draw 200/800  L_train=0.000034 (w*=0.000037)  phi_std=0.000003
      draw 300/800  L_train=0.000031 (w*=0.000037)  phi_std=0.000004
      draw 400/800  L_train=0.000044 (w*=0.000037)  phi_std=0.000004
      draw 500/800  L_train=0.000034 (w*=0.000037)  phi_std=0.000005
      draw 600/800  L_train=0.000051 (w*=0.000037)  phi_std=0.000005
      draw 700/800  L_train=0.000041 (w*=0.000037)  phi_std=0.000006
      draw 800/800  L_train=0.000028 (w*=0.000037)  phi_std=0.000007
    chi[2,3]: mean=1.20e-07  std=3.39e-07  L_train mean=0.000039  L_train std=0.000007  L_train(w*)=0.000037
  Saved /root/id-predict-ood/cptsusceptibility/results/ad3e7663_cpt.npy  shape=(3, 4, 200)

[20/25] model beb0b6aa
  layer=0 head=0
      draw 100/800  L_train=0.000000 (w*=0.000000)  phi_std=0.000000
      draw 200/800  L_train=0.000000 (w*=0.000000)  phi_std=0.000000
      draw 300/800  L_train=0.000000 (w*=0.000000)  phi_std=0.000000
      draw 400/800  L_train=0.000000 (w*=0.000000)  phi_std=0.000000
      draw 500/800  L_train=0.000000 (w*=0.000000)  phi_std=0.000000
      draw 600/800  L_train=0.000000 (w*=0.000000)  phi_std=0.000000
      draw 700/800  L_train=0.000000 (w*=0.000000)  phi_std=0.000000
      draw 800/800  L_train=0.000000 (w*=0.000000)  phi_std=0.000000
    chi[0,0]: mean=0.00e+00  std=0.00e+00  L_train mean=0.000000  L_train std=0.000000  L_train(w*)=0.000000
  layer=0 head=1
      draw 100/800  L_train=0.000000 (w*=0.000000)  phi_std=0.000000
      draw 200/800  L_train=0.000000 (w*=0.000000)  phi_std=0.000000
      draw 300/800  L_train=0.000000 (w*=0.000000)  phi_std=0.000000
      draw 400/800  L_train=0.000000 (w*=0.000000)  phi_std=0.000000
      draw 500/800  L_train=0.000000 (w*=0.000000)  phi_std=0.000000
      draw 600/800  L_train=0.000000 (w*=0.000000)  phi_std=0.000000
      draw 700/800  L_train=0.000000 (w*=0.000000)  phi_std=0.000000
      draw 800/800  L_train=0.000000 (w*=0.000000)  phi_std=0.000000
    chi[0,1]: mean=0.00e+00  std=0.00e+00  L_train mean=0.000000  L_train std=0.000000  L_train(w*)=0.000000
  layer=0 head=2
      draw 100/800  L_train=0.000000 (w*=0.000000)  phi_std=0.000000
      draw 200/800  L_train=0.000000 (w*=0.000000)  phi_std=0.000000
      draw 300/800  L_train=0.000000 (w*=0.000000)  phi_std=0.000000
      draw 400/800  L_train=0.000000 (w*=0.000000)  phi_std=0.000000
      draw 500/800  L_train=0.000000 (w*=0.000000)  phi_std=0.000000
      draw 600/800  L_train=0.000000 (w*=0.000000)  phi_std=0.000000
      draw 700/800  L_train=0.000000 (w*=0.000000)  phi_std=0.000000
      draw 800/800  L_train=0.000000 (w*=0.000000)  phi_std=0.000000
    chi[0,2]: mean=0.00e+00  std=0.00e+00  L_train mean=0.000000  L_train std=0.000000  L_train(w*)=0.000000
  layer=0 head=3
      draw 100/800  L_train=0.000000 (w*=0.000000)  phi_std=0.000000
      draw 200/800  L_train=0.000000 (w*=0.000000)  phi_std=0.000000
      draw 300/800  L_train=0.000000 (w*=0.000000)  phi_std=0.000000
      draw 400/800  L_train=0.000000 (w*=0.000000)  phi_std=0.000000
      draw 500/800  L_train=0.000000 (w*=0.000000)  phi_std=0.000000
      draw 600/800  L_train=0.000000 (w*=0.000000)  phi_std=0.000000
      draw 700/800  L_train=0.000000 (w*=0.000000)  phi_std=0.000000
      draw 800/800  L_train=0.000000 (w*=0.000000)  phi_std=0.000000
    chi[0,3]: mean=0.00e+00  std=0.00e+00  L_train mean=0.000000  L_train std=0.000000  L_train(w*)=0.000000
  layer=1 head=0
      draw 100/800  L_train=0.000000 (w*=0.000000)  phi_std=0.000000
      draw 200/800  L_train=0.000000 (w*=0.000000)  phi_std=0.000000
      draw 300/800  L_train=0.000000 (w*=0.000000)  phi_std=0.000000
      draw 400/800  L_train=0.000000 (w*=0.000000)  phi_std=0.000000
      draw 500/800  L_train=0.000000 (w*=0.000000)  phi_std=0.000000
      draw 600/800  L_train=0.000000 (w*=0.000000)  phi_std=0.000000
      draw 700/800  L_train=0.000000 (w*=0.000000)  phi_std=0.000000
      draw 800/800  L_train=0.000000 (w*=0.000000)  phi_std=0.000000
    chi[1,0]: mean=0.00e+00  std=0.00e+00  L_train mean=0.000000  L_train std=0.000000  L_train(w*)=0.000000
  layer=1 head=1
      draw 100/800  L_train=0.000000 (w*=0.000000)  phi_std=0.000000
      draw 200/800  L_train=0.000000 (w*=0.000000)  phi_std=0.000000
      draw 300/800  L_train=0.000000 (w*=0.000000)  phi_std=0.000000
      draw 400/800  L_train=0.000000 (w*=0.000000)  phi_std=0.000000
      draw 500/800  L_train=0.000000 (w*=0.000000)  phi_std=0.000000
      draw 600/800  L_train=0.000000 (w*=0.000000)  phi_std=0.000000
      draw 700/800  L_train=0.000000 (w*=0.000000)  phi_std=0.000000
      draw 800/800  L_train=0.000000 (w*=0.000000)  phi_std=0.000000
    chi[1,1]: mean=0.00e+00  std=0.00e+00  L_train mean=0.000000  L_train std=0.000000  L_train(w*)=0.000000
  layer=1 head=2
      draw 100/800  L_train=0.000000 (w*=0.000000)  phi_std=0.000000
      draw 200/800  L_train=0.000000 (w*=0.000000)  phi_std=0.000000
      draw 300/800  L_train=0.000000 (w*=0.000000)  phi_std=0.000000
      draw 400/800  L_train=0.000000 (w*=0.000000)  phi_std=0.000000
      draw 500/800  L_train=0.000000 (w*=0.000000)  phi_std=0.000000
      draw 600/800  L_train=0.000000 (w*=0.000000)  phi_std=0.000000
      draw 700/800  L_train=0.000000 (w*=0.000000)  phi_std=0.000000
      draw 800/800  L_train=0.000000 (w*=0.000000)  phi_std=0.000000
    chi[1,2]: mean=0.00e+00  std=0.00e+00  L_train mean=0.000000  L_train std=0.000000  L_train(w*)=0.000000
  layer=1 head=3
      draw 100/800  L_train=0.000000 (w*=0.000000)  phi_std=0.000000
      draw 200/800  L_train=0.000000 (w*=0.000000)  phi_std=0.000000
      draw 300/800  L_train=0.000000 (w*=0.000000)  phi_std=0.000000
      draw 400/800  L_train=0.000000 (w*=0.000000)  phi_std=0.000000
      draw 500/800  L_train=0.000000 (w*=0.000000)  phi_std=0.000000
      draw 600/800  L_train=0.000000 (w*=0.000000)  phi_std=0.000000
      draw 700/800  L_train=0.000000 (w*=0.000000)  phi_std=0.000000
      draw 800/800  L_train=0.000000 (w*=0.000000)  phi_std=0.000000
    chi[1,3]: mean=0.00e+00  std=0.00e+00  L_train mean=0.000000  L_train std=0.000000  L_train(w*)=0.000000
  layer=2 head=0
      draw 100/800  L_train=0.000000 (w*=0.000000)  phi_std=0.000000
      draw 200/800  L_train=0.000000 (w*=0.000000)  phi_std=0.000000
      draw 300/800  L_train=0.000000 (w*=0.000000)  phi_std=0.000000
      draw 400/800  L_train=0.000000 (w*=0.000000)  phi_std=0.000000
      draw 500/800  L_train=0.000000 (w*=0.000000)  phi_std=0.000000
      draw 600/800  L_train=0.000000 (w*=0.000000)  phi_std=0.000000
      draw 700/800  L_train=0.000000 (w*=0.000000)  phi_std=0.000000
      draw 800/800  L_train=0.000000 (w*=0.000000)  phi_std=0.000000
    chi[2,0]: mean=0.00e+00  std=0.00e+00  L_train mean=0.000000  L_train std=0.000000  L_train(w*)=0.000000
  layer=2 head=1
      draw 100/800  L_train=0.000000 (w*=0.000000)  phi_std=0.000000
      draw 200/800  L_train=0.000000 (w*=0.000000)  phi_std=0.000000
      draw 300/800  L_train=0.000000 (w*=0.000000)  phi_std=0.000000
      draw 400/800  L_train=0.000000 (w*=0.000000)  phi_std=0.000000
      draw 500/800  L_train=0.000000 (w*=0.000000)  phi_std=0.000000
      draw 600/800  L_train=0.000000 (w*=0.000000)  phi_std=0.000000
      draw 700/800  L_train=0.000000 (w*=0.000000)  phi_std=0.000000
      draw 800/800  L_train=0.000000 (w*=0.000000)  phi_std=0.000000
    chi[2,1]: mean=0.00e+00  std=0.00e+00  L_train mean=0.000000  L_train std=0.000000  L_train(w*)=0.000000
  layer=2 head=2
      draw 100/800  L_train=0.000000 (w*=0.000000)  phi_std=0.000000
      draw 200/800  L_train=0.000000 (w*=0.000000)  phi_std=0.000000
      draw 300/800  L_train=0.000000 (w*=0.000000)  phi_std=0.000000
      draw 400/800  L_train=0.000000 (w*=0.000000)  phi_std=0.000000
      draw 500/800  L_train=0.000000 (w*=0.000000)  phi_std=0.000000
      draw 600/800  L_train=0.000000 (w*=0.000000)  phi_std=0.000000
      draw 700/800  L_train=0.000000 (w*=0.000000)  phi_std=0.000000
      draw 800/800  L_train=0.000000 (w*=0.000000)  phi_std=0.000000
    chi[2,2]: mean=0.00e+00  std=0.00e+00  L_train mean=0.000000  L_train std=0.000000  L_train(w*)=0.000000
  layer=2 head=3
      draw 100/800  L_train=0.000000 (w*=0.000000)  phi_std=0.000000
      draw 200/800  L_train=0.000000 (w*=0.000000)  phi_std=0.000000
      draw 300/800  L_train=0.000000 (w*=0.000000)  phi_std=0.000000
      draw 400/800  L_train=0.000000 (w*=0.000000)  phi_std=0.000000
      draw 500/800  L_train=0.000000 (w*=0.000000)  phi_std=0.000000
      draw 600/800  L_train=0.000000 (w*=0.000000)  phi_std=0.000000
      draw 700/800  L_train=0.000000 (w*=0.000000)  phi_std=0.000000
      draw 800/800  L_train=0.000000 (w*=0.000000)  phi_std=0.000000
    chi[2,3]: mean=0.00e+00  std=0.00e+00  L_train mean=0.000000  L_train std=0.000000  L_train(w*)=0.000000
  Saved /root/id-predict-ood/cptsusceptibility/results/beb0b6aa_cpt.npy  shape=(3, 4, 200)

[21/25] model c6962a2b
  layer=0 head=0
      draw 100/800  L_train=0.000000 (w*=0.000000)  phi_std=0.000000
      draw 200/800  L_train=0.000000 (w*=0.000000)  phi_std=0.000000
      draw 300/800  L_train=0.000000 (w*=0.000000)  phi_std=0.000000
      draw 400/800  L_train=0.000000 (w*=0.000000)  phi_std=0.000000
      draw 500/800  L_train=0.000000 (w*=0.000000)  phi_std=0.000000
      draw 600/800  L_train=0.000000 (w*=0.000000)  phi_std=0.000000
      draw 700/800  L_train=0.000000 (w*=0.000000)  phi_std=0.000000
      draw 800/800  L_train=0.000000 (w*=0.000000)  phi_std=0.000000
    chi[0,0]: mean=0.00e+00  std=0.00e+00  L_train mean=0.000000  L_train std=0.000000  L_train(w*)=0.000000
  layer=0 head=1
      draw 100/800  L_train=0.000000 (w*=0.000000)  phi_std=0.000000
      draw 200/800  L_train=0.000000 (w*=0.000000)  phi_std=0.000000
      draw 300/800  L_train=0.000000 (w*=0.000000)  phi_std=0.000000
      draw 400/800  L_train=0.000000 (w*=0.000000)  phi_std=0.000000
      draw 500/800  L_train=0.000000 (w*=0.000000)  phi_std=0.000000
      draw 600/800  L_train=0.000000 (w*=0.000000)  phi_std=0.000000
      draw 700/800  L_train=0.000000 (w*=0.000000)  phi_std=0.000000
      draw 800/800  L_train=0.000000 (w*=0.000000)  phi_std=0.000000
    chi[0,1]: mean=0.00e+00  std=0.00e+00  L_train mean=0.000000  L_train std=0.000000  L_train(w*)=0.000000
  layer=0 head=2
      draw 100/800  L_train=0.000000 (w*=0.000000)  phi_std=0.000000
      draw 200/800  L_train=0.000000 (w*=0.000000)  phi_std=0.000000
      draw 300/800  L_train=0.000000 (w*=0.000000)  phi_std=0.000000
      draw 400/800  L_train=0.000000 (w*=0.000000)  phi_std=0.000000
      draw 500/800  L_train=0.000000 (w*=0.000000)  phi_std=0.000000
      draw 600/800  L_train=0.000000 (w*=0.000000)  phi_std=0.000000
      draw 700/800  L_train=0.000000 (w*=0.000000)  phi_std=0.000000
      draw 800/800  L_train=0.000000 (w*=0.000000)  phi_std=0.000000
    chi[0,2]: mean=0.00e+00  std=0.00e+00  L_train mean=0.000000  L_train std=0.000000  L_train(w*)=0.000000
  layer=0 head=3
      draw 100/800  L_train=0.000000 (w*=0.000000)  phi_std=0.000000
      draw 200/800  L_train=0.000000 (w*=0.000000)  phi_std=0.000000
      draw 300/800  L_train=0.000000 (w*=0.000000)  phi_std=0.000000
      draw 400/800  L_train=0.000000 (w*=0.000000)  phi_std=0.000000
      draw 500/800  L_train=0.000000 (w*=0.000000)  phi_std=0.000000
      draw 600/800  L_train=0.000000 (w*=0.000000)  phi_std=0.000000
      draw 700/800  L_train=0.000000 (w*=0.000000)  phi_std=0.000000
      draw 800/800  L_train=0.000000 (w*=0.000000)  phi_std=0.000000
    chi[0,3]: mean=0.00e+00  std=0.00e+00  L_train mean=0.000000  L_train std=0.000000  L_train(w*)=0.000000
  layer=1 head=0
      draw 100/800  L_train=0.000000 (w*=0.000000)  phi_std=0.000000
      draw 200/800  L_train=0.000000 (w*=0.000000)  phi_std=0.000000
      draw 300/800  L_train=0.000000 (w*=0.000000)  phi_std=0.000000
      draw 400/800  L_train=0.000000 (w*=0.000000)  phi_std=0.000000
      draw 500/800  L_train=0.000000 (w*=0.000000)  phi_std=0.000000
      draw 600/800  L_train=0.000000 (w*=0.000000)  phi_std=0.000000
      draw 700/800  L_train=0.000000 (w*=0.000000)  phi_std=0.000000
      draw 800/800  L_train=0.000000 (w*=0.000000)  phi_std=0.000000
    chi[1,0]: mean=0.00e+00  std=0.00e+00  L_train mean=0.000000  L_train std=0.000000  L_train(w*)=0.000000
  layer=1 head=1
      draw 100/800  L_train=0.000000 (w*=0.000000)  phi_std=0.000000
      draw 200/800  L_train=0.000000 (w*=0.000000)  phi_std=0.000000
      draw 300/800  L_train=0.000000 (w*=0.000000)  phi_std=0.000000
      draw 400/800  L_train=0.000000 (w*=0.000000)  phi_std=0.000000
      draw 500/800  L_train=0.000000 (w*=0.000000)  phi_std=0.000000
      draw 600/800  L_train=0.000000 (w*=0.000000)  phi_std=0.000000
      draw 700/800  L_train=0.000000 (w*=0.000000)  phi_std=0.000000
      draw 800/800  L_train=0.000000 (w*=0.000000)  phi_std=0.000000
    chi[1,1]: mean=0.00e+00  std=0.00e+00  L_train mean=0.000000  L_train std=0.000000  L_train(w*)=0.000000
  layer=1 head=2
      draw 100/800  L_train=0.000000 (w*=0.000000)  phi_std=0.000000
      draw 200/800  L_train=0.000000 (w*=0.000000)  phi_std=0.000000
      draw 300/800  L_train=0.000000 (w*=0.000000)  phi_std=0.000000
      draw 400/800  L_train=0.000000 (w*=0.000000)  phi_std=0.000000
      draw 500/800  L_train=0.000000 (w*=0.000000)  phi_std=0.000000
      draw 600/800  L_train=0.000000 (w*=0.000000)  phi_std=0.000000
      draw 700/800  L_train=0.000000 (w*=0.000000)  phi_std=0.000000
      draw 800/800  L_train=0.000000 (w*=0.000000)  phi_std=0.000000
    chi[1,2]: mean=0.00e+00  std=0.00e+00  L_train mean=0.000000  L_train std=0.000000  L_train(w*)=0.000000
  layer=1 head=3
      draw 100/800  L_train=0.000000 (w*=0.000000)  phi_std=0.000000
      draw 200/800  L_train=0.000000 (w*=0.000000)  phi_std=0.000000
      draw 300/800  L_train=0.000000 (w*=0.000000)  phi_std=0.000000
      draw 400/800  L_train=0.000000 (w*=0.000000)  phi_std=0.000000
      draw 500/800  L_train=0.000000 (w*=0.000000)  phi_std=0.000000
      draw 600/800  L_train=0.000000 (w*=0.000000)  phi_std=0.000000
      draw 700/800  L_train=0.000000 (w*=0.000000)  phi_std=0.000000
      draw 800/800  L_train=0.000000 (w*=0.000000)  phi_std=0.000000
    chi[1,3]: mean=0.00e+00  std=0.00e+00  L_train mean=0.000000  L_train std=0.000000  L_train(w*)=0.000000
  layer=2 head=0
      draw 100/800  L_train=0.000000 (w*=0.000000)  phi_std=0.000000
      draw 200/800  L_train=0.000000 (w*=0.000000)  phi_std=0.000000
      draw 300/800  L_train=0.000000 (w*=0.000000)  phi_std=0.000000
      draw 400/800  L_train=0.000000 (w*=0.000000)  phi_std=0.000000
      draw 500/800  L_train=0.000000 (w*=0.000000)  phi_std=0.000000
      draw 600/800  L_train=0.000000 (w*=0.000000)  phi_std=0.000000
      draw 700/800  L_train=0.000000 (w*=0.000000)  phi_std=0.000000
      draw 800/800  L_train=0.000000 (w*=0.000000)  phi_std=0.000000
    chi[2,0]: mean=0.00e+00  std=0.00e+00  L_train mean=0.000000  L_train std=0.000000  L_train(w*)=0.000000
  layer=2 head=1
      draw 100/800  L_train=0.000000 (w*=0.000000)  phi_std=0.000000
      draw 200/800  L_train=0.000000 (w*=0.000000)  phi_std=0.000000
      draw 300/800  L_train=0.000000 (w*=0.000000)  phi_std=0.000000
      draw 400/800  L_train=0.000000 (w*=0.000000)  phi_std=0.000000
      draw 500/800  L_train=0.000000 (w*=0.000000)  phi_std=0.000000
      draw 600/800  L_train=0.000000 (w*=0.000000)  phi_std=0.000000
      draw 700/800  L_train=0.000000 (w*=0.000000)  phi_std=0.000000
      draw 800/800  L_train=0.000000 (w*=0.000000)  phi_std=0.000000
    chi[2,1]: mean=0.00e+00  std=0.00e+00  L_train mean=0.000000  L_train std=0.000000  L_train(w*)=0.000000
  layer=2 head=2
      draw 100/800  L_train=0.000000 (w*=0.000000)  phi_std=0.000000
      draw 200/800  L_train=0.000000 (w*=0.000000)  phi_std=0.000000
      draw 300/800  L_train=0.000000 (w*=0.000000)  phi_std=0.000000
      draw 400/800  L_train=0.000000 (w*=0.000000)  phi_std=0.000000
      draw 500/800  L_train=0.000000 (w*=0.000000)  phi_std=0.000000
      draw 600/800  L_train=0.000000 (w*=0.000000)  phi_std=0.000000
      draw 700/800  L_train=0.000000 (w*=0.000000)  phi_std=0.000000
      draw 800/800  L_train=0.000000 (w*=0.000000)  phi_std=0.000000
    chi[2,2]: mean=0.00e+00  std=0.00e+00  L_train mean=0.000000  L_train std=0.000000  L_train(w*)=0.000000
  layer=2 head=3
      draw 100/800  L_train=0.000000 (w*=0.000000)  phi_std=0.000000
      draw 200/800  L_train=0.000000 (w*=0.000000)  phi_std=0.000000
      draw 300/800  L_train=0.000000 (w*=0.000000)  phi_std=0.000000
      draw 400/800  L_train=0.000000 (w*=0.000000)  phi_std=0.000000
      draw 500/800  L_train=0.000000 (w*=0.000000)  phi_std=0.000000
      draw 600/800  L_train=0.000000 (w*=0.000000)  phi_std=0.000000
      draw 700/800  L_train=0.000000 (w*=0.000000)  phi_std=0.000000
      draw 800/800  L_train=0.000000 (w*=0.000000)  phi_std=0.000000
    chi[2,3]: mean=0.00e+00  std=0.00e+00  L_train mean=0.000000  L_train std=0.000000  L_train(w*)=0.000000
  Saved /root/id-predict-ood/cptsusceptibility/results/c6962a2b_cpt.npy  shape=(3, 4, 200)

[22/25] model d075a9c5
  layer=0 head=0
      draw 100/800  L_train=0.000000 (w*=0.000000)  phi_std=0.000000
      draw 200/800  L_train=0.000000 (w*=0.000000)  phi_std=0.000000
      draw 300/800  L_train=0.000000 (w*=0.000000)  phi_std=0.000000
      draw 400/800  L_train=0.000000 (w*=0.000000)  phi_std=0.000000
      draw 500/800  L_train=0.000000 (w*=0.000000)  phi_std=0.000000
      draw 600/800  L_train=0.000000 (w*=0.000000)  phi_std=0.000000
      draw 700/800  L_train=0.000000 (w*=0.000000)  phi_std=0.000000
      draw 800/800  L_train=0.000000 (w*=0.000000)  phi_std=0.000000
    chi[0,0]: mean=0.00e+00  std=0.00e+00  L_train mean=0.000000  L_train std=0.000000  L_train(w*)=0.000000
  layer=0 head=1
      draw 100/800  L_train=0.000000 (w*=0.000000)  phi_std=0.000000
      draw 200/800  L_train=0.000000 (w*=0.000000)  phi_std=0.000000
      draw 300/800  L_train=0.000000 (w*=0.000000)  phi_std=0.000000
      draw 400/800  L_train=0.000000 (w*=0.000000)  phi_std=0.000000
      draw 500/800  L_train=0.000000 (w*=0.000000)  phi_std=0.000000
      draw 600/800  L_train=0.000000 (w*=0.000000)  phi_std=0.000000
      draw 700/800  L_train=0.000000 (w*=0.000000)  phi_std=0.000000
      draw 800/800  L_train=0.000000 (w*=0.000000)  phi_std=0.000000
    chi[0,1]: mean=0.00e+00  std=0.00e+00  L_train mean=0.000000  L_train std=0.000000  L_train(w*)=0.000000
  layer=0 head=2
      draw 100/800  L_train=0.000000 (w*=0.000000)  phi_std=0.000000
      draw 200/800  L_train=0.000000 (w*=0.000000)  phi_std=0.000000
      draw 300/800  L_train=0.000000 (w*=0.000000)  phi_std=0.000000
      draw 400/800  L_train=0.000000 (w*=0.000000)  phi_std=0.000000
      draw 500/800  L_train=0.000000 (w*=0.000000)  phi_std=0.000000
      draw 600/800  L_train=0.000000 (w*=0.000000)  phi_std=0.000000
      draw 700/800  L_train=0.000000 (w*=0.000000)  phi_std=0.000000
      draw 800/800  L_train=0.000000 (w*=0.000000)  phi_std=0.000000
    chi[0,2]: mean=0.00e+00  std=0.00e+00  L_train mean=0.000000  L_train std=0.000000  L_train(w*)=0.000000
  layer=0 head=3
      draw 100/800  L_train=0.000000 (w*=0.000000)  phi_std=0.000000
      draw 200/800  L_train=0.000000 (w*=0.000000)  phi_std=0.000000
      draw 300/800  L_train=0.000000 (w*=0.000000)  phi_std=0.000000
      draw 400/800  L_train=0.000000 (w*=0.000000)  phi_std=0.000000
      draw 500/800  L_train=0.000000 (w*=0.000000)  phi_std=0.000000
      draw 600/800  L_train=0.000000 (w*=0.000000)  phi_std=0.000000
      draw 700/800  L_train=0.000000 (w*=0.000000)  phi_std=0.000000
      draw 800/800  L_train=0.000000 (w*=0.000000)  phi_std=0.000000
    chi[0,3]: mean=0.00e+00  std=0.00e+00  L_train mean=0.000000  L_train std=0.000000  L_train(w*)=0.000000
  layer=1 head=0
      draw 100/800  L_train=0.000000 (w*=0.000000)  phi_std=0.000000
      draw 200/800  L_train=0.000000 (w*=0.000000)  phi_std=0.000000
      draw 300/800  L_train=0.000000 (w*=0.000000)  phi_std=0.000000
      draw 400/800  L_train=0.000000 (w*=0.000000)  phi_std=0.000000
      draw 500/800  L_train=0.000000 (w*=0.000000)  phi_std=0.000000
      draw 600/800  L_train=0.000000 (w*=0.000000)  phi_std=0.000000
      draw 700/800  L_train=0.000000 (w*=0.000000)  phi_std=0.000000
      draw 800/800  L_train=0.000000 (w*=0.000000)  phi_std=0.000000
    chi[1,0]: mean=5.41e-09  std=3.85e-09  L_train mean=0.000000  L_train std=0.000000  L_train(w*)=0.000000
  layer=1 head=1
      draw 100/800  L_train=0.000000 (w*=0.000000)  phi_std=0.000000
      draw 200/800  L_train=0.000000 (w*=0.000000)  phi_std=0.000000
      draw 300/800  L_train=0.000000 (w*=0.000000)  phi_std=0.000000
      draw 400/800  L_train=0.000000 (w*=0.000000)  phi_std=0.000000
      draw 500/800  L_train=0.000000 (w*=0.000000)  phi_std=0.000000
      draw 600/800  L_train=0.000000 (w*=0.000000)  phi_std=0.000000
      draw 700/800  L_train=0.000000 (w*=0.000000)  phi_std=0.000000
      draw 800/800  L_train=0.000000 (w*=0.000000)  phi_std=0.000000
    chi[1,1]: mean=5.26e-12  std=4.94e-12  L_train mean=0.000000  L_train std=0.000000  L_train(w*)=0.000000
  layer=1 head=2
      draw 100/800  L_train=0.000000 (w*=0.000000)  phi_std=0.000000
      draw 200/800  L_train=0.000000 (w*=0.000000)  phi_std=0.000000
      draw 300/800  L_train=0.000000 (w*=0.000000)  phi_std=0.000000
      draw 400/800  L_train=0.000000 (w*=0.000000)  phi_std=0.000000
      draw 500/800  L_train=0.000000 (w*=0.000000)  phi_std=0.000000
      draw 600/800  L_train=0.000000 (w*=0.000000)  phi_std=0.000000
      draw 700/800  L_train=0.000000 (w*=0.000000)  phi_std=0.000000
      draw 800/800  L_train=0.000000 (w*=0.000000)  phi_std=0.000000
    chi[1,2]: mean=0.00e+00  std=0.00e+00  L_train mean=0.000000  L_train std=0.000000  L_train(w*)=0.000000
  layer=1 head=3
      draw 100/800  L_train=0.000000 (w*=0.000000)  phi_std=0.000000
      draw 200/800  L_train=0.000000 (w*=0.000000)  phi_std=0.000000
      draw 300/800  L_train=0.000000 (w*=0.000000)  phi_std=0.000000
      draw 400/800  L_train=0.000000 (w*=0.000000)  phi_std=0.000000
      draw 500/800  L_train=0.000000 (w*=0.000000)  phi_std=0.000000
      draw 600/800  L_train=0.000000 (w*=0.000000)  phi_std=0.000000
      draw 700/800  L_train=0.000000 (w*=0.000000)  phi_std=0.000000
      draw 800/800  L_train=0.000000 (w*=0.000000)  phi_std=0.000000
    chi[1,3]: mean=0.00e+00  std=0.00e+00  L_train mean=0.000000  L_train std=0.000000  L_train(w*)=0.000000
  layer=2 head=0
      draw 100/800  L_train=0.000000 (w*=0.000000)  phi_std=0.000000
      draw 200/800  L_train=0.000000 (w*=0.000000)  phi_std=0.000000
      draw 300/800  L_train=0.000000 (w*=0.000000)  phi_std=0.000000
      draw 400/800  L_train=0.000000 (w*=0.000000)  phi_std=0.000000
      draw 500/800  L_train=0.000000 (w*=0.000000)  phi_std=0.000000
      draw 600/800  L_train=0.000000 (w*=0.000000)  phi_std=0.000000
      draw 700/800  L_train=0.000000 (w*=0.000000)  phi_std=0.000000
      draw 800/800  L_train=0.000000 (w*=0.000000)  phi_std=0.000000
    chi[2,0]: mean=0.00e+00  std=0.00e+00  L_train mean=0.000000  L_train std=0.000000  L_train(w*)=0.000000
  layer=2 head=1
      draw 100/800  L_train=0.000000 (w*=0.000000)  phi_std=0.000000
      draw 200/800  L_train=0.000000 (w*=0.000000)  phi_std=0.000000
      draw 300/800  L_train=0.000000 (w*=0.000000)  phi_std=0.000000
      draw 400/800  L_train=0.000000 (w*=0.000000)  phi_std=0.000000
      draw 500/800  L_train=0.000000 (w*=0.000000)  phi_std=0.000000
      draw 600/800  L_train=0.000000 (w*=0.000000)  phi_std=0.000000
      draw 700/800  L_train=0.000000 (w*=0.000000)  phi_std=0.000000
      draw 800/800  L_train=0.000000 (w*=0.000000)  phi_std=0.000000
    chi[2,1]: mean=0.00e+00  std=0.00e+00  L_train mean=0.000000  L_train std=0.000000  L_train(w*)=0.000000
  layer=2 head=2
      draw 100/800  L_train=0.000000 (w*=0.000000)  phi_std=0.000000
      draw 200/800  L_train=0.000000 (w*=0.000000)  phi_std=0.000000
      draw 300/800  L_train=0.000000 (w*=0.000000)  phi_std=0.000000
      draw 400/800  L_train=0.000000 (w*=0.000000)  phi_std=0.000000
      draw 500/800  L_train=0.000000 (w*=0.000000)  phi_std=0.000000
      draw 600/800  L_train=0.000000 (w*=0.000000)  phi_std=0.000000
      draw 700/800  L_train=0.000000 (w*=0.000000)  phi_std=0.000000
      draw 800/800  L_train=0.000000 (w*=0.000000)  phi_std=0.000000
    chi[2,2]: mean=0.00e+00  std=0.00e+00  L_train mean=0.000000  L_train std=0.000000  L_train(w*)=0.000000
  layer=2 head=3
      draw 100/800  L_train=0.000000 (w*=0.000000)  phi_std=0.000000
      draw 200/800  L_train=0.000000 (w*=0.000000)  phi_std=0.000000
      draw 300/800  L_train=0.000000 (w*=0.000000)  phi_std=0.000000
      draw 400/800  L_train=0.000000 (w*=0.000000)  phi_std=0.000000
      draw 500/800  L_train=0.000000 (w*=0.000000)  phi_std=0.000000
      draw 600/800  L_train=0.000000 (w*=0.000000)  phi_std=0.000000
      draw 700/800  L_train=0.000000 (w*=0.000000)  phi_std=0.000000
      draw 800/800  L_train=0.000000 (w*=0.000000)  phi_std=0.000000
    chi[2,3]: mean=0.00e+00  std=0.00e+00  L_train mean=0.000000  L_train std=0.000000  L_train(w*)=0.000000
  Saved /root/id-predict-ood/cptsusceptibility/results/d075a9c5_cpt.npy  shape=(3, 4, 200)

[23/25] model e2aac34f
  layer=0 head=0
      draw 100/800  L_train=0.000000 (w*=0.000000)  phi_std=0.000000
      draw 200/800  L_train=0.000000 (w*=0.000000)  phi_std=0.000000
      draw 300/800  L_train=0.000000 (w*=0.000000)  phi_std=0.000000
      draw 400/800  L_train=0.000000 (w*=0.000000)  phi_std=0.000000
      draw 500/800  L_train=0.000000 (w*=0.000000)  phi_std=0.000000
      draw 600/800  L_train=0.000000 (w*=0.000000)  phi_std=0.000000
      draw 700/800  L_train=0.000000 (w*=0.000000)  phi_std=0.000000
      draw 800/800  L_train=0.000000 (w*=0.000000)  phi_std=0.000000
    chi[0,0]: mean=0.00e+00  std=0.00e+00  L_train mean=0.000000  L_train std=0.000000  L_train(w*)=0.000000
  layer=0 head=1
      draw 100/800  L_train=0.000000 (w*=0.000000)  phi_std=0.000000
      draw 200/800  L_train=0.000000 (w*=0.000000)  phi_std=0.000000
      draw 300/800  L_train=0.000000 (w*=0.000000)  phi_std=0.000000
      draw 400/800  L_train=0.000000 (w*=0.000000)  phi_std=0.000000
      draw 500/800  L_train=0.000000 (w*=0.000000)  phi_std=0.000000
      draw 600/800  L_train=0.000000 (w*=0.000000)  phi_std=0.000000
      draw 700/800  L_train=0.000000 (w*=0.000000)  phi_std=0.000000
      draw 800/800  L_train=0.000000 (w*=0.000000)  phi_std=0.000000
    chi[0,1]: mean=0.00e+00  std=0.00e+00  L_train mean=0.000000  L_train std=0.000000  L_train(w*)=0.000000
  layer=0 head=2
      draw 100/800  L_train=0.000000 (w*=0.000000)  phi_std=0.000000
      draw 200/800  L_train=0.000000 (w*=0.000000)  phi_std=0.000000
      draw 300/800  L_train=0.000000 (w*=0.000000)  phi_std=0.000000
      draw 400/800  L_train=0.000000 (w*=0.000000)  phi_std=0.000000
      draw 500/800  L_train=0.000000 (w*=0.000000)  phi_std=0.000000
      draw 600/800  L_train=0.000000 (w*=0.000000)  phi_std=0.000000
      draw 700/800  L_train=0.000000 (w*=0.000000)  phi_std=0.000000
      draw 800/800  L_train=0.000000 (w*=0.000000)  phi_std=0.000000
    chi[0,2]: mean=0.00e+00  std=0.00e+00  L_train mean=0.000000  L_train std=0.000000  L_train(w*)=0.000000
  layer=0 head=3
      draw 100/800  L_train=0.000000 (w*=0.000000)  phi_std=0.000000
      draw 200/800  L_train=0.000000 (w*=0.000000)  phi_std=0.000000
      draw 300/800  L_train=0.000000 (w*=0.000000)  phi_std=0.000000
      draw 400/800  L_train=0.000000 (w*=0.000000)  phi_std=0.000000
      draw 500/800  L_train=0.000000 (w*=0.000000)  phi_std=0.000000
      draw 600/800  L_train=0.000000 (w*=0.000000)  phi_std=0.000000
      draw 700/800  L_train=0.000000 (w*=0.000000)  phi_std=0.000000
      draw 800/800  L_train=0.000000 (w*=0.000000)  phi_std=0.000000
    chi[0,3]: mean=0.00e+00  std=0.00e+00  L_train mean=0.000000  L_train std=0.000000  L_train(w*)=0.000000
  layer=1 head=0
      draw 100/800  L_train=0.000000 (w*=0.000000)  phi_std=0.000000
      draw 200/800  L_train=0.000000 (w*=0.000000)  phi_std=0.000000
      draw 300/800  L_train=0.000000 (w*=0.000000)  phi_std=0.000000
      draw 400/800  L_train=0.000000 (w*=0.000000)  phi_std=0.000000
      draw 500/800  L_train=0.000000 (w*=0.000000)  phi_std=0.000000
      draw 600/800  L_train=0.000000 (w*=0.000000)  phi_std=0.000000
      draw 700/800  L_train=0.000000 (w*=0.000000)  phi_std=0.000000
      draw 800/800  L_train=0.000000 (w*=0.000000)  phi_std=0.000000
    chi[1,0]: mean=0.00e+00  std=0.00e+00  L_train mean=0.000000  L_train std=0.000000  L_train(w*)=0.000000
  layer=1 head=1
      draw 100/800  L_train=0.000000 (w*=0.000000)  phi_std=0.000000
      draw 200/800  L_train=0.000000 (w*=0.000000)  phi_std=0.000000
      draw 300/800  L_train=0.000000 (w*=0.000000)  phi_std=0.000000
      draw 400/800  L_train=0.000000 (w*=0.000000)  phi_std=0.000000
      draw 500/800  L_train=0.000000 (w*=0.000000)  phi_std=0.000000
      draw 600/800  L_train=0.000000 (w*=0.000000)  phi_std=0.000000
      draw 700/800  L_train=0.000000 (w*=0.000000)  phi_std=0.000000
      draw 800/800  L_train=0.000000 (w*=0.000000)  phi_std=0.000000
    chi[1,1]: mean=0.00e+00  std=0.00e+00  L_train mean=0.000000  L_train std=0.000000  L_train(w*)=0.000000
  layer=1 head=2
      draw 100/800  L_train=0.000000 (w*=0.000000)  phi_std=0.000000
      draw 200/800  L_train=0.000000 (w*=0.000000)  phi_std=0.000000
      draw 300/800  L_train=0.000000 (w*=0.000000)  phi_std=0.000000
      draw 400/800  L_train=0.000000 (w*=0.000000)  phi_std=0.000000
      draw 500/800  L_train=0.000000 (w*=0.000000)  phi_std=0.000000
      draw 600/800  L_train=0.000000 (w*=0.000000)  phi_std=0.000000
      draw 700/800  L_train=0.000000 (w*=0.000000)  phi_std=0.000000
      draw 800/800  L_train=0.000000 (w*=0.000000)  phi_std=0.000000
    chi[1,2]: mean=0.00e+00  std=0.00e+00  L_train mean=0.000000  L_train std=0.000000  L_train(w*)=0.000000
  layer=1 head=3
      draw 100/800  L_train=0.000000 (w*=0.000000)  phi_std=0.000000
      draw 200/800  L_train=0.000000 (w*=0.000000)  phi_std=0.000000
      draw 300/800  L_train=0.000000 (w*=0.000000)  phi_std=0.000000
      draw 400/800  L_train=0.000000 (w*=0.000000)  phi_std=0.000000
      draw 500/800  L_train=0.000000 (w*=0.000000)  phi_std=0.000000
      draw 600/800  L_train=0.000000 (w*=0.000000)  phi_std=0.000000
      draw 700/800  L_train=0.000000 (w*=0.000000)  phi_std=0.000000
      draw 800/800  L_train=0.000000 (w*=0.000000)  phi_std=0.000000
    chi[1,3]: mean=0.00e+00  std=0.00e+00  L_train mean=0.000000  L_train std=0.000000  L_train(w*)=0.000000
  layer=2 head=0
      draw 100/800  L_train=0.000000 (w*=0.000000)  phi_std=0.000000
      draw 200/800  L_train=0.000000 (w*=0.000000)  phi_std=0.000000
      draw 300/800  L_train=0.000000 (w*=0.000000)  phi_std=0.000000
      draw 400/800  L_train=0.000000 (w*=0.000000)  phi_std=0.000000
      draw 500/800  L_train=0.000000 (w*=0.000000)  phi_std=0.000000
      draw 600/800  L_train=0.000000 (w*=0.000000)  phi_std=0.000000
      draw 700/800  L_train=0.000000 (w*=0.000000)  phi_std=0.000000
      draw 800/800  L_train=0.000000 (w*=0.000000)  phi_std=0.000000
    chi[2,0]: mean=0.00e+00  std=0.00e+00  L_train mean=0.000000  L_train std=0.000000  L_train(w*)=0.000000
  layer=2 head=1
      draw 100/800  L_train=0.000000 (w*=0.000000)  phi_std=0.000000
      draw 200/800  L_train=0.000000 (w*=0.000000)  phi_std=0.000000
      draw 300/800  L_train=0.000000 (w*=0.000000)  phi_std=0.000000
      draw 400/800  L_train=0.000000 (w*=0.000000)  phi_std=0.000000
      draw 500/800  L_train=0.000000 (w*=0.000000)  phi_std=0.000000
      draw 600/800  L_train=0.000000 (w*=0.000000)  phi_std=0.000000
      draw 700/800  L_train=0.000000 (w*=0.000000)  phi_std=0.000000
      draw 800/800  L_train=0.000000 (w*=0.000000)  phi_std=0.000000
    chi[2,1]: mean=0.00e+00  std=0.00e+00  L_train mean=0.000000  L_train std=0.000000  L_train(w*)=0.000000
  layer=2 head=2
      draw 100/800  L_train=0.000000 (w*=0.000000)  phi_std=0.000000
      draw 200/800  L_train=0.000000 (w*=0.000000)  phi_std=0.000000
      draw 300/800  L_train=0.000000 (w*=0.000000)  phi_std=0.000000
      draw 400/800  L_train=0.000000 (w*=0.000000)  phi_std=0.000000
      draw 500/800  L_train=0.000000 (w*=0.000000)  phi_std=0.000000
      draw 600/800  L_train=0.000000 (w*=0.000000)  phi_std=0.000000
      draw 700/800  L_train=0.000000 (w*=0.000000)  phi_std=0.000000
      draw 800/800  L_train=0.000000 (w*=0.000000)  phi_std=0.000000
    chi[2,2]: mean=0.00e+00  std=0.00e+00  L_train mean=0.000000  L_train std=0.000000  L_train(w*)=0.000000
  layer=2 head=3
      draw 100/800  L_train=0.000000 (w*=0.000000)  phi_std=0.000000
      draw 200/800  L_train=0.000000 (w*=0.000000)  phi_std=0.000000
      draw 300/800  L_train=0.000000 (w*=0.000000)  phi_std=0.000000
      draw 400/800  L_train=0.000000 (w*=0.000000)  phi_std=0.000000
      draw 500/800  L_train=0.000000 (w*=0.000000)  phi_std=0.000000
      draw 600/800  L_train=0.000000 (w*=0.000000)  phi_std=0.000000
      draw 700/800  L_train=0.000000 (w*=0.000000)  phi_std=0.000000
      draw 800/800  L_train=0.000000 (w*=0.000000)  phi_std=0.000000
    chi[2,3]: mean=0.00e+00  std=0.00e+00  L_train mean=0.000000  L_train std=0.000000  L_train(w*)=0.000000
  Saved /root/id-predict-ood/cptsusceptibility/results/e2aac34f_cpt.npy  shape=(3, 4, 200)

[24/25] model f76c70bd
  layer=0 head=0
      draw 100/800  L_train=0.000031 (w*=0.000031)  phi_std=0.000004
      draw 200/800  L_train=0.000035 (w*=0.000031)  phi_std=0.000003
      draw 300/800  L_train=0.000034 (w*=0.000031)  phi_std=0.000003
      draw 400/800  L_train=0.000033 (w*=0.000031)  phi_std=0.000003
      draw 500/800  L_train=0.000034 (w*=0.000031)  phi_std=0.000003
      draw 600/800  L_train=0.000031 (w*=0.000031)  phi_std=0.000003
      draw 700/800  L_train=0.000034 (w*=0.000031)  phi_std=0.000003
      draw 800/800  L_train=0.000032 (w*=0.000031)  phi_std=0.000003
    chi[0,0]: mean=-1.14e-07  std=3.00e-07  L_train mean=0.000033  L_train std=0.000003  L_train(w*)=0.000031
  layer=0 head=1
      draw 100/800  L_train=0.000043 (w*=0.000031)  phi_std=0.000013
      draw 200/800  L_train=0.000063 (w*=0.000031)  phi_std=0.000015
      draw 300/800  L_train=0.000040 (w*=0.000031)  phi_std=0.000014
      draw 400/800  L_train=0.000033 (w*=0.000031)  phi_std=0.000014
      draw 500/800  L_train=0.000052 (w*=0.000031)  phi_std=0.000013
      draw 600/800  L_train=0.000169 (w*=0.000031)  phi_std=0.000020
      draw 700/800  L_train=0.000042 (w*=0.000031)  phi_std=0.000022
      draw 800/800  L_train=0.000029 (w*=0.000031)  phi_std=0.000021
    chi[0,1]: mean=1.59e-06  std=3.00e-06  L_train mean=0.000048  L_train std=0.000021  L_train(w*)=0.000031
  layer=0 head=2
      draw 100/800  L_train=0.000034 (w*=0.000031)  phi_std=0.000002
      draw 200/800  L_train=0.000031 (w*=0.000031)  phi_std=0.000002
      draw 300/800  L_train=0.000027 (w*=0.000031)  phi_std=0.000002
      draw 400/800  L_train=0.000032 (w*=0.000031)  phi_std=0.000004
      draw 500/800  L_train=0.000045 (w*=0.000031)  phi_std=0.000004
      draw 600/800  L_train=0.000038 (w*=0.000031)  phi_std=0.000005
      draw 700/800  L_train=0.000033 (w*=0.000031)  phi_std=0.000005
      draw 800/800  L_train=0.000038 (w*=0.000031)  phi_std=0.000005
    chi[0,2]: mean=4.37e-07  std=7.65e-07  L_train mean=0.000035  L_train std=0.000005  L_train(w*)=0.000031
  layer=0 head=3
      draw 100/800  L_train=0.000029 (w*=0.000031)  phi_std=0.000002
      draw 200/800  L_train=0.000030 (w*=0.000031)  phi_std=0.000002
      draw 300/800  L_train=0.000029 (w*=0.000031)  phi_std=0.000005
      draw 400/800  L_train=0.000027 (w*=0.000031)  phi_std=0.000005
      draw 500/800  L_train=0.000043 (w*=0.000031)  phi_std=0.000005
      draw 600/800  L_train=0.000031 (w*=0.000031)  phi_std=0.000006
      draw 700/800  L_train=0.000034 (w*=0.000031)  phi_std=0.000008
      draw 800/800  L_train=0.000037 (w*=0.000031)  phi_std=0.000009
    chi[0,3]: mean=-6.40e-08  std=7.52e-07  L_train mean=0.000036  L_train std=0.000009  L_train(w*)=0.000031
  layer=1 head=0
      draw 100/800  L_train=0.000030 (w*=0.000031)  phi_std=0.000000
      draw 200/800  L_train=0.000032 (w*=0.000031)  phi_std=0.000001
      draw 300/800  L_train=0.000032 (w*=0.000031)  phi_std=0.000002
      draw 400/800  L_train=0.000032 (w*=0.000031)  phi_std=0.000001
      draw 500/800  L_train=0.000030 (w*=0.000031)  phi_std=0.000001
      draw 600/800  L_train=0.000030 (w*=0.000031)  phi_std=0.000001
      draw 700/800  L_train=0.000030 (w*=0.000031)  phi_std=0.000001
      draw 800/800  L_train=0.000031 (w*=0.000031)  phi_std=0.000001
    chi[1,0]: mean=-2.91e-09  std=1.90e-08  L_train mean=0.000031  L_train std=0.000001  L_train(w*)=0.000031
  layer=1 head=1
      draw 100/800  L_train=0.000030 (w*=0.000031)  phi_std=0.000000
      draw 200/800  L_train=0.000031 (w*=0.000031)  phi_std=0.000000
      draw 300/800  L_train=0.000032 (w*=0.000031)  phi_std=0.000000
      draw 400/800  L_train=0.000032 (w*=0.000031)  phi_std=0.000001
      draw 500/800  L_train=0.000032 (w*=0.000031)  phi_std=0.000001
      draw 600/800  L_train=0.000031 (w*=0.000031)  phi_std=0.000001
      draw 700/800  L_train=0.000031 (w*=0.000031)  phi_std=0.000001
      draw 800/800  L_train=0.000031 (w*=0.000031)  phi_std=0.000001
    chi[1,1]: mean=5.49e-11  std=4.11e-09  L_train mean=0.000031  L_train std=0.000001  L_train(w*)=0.000031
  layer=1 head=2
      draw 100/800  L_train=0.000031 (w*=0.000031)  phi_std=0.000001
      draw 200/800  L_train=0.000033 (w*=0.000031)  phi_std=0.000001
      draw 300/800  L_train=0.000028 (w*=0.000031)  phi_std=0.000001
      draw 400/800  L_train=0.000029 (w*=0.000031)  phi_std=0.000001
      draw 500/800  L_train=0.000032 (w*=0.000031)  phi_std=0.000001
      draw 600/800  L_train=0.000032 (w*=0.000031)  phi_std=0.000001
      draw 700/800  L_train=0.000032 (w*=0.000031)  phi_std=0.000001
      draw 800/800  L_train=0.000032 (w*=0.000031)  phi_std=0.000001
    chi[1,2]: mean=-5.61e-09  std=1.66e-08  L_train mean=0.000031  L_train std=0.000001  L_train(w*)=0.000031
  layer=1 head=3
      draw 100/800  L_train=0.000030 (w*=0.000031)  phi_std=0.000001
      draw 200/800  L_train=0.000031 (w*=0.000031)  phi_std=0.000001
      draw 300/800  L_train=0.000032 (w*=0.000031)  phi_std=0.000001
      draw 400/800  L_train=0.000032 (w*=0.000031)  phi_std=0.000001
      draw 500/800  L_train=0.000031 (w*=0.000031)  phi_std=0.000001
      draw 600/800  L_train=0.000029 (w*=0.000031)  phi_std=0.000001
      draw 700/800  L_train=0.000029 (w*=0.000031)  phi_std=0.000001
      draw 800/800  L_train=0.000031 (w*=0.000031)  phi_std=0.000001
    chi[1,3]: mean=-2.89e-09  std=9.14e-09  L_train mean=0.000031  L_train std=0.000001  L_train(w*)=0.000031
  layer=2 head=0
      draw 100/800  L_train=0.000030 (w*=0.000031)  phi_std=0.000001
      draw 200/800  L_train=0.000032 (w*=0.000031)  phi_std=0.000001
      draw 300/800  L_train=0.000033 (w*=0.000031)  phi_std=0.000001
      draw 400/800  L_train=0.000032 (w*=0.000031)  phi_std=0.000001
      draw 500/800  L_train=0.000032 (w*=0.000031)  phi_std=0.000001
      draw 600/800  L_train=0.000032 (w*=0.000031)  phi_std=0.000001
      draw 700/800  L_train=0.000034 (w*=0.000031)  phi_std=0.000002
      draw 800/800  L_train=0.000029 (w*=0.000031)  phi_std=0.000002
    chi[2,0]: mean=-2.61e-08  std=3.33e-08  L_train mean=0.000032  L_train std=0.000002  L_train(w*)=0.000031
  layer=2 head=1
      draw 100/800  L_train=0.000031 (w*=0.000031)  phi_std=0.000001
      draw 200/800  L_train=0.000029 (w*=0.000031)  phi_std=0.000001
      draw 300/800  L_train=0.000031 (w*=0.000031)  phi_std=0.000001
      draw 400/800  L_train=0.000031 (w*=0.000031)  phi_std=0.000001
      draw 500/800  L_train=0.000031 (w*=0.000031)  phi_std=0.000001
      draw 600/800  L_train=0.000032 (w*=0.000031)  phi_std=0.000001
      draw 700/800  L_train=0.000031 (w*=0.000031)  phi_std=0.000001
      draw 800/800  L_train=0.000030 (w*=0.000031)  phi_std=0.000001
    chi[2,1]: mean=-1.89e-08  std=2.25e-08  L_train mean=0.000030  L_train std=0.000001  L_train(w*)=0.000031
  layer=2 head=2
      draw 100/800  L_train=0.000031 (w*=0.000031)  phi_std=0.000001
      draw 200/800  L_train=0.000029 (w*=0.000031)  phi_std=0.000001
      draw 300/800  L_train=0.000029 (w*=0.000031)  phi_std=0.000001
      draw 400/800  L_train=0.000030 (w*=0.000031)  phi_std=0.000001
      draw 500/800  L_train=0.000030 (w*=0.000031)  phi_std=0.000001
      draw 600/800  L_train=0.000029 (w*=0.000031)  phi_std=0.000001
      draw 700/800  L_train=0.000031 (w*=0.000031)  phi_std=0.000001
      draw 800/800  L_train=0.000033 (w*=0.000031)  phi_std=0.000001
    chi[2,2]: mean=-3.45e-08  std=4.06e-08  L_train mean=0.000030  L_train std=0.000001  L_train(w*)=0.000031
  layer=2 head=3
      draw 100/800  L_train=0.000030 (w*=0.000031)  phi_std=0.000001
      draw 200/800  L_train=0.000029 (w*=0.000031)  phi_std=0.000001
      draw 300/800  L_train=0.000030 (w*=0.000031)  phi_std=0.000001
      draw 400/800  L_train=0.000030 (w*=0.000031)  phi_std=0.000001
      draw 500/800  L_train=0.000030 (w*=0.000031)  phi_std=0.000001
      draw 600/800  L_train=0.000030 (w*=0.000031)  phi_std=0.000001
      draw 700/800  L_train=0.000030 (w*=0.000031)  phi_std=0.000001
      draw 800/800  L_train=0.000030 (w*=0.000031)  phi_std=0.000001
    chi[2,3]: mean=-2.69e-08  std=3.31e-08  L_train mean=0.000030  L_train std=0.000001  L_train(w*)=0.000031
  Saved /root/id-predict-ood/cptsusceptibility/results/f76c70bd_cpt.npy  shape=(3, 4, 200)

[25/25] model ff2d240d
  layer=0 head=0
      draw 100/800  L_train=0.000000 (w*=0.000000)  phi_std=0.000000
      draw 200/800  L_train=0.000000 (w*=0.000000)  phi_std=0.000000
      draw 300/800  L_train=0.000000 (w*=0.000000)  phi_std=0.000000
      draw 400/800  L_train=0.000000 (w*=0.000000)  phi_std=0.000000
      draw 500/800  L_train=0.000000 (w*=0.000000)  phi_std=0.000000
      draw 600/800  L_train=0.000000 (w*=0.000000)  phi_std=0.000000
      draw 700/800  L_train=0.000000 (w*=0.000000)  phi_std=0.000000
      draw 800/800  L_train=0.000000 (w*=0.000000)  phi_std=0.000000
    chi[0,0]: mean=0.00e+00  std=0.00e+00  L_train mean=0.000000  L_train std=0.000000  L_train(w*)=0.000000
  layer=0 head=1
      draw 100/800  L_train=0.000000 (w*=0.000000)  phi_std=0.000000
      draw 200/800  L_train=0.000000 (w*=0.000000)  phi_std=0.000000
      draw 300/800  L_train=0.000000 (w*=0.000000)  phi_std=0.000000
      draw 400/800  L_train=0.000000 (w*=0.000000)  phi_std=0.000000
      draw 500/800  L_train=0.000000 (w*=0.000000)  phi_std=0.000000
      draw 600/800  L_train=0.000000 (w*=0.000000)  phi_std=0.000000
      draw 700/800  L_train=0.000000 (w*=0.000000)  phi_std=0.000000
      draw 800/800  L_train=0.000000 (w*=0.000000)  phi_std=0.000000
    chi[0,1]: mean=0.00e+00  std=0.00e+00  L_train mean=0.000000  L_train std=0.000000  L_train(w*)=0.000000
  layer=0 head=2
      draw 100/800  L_train=0.000000 (w*=0.000000)  phi_std=0.000000
      draw 200/800  L_train=0.000000 (w*=0.000000)  phi_std=0.000000
      draw 300/800  L_train=0.000000 (w*=0.000000)  phi_std=0.000000
      draw 400/800  L_train=0.000000 (w*=0.000000)  phi_std=0.000000
      draw 500/800  L_train=0.000000 (w*=0.000000)  phi_std=0.000000
      draw 600/800  L_train=0.000000 (w*=0.000000)  phi_std=0.000000
      draw 700/800  L_train=0.000000 (w*=0.000000)  phi_std=0.000000
      draw 800/800  L_train=0.000000 (w*=0.000000)  phi_std=0.000000
    chi[0,2]: mean=0.00e+00  std=0.00e+00  L_train mean=0.000000  L_train std=0.000000  L_train(w*)=0.000000
  layer=0 head=3
      draw 100/800  L_train=0.000000 (w*=0.000000)  phi_std=0.000000
      draw 200/800  L_train=0.000000 (w*=0.000000)  phi_std=0.000000
      draw 300/800  L_train=0.000000 (w*=0.000000)  phi_std=0.000000
      draw 400/800  L_train=0.000000 (w*=0.000000)  phi_std=0.000000
      draw 500/800  L_train=0.000000 (w*=0.000000)  phi_std=0.000000
      draw 600/800  L_train=0.000000 (w*=0.000000)  phi_std=0.000000
      draw 700/800  L_train=0.000000 (w*=0.000000)  phi_std=0.000000
      draw 800/800  L_train=0.000000 (w*=0.000000)  phi_std=0.000000
    chi[0,3]: mean=0.00e+00  std=0.00e+00  L_train mean=0.000000  L_train std=0.000000  L_train(w*)=0.000000
  layer=1 head=0
      draw 100/800  L_train=0.000000 (w*=0.000000)  phi_std=0.000000
      draw 200/800  L_train=0.000000 (w*=0.000000)  phi_std=0.000000
      draw 300/800  L_train=0.000000 (w*=0.000000)  phi_std=0.000000
      draw 400/800  L_train=0.000000 (w*=0.000000)  phi_std=0.000000
      draw 500/800  L_train=0.000000 (w*=0.000000)  phi_std=0.000000
      draw 600/800  L_train=0.000000 (w*=0.000000)  phi_std=0.000000
      draw 700/800  L_train=0.000000 (w*=0.000000)  phi_std=0.000000
      draw 800/800  L_train=0.000000 (w*=0.000000)  phi_std=0.000000
    chi[1,0]: mean=0.00e+00  std=0.00e+00  L_train mean=0.000000  L_train std=0.000000  L_train(w*)=0.000000
  layer=1 head=1
      draw 100/800  L_train=0.000000 (w*=0.000000)  phi_std=0.000000
      draw 200/800  L_train=0.000000 (w*=0.000000)  phi_std=0.000000
      draw 300/800  L_train=0.000000 (w*=0.000000)  phi_std=0.000000
      draw 400/800  L_train=0.000000 (w*=0.000000)  phi_std=0.000000
      draw 500/800  L_train=0.000000 (w*=0.000000)  phi_std=0.000000
      draw 600/800  L_train=0.000000 (w*=0.000000)  phi_std=0.000000
      draw 700/800  L_train=0.000000 (w*=0.000000)  phi_std=0.000000
      draw 800/800  L_train=0.000000 (w*=0.000000)  phi_std=0.000000
    chi[1,1]: mean=0.00e+00  std=0.00e+00  L_train mean=0.000000  L_train std=0.000000  L_train(w*)=0.000000
  layer=1 head=2
      draw 100/800  L_train=0.000000 (w*=0.000000)  phi_std=0.000000
      draw 200/800  L_train=0.000000 (w*=0.000000)  phi_std=0.000000
      draw 300/800  L_train=0.000000 (w*=0.000000)  phi_std=0.000000
      draw 400/800  L_train=0.000000 (w*=0.000000)  phi_std=0.000000
      draw 500/800  L_train=0.000000 (w*=0.000000)  phi_std=0.000000
      draw 600/800  L_train=0.000000 (w*=0.000000)  phi_std=0.000000
      draw 700/800  L_train=0.000000 (w*=0.000000)  phi_std=0.000000
      draw 800/800  L_train=0.000000 (w*=0.000000)  phi_std=0.000000
    chi[1,2]: mean=0.00e+00  std=0.00e+00  L_train mean=0.000000  L_train std=0.000000  L_train(w*)=0.000000
  layer=1 head=3
      draw 100/800  L_train=0.000000 (w*=0.000000)  phi_std=0.000000
      draw 200/800  L_train=0.000000 (w*=0.000000)  phi_std=0.000000
      draw 300/800  L_train=0.000000 (w*=0.000000)  phi_std=0.000000
      draw 400/800  L_train=0.000000 (w*=0.000000)  phi_std=0.000000
      draw 500/800  L_train=0.000000 (w*=0.000000)  phi_std=0.000000
      draw 600/800  L_train=0.000000 (w*=0.000000)  phi_std=0.000000
      draw 700/800  L_train=0.000000 (w*=0.000000)  phi_std=0.000000
      draw 800/800  L_train=0.000000 (w*=0.000000)  phi_std=0.000000
    chi[1,3]: mean=0.00e+00  std=0.00e+00  L_train mean=0.000000  L_train std=0.000000  L_train(w*)=0.000000
  layer=2 head=0
      draw 100/800  L_train=0.000000 (w*=0.000000)  phi_std=0.000000
      draw 200/800  L_train=0.000000 (w*=0.000000)  phi_std=0.000000
      draw 300/800  L_train=0.000000 (w*=0.000000)  phi_std=0.000000
      draw 400/800  L_train=0.000000 (w*=0.000000)  phi_std=0.000000
      draw 500/800  L_train=0.000000 (w*=0.000000)  phi_std=0.000000
      draw 600/800  L_train=0.000000 (w*=0.000000)  phi_std=0.000000
      draw 700/800  L_train=0.000000 (w*=0.000000)  phi_std=0.000000
      draw 800/800  L_train=0.000000 (w*=0.000000)  phi_std=0.000000
    chi[2,0]: mean=0.00e+00  std=0.00e+00  L_train mean=0.000000  L_train std=0.000000  L_train(w*)=0.000000
  layer=2 head=1
      draw 100/800  L_train=0.000000 (w*=0.000000)  phi_std=0.000000
      draw 200/800  L_train=0.000000 (w*=0.000000)  phi_std=0.000000
      draw 300/800  L_train=0.000000 (w*=0.000000)  phi_std=0.000000
      draw 400/800  L_train=0.000000 (w*=0.000000)  phi_std=0.000000
      draw 500/800  L_train=0.000000 (w*=0.000000)  phi_std=0.000000
      draw 600/800  L_train=0.000000 (w*=0.000000)  phi_std=0.000000
      draw 700/800  L_train=0.000000 (w*=0.000000)  phi_std=0.000000
      draw 800/800  L_train=0.000000 (w*=0.000000)  phi_std=0.000000
    chi[2,1]: mean=0.00e+00  std=0.00e+00  L_train mean=0.000000  L_train std=0.000000  L_train(w*)=0.000000
  layer=2 head=2
      draw 100/800  L_train=0.000000 (w*=0.000000)  phi_std=0.000000
      draw 200/800  L_train=0.000000 (w*=0.000000)  phi_std=0.000000
      draw 300/800  L_train=0.000000 (w*=0.000000)  phi_std=0.000000
      draw 400/800  L_train=0.000000 (w*=0.000000)  phi_std=0.000000
      draw 500/800  L_train=0.000000 (w*=0.000000)  phi_std=0.000000
      draw 600/800  L_train=0.000000 (w*=0.000000)  phi_std=0.000000
      draw 700/800  L_train=0.000000 (w*=0.000000)  phi_std=0.000000
      draw 800/800  L_train=0.000000 (w*=0.000000)  phi_std=0.000000
    chi[2,2]: mean=0.00e+00  std=0.00e+00  L_train mean=0.000000  L_train std=0.000000  L_train(w*)=0.000000
  layer=2 head=3
      draw 100/800  L_train=0.000000 (w*=0.000000)  phi_std=0.000000
      draw 200/800  L_train=0.000000 (w*=0.000000)  phi_std=0.000000
      draw 300/800  L_train=0.000000 (w*=0.000000)  phi_std=0.000000
      draw 400/800  L_train=0.000000 (w*=0.000000)  phi_std=0.000000
      draw 500/800  L_train=0.000000 (w*=0.000000)  phi_std=0.000000
      draw 600/800  L_train=0.000000 (w*=0.000000)  phi_std=0.000000
      draw 700/800  L_train=0.000000 (w*=0.000000)  phi_std=0.000000
      draw 800/800  L_train=0.000000 (w*=0.000000)  phi_std=0.000000
    chi[2,3]: mean=0.00e+00  std=0.00e+00  L_train mean=0.000000  L_train std=0.000000  L_train(w*)=0.000000
  Saved /root/id-predict-ood/cptsusceptibility/results/ff2d240d_cpt.npy  shape=(3, 4, 200)

Done.
